[09:20:06] [Paper Plugin Remapper Thread - 1/INFO]: [PluginRemapper] Remapping plugin 'plugins/worldguard-bukkit-7.0.12-dist.jar'...
[09:20:09] [Paper Plugin Remapper Thread - 1/INFO]: [PluginRemapper] Done remapping plugin 'plugins/worldguard-bukkit-7.0.12-dist.jar' in 2432ms.
[09:20:17] [ServerMain/WARN]: resource-pack-id missing, using default of 4610f1da-b6fb-3c72-be91-6f89d74f145c
[09:20:17] [ServerMain/INFO]: Environment: Environment[sessionHost=https://sessionserver.mojang.com, servicesHost=https://api.minecraftservices.com, name=PROD]
[09:20:19] [Worker-Main-1/WARN]: Found loot table element validation problem in {minecraft:loot_table/nmr:automaticons/stone_tier}.pools[0].entries[4]: Unknown loot table called automaticons:stone/axe
[09:20:19] [Worker-Main-1/WARN]: Found loot table element validation problem in {minecraft:loot_table/nmr:astral_plane_growth}.pools[5].entries[0]->{nmr:automaticons/any_tier}.pools[0].entries[0]: Unknown loot table called automaticons:wood_tier
[09:20:19] [Worker-Main-1/WARN]: Found loot table element validation problem in {minecraft:loot_table/nmr:automaticons/stone_tier}.pools[0].entries[2]: Unknown loot table called automaticons:stone/pickaxe
[09:20:19] [Worker-Main-1/WARN]: Found loot table element validation problem in {minecraft:loot_table/nmr:automaticons/gold_tier}.pools[0].entries[3]: Unknown loot table called automaticons:gold/hoe
[09:20:19] [Worker-Main-1/WARN]: Found loot table element validation problem in {minecraft:loot_table/nmr:automaticons/stone_tier}.pools[0].entries[0]: Unknown loot table called automaticons:stone/sword
[09:20:19] [Worker-Main-1/WARN]: Found loot table element validation problem in {minecraft:loot_table/nmr:astral_plane_growth}.pools[5].entries[0]->{nmr:automaticons/any_tier}.pools[0].entries[4]: Unknown loot table called automaticons:diamond_tier
[09:20:19] [Worker-Main-1/WARN]: Found loot table element validation problem in {minecraft:loot_table/nmr:automaticons/any_tier}.pools[0].entries[4]: Unknown loot table called automaticons:diamond_tier
[09:20:19] [Worker-Main-1/WARN]: Found loot table element validation problem in {minecraft:loot_table/nmr:astral_plane_growth}.pools[5].entries[0]->{nmr:automaticons/any_tier}.pools[0].entries[2]: Unknown loot table called automaticons:gold_tier
[09:20:19] [Worker-Main-1/WARN]: Found loot table element validation problem in {minecraft:loot_table/nmr:automaticons/any_tier}.pools[0].entries[2]: Unknown loot table called automaticons:gold_tier
[09:20:19] [Worker-Main-1/WARN]: Found loot table element validation problem in {minecraft:loot_table/nmr:astral_plane_shrinkage}.pools[4].entries[0]->{nmr:automaticons/any_tier}.pools[0].entries[2]: Unknown loot table called automaticons:gold_tier
[09:20:19] [Worker-Main-1/WARN]: Found loot table element validation problem in {minecraft:loot_table/nmr:automaticons/netherite_tier}.pools[0].entries[4]: Unknown loot table called automaticons:netherite/axe
[09:20:19] [Worker-Main-1/WARN]: Found loot table element validation problem in {minecraft:loot_table/nmr:astral_plane_shrinkage}.pools[4].entries[0]->{nmr:automaticons/any_tier}.pools[0].entries[4]: Unknown loot table called automaticons:diamond_tier
[09:20:19] [Worker-Main-1/WARN]: Found loot table element validation problem in {minecraft:loot_table/nmr:automaticons/netherite_tier}.pools[0].entries[0]: Unknown loot table called automaticons:netherite/sword
[09:20:19] [Worker-Main-1/WARN]: Found loot table element validation problem in {minecraft:loot_table/nmr:automaticons/iron_tier}.pools[0].entries[1]: Unknown loot table called automaticons:iron/shovel
[09:20:19] [Worker-Main-1/WARN]: Found loot table element validation problem in {minecraft:loot_table/nmr:automaticons/diamond_tier}.pools[0].entries[2]: Unknown loot table called automaticons:diamond/pickaxe
[09:20:19] [Worker-Main-1/WARN]: Found loot table element validation problem in {minecraft:loot_table/nmr:automaticons/netherite_tier}.pools[0].entries[2]: Unknown loot table called automaticons:netherite/pickaxe
[09:20:19] [Worker-Main-1/WARN]: Found loot table element validation problem in {minecraft:loot_table/nmr:automaticons/gold_tier}.pools[0].entries[1]: Unknown loot table called automaticons:gold/shovel
[09:20:19] [Worker-Main-1/WARN]: Found loot table element validation problem in {minecraft:loot_table/nmr:automaticons/diamond_tier}.pools[0].entries[4]: Unknown loot table called automaticons:diamond/axe
[09:20:19] [Worker-Main-1/WARN]: Found loot table element validation problem in {minecraft:loot_table/nmr:automaticons/iron_tier}.pools[0].entries[3]: Unknown loot table called automaticons:iron/hoe
[09:20:19] [Worker-Main-1/WARN]: Found loot table element validation problem in {minecraft:loot_table/nmr:automaticons/diamond_tier}.pools[0].entries[0]: Unknown loot table called automaticons:diamond/sword
[09:20:19] [Worker-Main-1/WARN]: Found loot table element validation problem in {minecraft:loot_table/nmr:automaticons/wood_tier}.pools[0].entries[1]: Unknown loot table called automaticons:wood/shovel
[09:20:19] [Worker-Main-1/WARN]: Found loot table element validation problem in {minecraft:loot_table/nmr:astral_plane_shrinkage}.pools[4].entries[0]->{nmr:automaticons/any_tier}.pools[0].entries[0]: Unknown loot table called automaticons:wood_tier
[09:20:19] [Worker-Main-1/WARN]: Found loot table element validation problem in {minecraft:loot_table/nmr:automaticons/wood_tier}.pools[0].entries[3]: Unknown loot table called automaticons:wood/hoe
[09:20:19] [Worker-Main-1/WARN]: Found loot table element validation problem in {minecraft:loot_table/nmr:automaticons/stone_tier}.pools[0].entries[3]: Unknown loot table called automaticons:stone/hoe
[09:20:19] [Worker-Main-1/WARN]: Found loot table element validation problem in {minecraft:loot_table/nmr:automaticons/gold_tier}.pools[0].entries[4]: Unknown loot table called automaticons:gold/axe
[09:20:19] [Worker-Main-1/WARN]: Found loot table element validation problem in {minecraft:loot_table/nmr:automaticons/any_tier}.pools[0].entries[5]: Unknown loot table called automaticons:netherite_tier
[09:20:19] [Worker-Main-1/WARN]: Found loot table element validation problem in {minecraft:loot_table/nmr:astral_plane_growth}.pools[5].entries[0]->{nmr:automaticons/any_tier}.pools[0].entries[5]: Unknown loot table called automaticons:netherite_tier
[09:20:19] [Worker-Main-1/WARN]: Found loot table element validation problem in {minecraft:loot_table/nmr:automaticons/any_tier}.pools[0].entries[3]: Unknown loot table called automaticons:iron_tier
[09:20:19] [Worker-Main-1/WARN]: Found loot table element validation problem in {minecraft:loot_table/nmr:automaticons/stone_tier}.pools[0].entries[1]: Unknown loot table called automaticons:stone/shovel
[09:20:19] [Worker-Main-1/WARN]: Found loot table element validation problem in {minecraft:loot_table/nmr:astral_plane_growth}.pools[5].entries[0]->{nmr:automaticons/any_tier}.pools[0].entries[3]: Unknown loot table called automaticons:iron_tier
[09:20:19] [Worker-Main-1/WARN]: Found loot table element validation problem in {minecraft:loot_table/nmr:automaticons/any_tier}.pools[0].entries[1]: Unknown loot table called automaticons:stone_tier
[09:20:19] [Worker-Main-1/WARN]: Found loot table element validation problem in {minecraft:loot_table/nmr:astral_plane_growth}.pools[5].entries[0]->{nmr:automaticons/any_tier}.pools[0].entries[1]: Unknown loot table called automaticons:stone_tier
[09:20:19] [Worker-Main-1/WARN]: Found loot table element validation problem in {minecraft:loot_table/nmr:astral_plane_shrinkage}.pools[4].entries[0]->{nmr:automaticons/any_tier}.pools[0].entries[1]: Unknown loot table called automaticons:stone_tier
[09:20:19] [Worker-Main-1/WARN]: Found loot table element validation problem in {minecraft:loot_table/nmr:automaticons/any_tier}.pools[0].entries[0]: Unknown loot table called automaticons:wood_tier
[09:20:19] [Worker-Main-1/WARN]: Found loot table element validation problem in {minecraft:loot_table/nmr:automaticons/netherite_tier}.pools[0].entries[3]: Unknown loot table called automaticons:netherite/hoe
[09:20:19] [Worker-Main-1/WARN]: Found loot table element validation problem in {minecraft:loot_table/nmr:astral_plane_shrinkage}.pools[4].entries[0]->{nmr:automaticons/any_tier}.pools[0].entries[3]: Unknown loot table called automaticons:iron_tier
[09:20:19] [Worker-Main-1/WARN]: Found loot table element validation problem in {minecraft:loot_table/nmr:automaticons/iron_tier}.pools[0].entries[2]: Unknown loot table called automaticons:iron/pickaxe
[09:20:19] [Worker-Main-1/WARN]: Found loot table element validation problem in {minecraft:loot_table/nmr:automaticons/gold_tier}.pools[0].entries[0]: Unknown loot table called automaticons:gold/sword
[09:20:19] [Worker-Main-1/WARN]: Found loot table element validation problem in {minecraft:loot_table/nmr:automaticons/diamond_tier}.pools[0].entries[1]: Unknown loot table called automaticons:diamond/shovel
[09:20:19] [Worker-Main-1/WARN]: Found loot table element validation problem in {minecraft:loot_table/nmr:astral_plane_shrinkage}.pools[4].entries[0]->{nmr:automaticons/any_tier}.pools[0].entries[5]: Unknown loot table called automaticons:netherite_tier
[09:20:19] [Worker-Main-1/WARN]: Found loot table element validation problem in {minecraft:loot_table/nmr:automaticons/iron_tier}.pools[0].entries[0]: Unknown loot table called automaticons:iron/sword
[09:20:19] [Worker-Main-1/WARN]: Found loot table element validation problem in {minecraft:loot_table/nmr:automaticons/gold_tier}.pools[0].entries[2]: Unknown loot table called automaticons:gold/pickaxe
[09:20:19] [Worker-Main-1/WARN]: Found loot table element validation problem in {minecraft:loot_table/nmr:automaticons/diamond_tier}.pools[0].entries[3]: Unknown loot table called automaticons:diamond/hoe
[09:20:19] [Worker-Main-1/WARN]: Found loot table element validation problem in {minecraft:loot_table/nmr:automaticons/netherite_tier}.pools[0].entries[1]: Unknown loot table called automaticons:netherite/shovel
[09:20:19] [Worker-Main-1/WARN]: Found loot table element validation problem in {minecraft:loot_table/nmr:automaticons/wood_tier}.pools[0].entries[4]: Unknown loot table called automaticons:wood/axe
[09:20:19] [Worker-Main-1/WARN]: Found loot table element validation problem in {minecraft:loot_table/nmr:automaticons/iron_tier}.pools[0].entries[4]: Unknown loot table called automaticons:iron/axe
[09:20:19] [Worker-Main-1/WARN]: Found loot table element validation problem in {minecraft:loot_table/nmr:automaticons/wood_tier}.pools[0].entries[0]: Unknown loot table called automaticons:wood/sword
[09:20:19] [Worker-Main-1/WARN]: Found loot table element validation problem in {minecraft:loot_table/nmr:automaticons/wood_tier}.pools[0].entries[2]: Unknown loot table called automaticons:wood/pickaxe
[09:20:27] [ServerMain/INFO]: Loaded 1386 recipes
[09:20:27] [ServerMain/ERROR]: Failed to load function give:herobrine_boss/skull
java.util.concurrent.CompletionException: java.lang.IllegalArgumentException: Whilst parsing command on line 1: Malformed 'minecraft:attribute_modifiers' component: 'No key id in MapLike[{amount:1,name:"generic.knockback_resistance",operation:"add_value",slot:"head",type:"generic.knockback_resistance",uuid:[I;443693849,1380077211,-1837903087,-814153100]}]; No key id in MapLike[{amount:0.5d,name:"generic.movement_speed",operation:"add_multiplied_total",slot:"head",type:"generic.movement_speed",uuid:[I;1046326961,235294549,-2040065408,1340237547]}]; No key id in MapLike[{amount:1,name:"generic.armor",operation:"add_value",slot:"head",type:"generic.armor",uuid:[I;-1774144805,2047886850,-2115436711,1888549382]}]' at position 489: ...modifiers=<--[HERE]
	at java.base/java.util.concurrent.CompletableFuture.encodeThrowable(CompletableFuture.java:315) ~[?:?]
	at java.base/java.util.concurrent.CompletableFuture.completeThrowable(CompletableFuture.java:320) ~[?:?]
	at java.base/java.util.concurrent.CompletableFuture$AsyncSupply.run(CompletableFuture.java:1770) ~[?:?]
	at java.base/java.util.concurrent.ThreadPoolExecutor.runWorker(ThreadPoolExecutor.java:1144) ~[?:?]
	at java.base/java.util.concurrent.ThreadPoolExecutor$Worker.run(ThreadPoolExecutor.java:642) ~[?:?]
	at java.base/java.lang.Thread.run(Thread.java:1583) ~[?:?]
Caused by: java.lang.IllegalArgumentException: Whilst parsing command on line 1: Malformed 'minecraft:attribute_modifiers' component: 'No key id in MapLike[{amount:1,name:"generic.knockback_resistance",operation:"add_value",slot:"head",type:"generic.knockback_resistance",uuid:[I;443693849,1380077211,-1837903087,-814153100]}]; No key id in MapLike[{amount:0.5d,name:"generic.movement_speed",operation:"add_multiplied_total",slot:"head",type:"generic.movement_speed",uuid:[I;1046326961,235294549,-2040065408,1340237547]}]; No key id in MapLike[{amount:1,name:"generic.armor",operation:"add_value",slot:"head",type:"generic.armor",uuid:[I;-1774144805,2047886850,-2115436711,1888549382]}]' at position 489: ...modifiers=<--[HERE]
	at net.minecraft.commands.functions.CommandFunction.fromLines(CommandFunction.java:86) ~[paper-1.21.jar:1.21-27-76c2f16]
	at net.minecraft.server.ServerFunctionLibrary.lambda$reload$2(ServerFunctionLibrary.java:97) ~[paper-1.21.jar:1.21-27-76c2f16]
	at java.base/java.util.concurrent.CompletableFuture$AsyncSupply.run(CompletableFuture.java:1768) ~[?:?]
	... 3 more
[09:20:28] [ServerMain/INFO]: Loaded 2569 advancements
[09:20:28] [ServerMain/WARN]: Not all defined tags for registry ResourceKey[minecraft:root / minecraft:block] are present in data pack: thepa:tnt
[09:20:28] [Server thread/INFO]: Starting minecraft server version 1.21
[09:20:28] [Server thread/INFO]: Loading properties
[09:20:28] [Server thread/INFO]: This server is running Paper version 1.21-27-master@76c2f16 (2024-06-22T18:19:36Z) (Implementing API version 1.21-R0.1-SNAPSHOT)
[09:20:29] [Server thread/INFO]: Server Ping Player Sample Count: 12
[09:20:29] [Server thread/INFO]: Using 4 threads for Netty based IO
[09:20:30] [Server thread/WARN]: [!] The timings profiler has been enabled but has been scheduled for removal from Paper in the future.
    We recommend installing the spark profiler as a replacement: https://spark.lucko.me/
    For more information please visit: https://github.com/PaperMC/Paper/issues/8948
[09:20:30] [Server thread/INFO]: [ChunkTaskScheduler] Chunk system is using 1 I/O threads, 1 worker threads, and population gen parallelism of 1 threads
[09:20:31] [Server thread/INFO]: Default game type: SURVIVAL
[09:20:31] [Server thread/INFO]: Generating keypair
[09:20:31] [Server console handler/WARN]: [org.jline] Failed to load history
java.lang.IllegalArgumentException: Bad history file syntax! The history file `.console_history` may be an older history: please remove it or use a different history file.
	at org.jline.reader.impl.history.DefaultHistory.addHistoryLine(DefaultHistory.java:175) ~[jline-reader-3.20.0.jar:?]
	at org.jline.reader.impl.history.DefaultHistory.addHistoryLine(DefaultHistory.java:165) ~[jline-reader-3.20.0.jar:?]
	at org.jline.reader.impl.history.DefaultHistory.lambda$load$0(DefaultHistory.java:86) ~[jline-reader-3.20.0.jar:?]
	at java.base/java.util.Iterator.forEachRemaining(Iterator.java:133) ~[?:?]
	at java.base/java.util.Spliterators$IteratorSpliterator.forEachRemaining(Spliterators.java:1939) ~[?:?]
	at java.base/java.util.stream.ReferencePipeline$Head.forEach(ReferencePipeline.java:762) ~[?:?]
	at org.jline.reader.impl.history.DefaultHistory.load(DefaultHistory.java:86) ~[jline-reader-3.20.0.jar:?]
	at org.jline.reader.impl.history.DefaultHistory.attach(DefaultHistory.java:69) ~[jline-reader-3.20.0.jar:?]
	at org.jline.reader.impl.LineReaderImpl.readLine(LineReaderImpl.java:603) ~[jline-reader-3.20.0.jar:?]
	at org.jline.reader.impl.LineReaderImpl.readLine(LineReaderImpl.java:468) ~[jline-reader-3.20.0.jar:?]
	at net.minecrell.terminalconsole.SimpleTerminalConsole.readCommands(SimpleTerminalConsole.java:158) ~[terminalconsoleappender-1.3.0.jar:?]
	at net.minecrell.terminalconsole.SimpleTerminalConsole.start(SimpleTerminalConsole.java:141) ~[terminalconsoleappender-1.3.0.jar:?]
	at net.minecraft.server.dedicated.DedicatedServer$1.run(DedicatedServer.java:117) ~[paper-1.21.jar:1.21-27-76c2f16]
[09:20:31] [Server thread/INFO]: Starting Minecraft server on *:25565
[09:20:31] [Server thread/INFO]: Using epoll channel type
[09:20:31] [Server thread/INFO]: Paper: Using libdeflate (Linux x86_64) compression from Velocity.
[09:20:31] [Server thread/INFO]: Paper: Using OpenSSL 1.1.x (Linux x86_64) cipher from Velocity.
[09:20:32] [Server thread/INFO]: [SpigotLibraryLoader] [MythicMobs] Loading 4 libraries... please wait
[09:20:32] [Server thread/INFO]: [SpigotLibraryLoader] [MythicMobs] Loaded library /workspaces/server/server/libraries/net/kyori/adventure-api/4.16.0/adventure-api-4.16.0.jar
[09:20:32] [Server thread/INFO]: [SpigotLibraryLoader] [MythicMobs] Loaded library /workspaces/server/server/libraries/net/kyori/adventure-key/4.16.0/adventure-key-4.16.0.jar
[09:20:32] [Server thread/INFO]: [SpigotLibraryLoader] [MythicMobs] Loaded library /workspaces/server/server/libraries/net/kyori/examination-api/1.3.0/examination-api-1.3.0.jar
[09:20:32] [Server thread/INFO]: [SpigotLibraryLoader] [MythicMobs] Loaded library /workspaces/server/server/libraries/net/kyori/examination-string/1.3.0/examination-string-1.3.0.jar
[09:20:32] [Server thread/INFO]: [SpigotLibraryLoader] [MythicMobs] Loaded library /workspaces/server/server/libraries/org/jetbrains/annotations/24.1.0/annotations-24.1.0.jar
[09:20:32] [Server thread/INFO]: [SpigotLibraryLoader] [MythicMobs] Loaded library /workspaces/server/server/libraries/net/kyori/adventure-platform-bukkit/4.3.2/adventure-platform-bukkit-4.3.2.jar
[09:20:32] [Server thread/INFO]: [SpigotLibraryLoader] [MythicMobs] Loaded library /workspaces/server/server/libraries/net/kyori/adventure-platform-api/4.3.2/adventure-platform-api-4.3.2.jar
[09:20:32] [Server thread/INFO]: [SpigotLibraryLoader] [MythicMobs] Loaded library /workspaces/server/server/libraries/net/kyori/adventure-text-serializer-bungeecord/4.3.2/adventure-text-serializer-bungeecord-4.3.2.jar
[09:20:32] [Server thread/INFO]: [SpigotLibraryLoader] [MythicMobs] Loaded library /workspaces/server/server/libraries/net/kyori/adventure-text-serializer-legacy/4.13.1/adventure-text-serializer-legacy-4.13.1.jar
[09:20:32] [Server thread/INFO]: [SpigotLibraryLoader] [MythicMobs] Loaded library /workspaces/server/server/libraries/net/kyori/adventure-nbt/4.13.1/adventure-nbt-4.13.1.jar
[09:20:32] [Server thread/INFO]: [SpigotLibraryLoader] [MythicMobs] Loaded library /workspaces/server/server/libraries/net/kyori/adventure-text-serializer-gson-legacy-impl/4.13.1/adventure-text-serializer-gson-legacy-impl-4.13.1.jar
[09:20:32] [Server thread/INFO]: [SpigotLibraryLoader] [MythicMobs] Loaded library /workspaces/server/server/libraries/net/kyori/adventure-platform-facet/4.3.2/adventure-platform-facet-4.3.2.jar
[09:20:32] [Server thread/INFO]: [SpigotLibraryLoader] [MythicMobs] Loaded library /workspaces/server/server/libraries/net/kyori/adventure-platform-viaversion/4.3.2/adventure-platform-viaversion-4.3.2.jar
[09:20:32] [Server thread/INFO]: [SpigotLibraryLoader] [MythicMobs] Loaded library /workspaces/server/server/libraries/net/kyori/adventure-text-minimessage/4.16.0/adventure-text-minimessage-4.16.0.jar
[09:20:32] [Server thread/INFO]: [SpigotLibraryLoader] [MythicMobs] Loaded library /workspaces/server/server/libraries/net/kyori/adventure-text-serializer-gson/4.16.0/adventure-text-serializer-gson-4.16.0.jar
[09:20:32] [Server thread/INFO]: [SpigotLibraryLoader] [MythicMobs] Loaded library /workspaces/server/server/libraries/net/kyori/adventure-text-serializer-json/4.16.0/adventure-text-serializer-json-4.16.0.jar
[09:20:32] [Server thread/INFO]: [SpigotLibraryLoader] [MythicMobs] Loaded library /workspaces/server/server/libraries/net/kyori/option/1.0.0/option-1.0.0.jar
[09:20:32] [Server thread/INFO]: [SpigotLibraryLoader] [MythicMobs] Loaded library /workspaces/server/server/libraries/com/google/code/gson/gson/2.8.0/gson-2.8.0.jar
[09:20:35] [Server thread/INFO]: [WorldEdit] Loading server plugin WorldEdit v7.3.5+6880-8ba3d89
[09:20:38] [Server thread/INFO]: Got request to register class com.sk89q.worldedit.bukkit.BukkitServerInterface with WorldEdit [com.sk89q.worldedit.extension.platform.PlatformManager@37c98b4]
[09:20:38] [Server thread/INFO]: [WorldGuard] Loading server plugin WorldGuard v7.0.12+829a4a4
[09:20:38] [Server thread/INFO]: [Skript] Loading server plugin Skript v2.11.2
[09:20:38] [Server thread/INFO]: [LuckPerms] Loading server plugin LuckPerms v5.4.131
[09:20:38] [Server thread/INFO]: [MythicMobs] Loading server plugin MythicMobs v5.9.0-${CI_COMMIT_SHORT_SHA}
[09:20:38] [Server thread/INFO]: [LumineUtils] (io.lumine.mythic.bukkit.utils.) is bound to plugin MythicMobs - io.lumine.mythic.bukkit.MythicBukkit
[09:20:38] [Server thread/INFO]: [MythicMobs] §x§f§f§0§0§0§0M§x§f§f§6§6§0§0y§x§f§f§c§c§0§0t§x§c§b§f§f§0§0h§x§6§5§f§f§0§0i§x§0§0§f§f§0§0c§x§0§0§f§f§6§6 §x§0§0§f§f§c§bE§x§0§0§c§b§f§fn§x§0§0§6§5§f§fa§x§0§0§0§0§f§fb§x§6§6§0§0§f§fl§x§c§c§0§0§f§fe§x§f§f§0§0§c§cd§x§f§f§0§0§6§6!
[09:20:38] [Server thread/INFO]: [SkJson] Loading server plugin SkJson v5.1.1
[09:20:38] [Server thread/INFO]: [SkJson] Update applied successfully.
[09:20:38] [Server thread/INFO]: [SkJson] Loaded config file: /workspaces/server/server/plugins/SkJson/config.yml
[09:20:38] [Server thread/INFO]: [SkJson] WATCHER* Watch type set to DEFAULT - standard file watching
[09:20:38] [Server thread/INFO]: [SkJson] Checking for updates
[09:20:40] [Server thread/INFO]: [SkJson] Update scheduled, it will be applied after server restart.
[09:20:40] [Server thread/INFO]: [SkJson] Json watchers found & enabled.
[09:20:40] [Server thread/INFO]: [Essentials] Loading server plugin Essentials v2.21.2-dev+3-997f600
[09:20:40] [Server thread/INFO]: [Shopkeepers] Loading server plugin Shopkeepers v2.22.3
[09:20:42] [Server thread/INFO]: [Shopkeepers] Loaded all plugin classes (1715 ms).
[09:20:42] [Server thread/INFO]: [Shopkeepers] Loading config.
[09:20:42] [Server thread/INFO]: [Shopkeepers] Loading language file: language-en-default.yml
[09:20:42] [Server thread/INFO]: [Shopkeepers] Registering WorldGuard flag 'allow-shop'.
[09:20:42] [Server thread/INFO]: [Shopkeepers] Registering defaults.
[09:20:42] [Server thread/INFO]: [CraftEnhance] Loading server plugin CraftEnhance v2.5.6.1
[09:20:42] [Server thread/INFO]: [ChestSort] Loading server plugin ChestSort v14.1.0
[09:20:42] [Server thread/INFO]: [AuraSkills] Loading server plugin AuraSkills v2.1.5
[09:20:42] [Server thread/INFO]: Server permissions file permissions.yml is empty, ignoring it
[09:20:42] [Server thread/INFO]: [WorldEdit] Enabling WorldEdit v7.3.5+6880-8ba3d89
[09:20:42] [Server thread/INFO]: Registering commands with com.sk89q.worldedit.bukkit.BukkitServerInterface
[09:20:42] [Server thread/INFO]: WEPIF: Using the Bukkit Permissions API.
[09:20:43] [Server thread/INFO]: Using com.sk89q.worldedit.bukkit.adapter.impl.v1_21.PaperweightAdapter as the Bukkit adapter
[09:20:45] [Server thread/INFO]: [LuckPerms] Enabling LuckPerms v5.4.131
[09:20:45] [Server thread/INFO]:         __    
[09:20:45] [Server thread/INFO]:   |    |__)   LuckPerms v5.4.131
[09:20:45] [Server thread/INFO]:   |___ |      Running on Bukkit - Paper
[09:20:45] [Server thread/INFO]: 
[09:20:45] [Server thread/INFO]: [LuckPerms] Loading configuration...
[09:20:46] [Server thread/INFO]: [LuckPerms] Loading storage provider... [H2]
[09:20:47] [Server thread/INFO]: [LuckPerms] Loading internal permission managers...
[09:20:47] [Server thread/INFO]: [LuckPerms] Performing initial data load...
[09:20:47] [Server thread/INFO]: [LuckPerms] Successfully enabled. (took 2374ms)
[09:20:47] [Server thread/WARN]: **** SERVER IS RUNNING IN OFFLINE/INSECURE MODE!
[09:20:47] [Server thread/WARN]: The server will make no attempt to authenticate usernames. Beware.
[09:20:47] [Server thread/WARN]: While this makes the game possible to play without internet access, it also opens up the ability for hackers to connect with any username they choose.
[09:20:47] [Server thread/WARN]: To change this, set "online-mode" to "true" in the server.properties file.
[09:20:47] [Server thread/INFO]: Preparing level "world"
[09:20:50] [Server thread/INFO]: Preparing start region for dimension minecraft:overworld
[09:20:52] [Server thread/INFO]: Time elapsed: 2312 ms
[09:20:52] [Server thread/INFO]: Preparing start region for dimension minecraft:the_nether
[09:20:53] [Server thread/INFO]: Time elapsed: 495 ms
[09:20:53] [Server thread/INFO]: Preparing start region for dimension minecraft:the_end
[09:20:53] [Server thread/INFO]: Time elapsed: 214 ms
[09:20:53] [Server thread/INFO]: Preparing start region for dimension nmr:astral_plane
[09:20:53] [Server thread/INFO]: Time elapsed: 255 ms
[09:20:53] [Server thread/INFO]: [WorldGuard] Enabling WorldGuard v7.0.12+829a4a4
[09:20:54] [Server thread/INFO]: [WorldGuard] Default configuration file written: config.yml
[09:20:54] [Server thread/INFO]: [WorldGuard] Default configuration file written: config_world.yml
[09:20:54] [Server thread/INFO]: [WorldGuard] Default configuration file written: blacklist.txt
[09:20:54] [Server thread/INFO]: [WorldGuard] (world) TNT ignition is PERMITTED.
[09:20:54] [Server thread/INFO]: [WorldGuard] (world) Lighters are PERMITTED.
[09:20:54] [Server thread/INFO]: [WorldGuard] (world) Lava fire is PERMITTED.
[09:20:54] [Server thread/INFO]: [WorldGuard] (world) Fire spread is UNRESTRICTED.
[09:20:54] [Server thread/INFO]: [WorldGuard] Loaded configuration for world 'world'
[09:20:54] [Server thread/INFO]: [WorldGuard] Default configuration file written: config_world.yml
[09:20:54] [Server thread/INFO]: [WorldGuard] Default configuration file written: blacklist.txt
[09:20:54] [Server thread/INFO]: [WorldGuard] (world_nether) TNT ignition is PERMITTED.
[09:20:54] [Server thread/INFO]: [WorldGuard] (world_nether) Lighters are PERMITTED.
[09:20:54] [Server thread/INFO]: [WorldGuard] (world_nether) Lava fire is PERMITTED.
[09:20:54] [Server thread/INFO]: [WorldGuard] (world_nether) Fire spread is UNRESTRICTED.
[09:20:54] [Server thread/INFO]: [WorldGuard] Loaded configuration for world 'world_nether'
[09:20:54] [Server thread/INFO]: [WorldGuard] Default configuration file written: config_world.yml
[09:20:54] [Server thread/INFO]: [WorldGuard] Default configuration file written: blacklist.txt
[09:20:54] [Server thread/INFO]: [WorldGuard] (world_the_end) TNT ignition is PERMITTED.
[09:20:54] [Server thread/INFO]: [WorldGuard] (world_the_end) Lighters are PERMITTED.
[09:20:54] [Server thread/INFO]: [WorldGuard] (world_the_end) Lava fire is PERMITTED.
[09:20:54] [Server thread/INFO]: [WorldGuard] (world_the_end) Fire spread is UNRESTRICTED.
[09:20:54] [Server thread/INFO]: [WorldGuard] Loaded configuration for world 'world_the_end'
[09:20:54] [Server thread/INFO]: [WorldGuard] Default configuration file written: config_world.yml
[09:20:54] [Server thread/INFO]: [WorldGuard] Default configuration file written: blacklist.txt
[09:20:54] [Server thread/INFO]: [WorldGuard] (world_nmr_astral_plane) TNT ignition is PERMITTED.
[09:20:54] [Server thread/INFO]: [WorldGuard] (world_nmr_astral_plane) Lighters are PERMITTED.
[09:20:54] [Server thread/INFO]: [WorldGuard] (world_nmr_astral_plane) Lava fire is PERMITTED.
[09:20:54] [Server thread/INFO]: [WorldGuard] (world_nmr_astral_plane) Fire spread is UNRESTRICTED.
[09:20:54] [Server thread/INFO]: [WorldGuard] Loaded configuration for world 'world_nmr_astral_plane'
[09:20:54] [Server thread/INFO]: [WorldGuard] Loading region data...
[09:20:54] [Server thread/INFO]: [WorldGuard] Unloading and saving region data that is currently loaded...
[09:20:54] [Server thread/INFO]: [WorldGuard] Loading region data for loaded worlds...
[09:20:54] [Server thread/INFO]: [WorldGuard] Loading region data...
[09:20:54] [Server thread/INFO]: [WorldGuard] Regions saved after UUID migration! This won't happen again unless you change the relevant configuration option in WorldGuard's config.
[09:20:55] [Server thread/INFO]: [Skript] Enabling Skript v2.11.2
[09:20:57] [Thread-10/INFO]: [Skript] You're currently running the latest stable version of Skript.
[09:21:01] [Server thread/INFO]: [Skript]  ~ created by & © Peter Güttinger aka Njol ~
[09:21:01] [Server thread/INFO]: [MythicMobs] Enabling MythicMobs v5.9.0-${CI_COMMIT_SHORT_SHA}
[09:21:02] [Server thread/INFO]: [MythicMobs] Loading MythicMobs for Paper (MC: 1.21.0)...
[09:21:02] [Server thread/INFO]: [MythicMobs] The server is running Paper; enabled Paper exclusive functionality
[09:21:05] [Thread-12/INFO]: [Skript] Loaded 5330 aliases in 3563ms
[09:21:06] [Server thread/INFO]: [MythicMobs] Mythic WorldGuard Support has been enabled!
[09:21:06] [Server thread/INFO]: [MythicMobs] Base directory /workspaces/server/server/plugins/MythicMobs/data
[09:21:06] [Server thread/INFO]: [MythicMobs] Module directory /workspaces/server/server/plugins/MythicMobs/data/worlds
[09:21:11] [Server thread/INFO]: [MythicMobs] Loading Packs...
[09:21:12] [Server thread/INFO]: [MythicMobs] Loading Items...
[09:21:12] [Server thread/INFO]: [MythicMobs] Loading Item Groups...
[09:21:12] [Server thread/INFO]: [MythicMobs] Loading Skills...
[09:21:13] [Server thread/WARN]: [MythicMobs] Error loading mob 'SkeletalKnight'. Enable debugging for a stack trace.
[09:21:13] [Server thread/INFO]: [MythicMobs] Loading Drop Tables...
[09:21:13] [Server thread/INFO]: [MythicMobs] Loading Random Spawns...
[09:21:13] [Server thread/INFO]: [MythicMobs] Loading Spawn Blocks...
[09:21:13] [Server thread/WARN]: [MythicMobs] ✗ Configuration Error in Mechanic summon
[09:21:13] [Server thread/WARN]: [MythicMobs] --| Mob: WarriorZombie | File: /workspaces/server/server/plugins/MythicMobs/mobs/ExampleMobs.yml
[09:21:13] [Server thread/WARN]: [MythicMobs] --| Error Message: The 'type' attribute must be a valid MythicMob or MythicEntity type.
[09:21:13] [Server thread/WARN]: [MythicMobs] --| Mechanic Line: summon{m=ZombieMinion;a=2}
[09:21:13] [Server thread/INFO]: [MythicMobs] ✓ Loaded 9 mobs.
[09:21:13] [Server thread/INFO]: [MythicMobs] ✓ Loaded 3 vanilla mob overrides.
[09:21:13] [Server thread/INFO]: [MythicMobs] ✓ Loaded 0 mob stacks.
[09:21:13] [Server thread/INFO]: [MythicMobs] ✓ Loaded 8 skills.
[09:21:13] [Server thread/INFO]: [MythicMobs] ✓ Loaded 0 random spawns.
[09:21:13] [Server thread/INFO]: [MythicMobs] ✓ Loaded 4 mythic items.
[09:21:13] [Server thread/INFO]: [MythicMobs] ✓ Loaded 3 drop tables.
[09:21:13] [Server thread/INFO]: [MythicMobs] ✓ Loaded 0 mob spawners.
[09:21:13] [Server thread/INFO]: [MythicMobs] MythicMobs configuration file loaded successfully.
[09:21:14] [Server thread/INFO]: [MythicMobs] Started up bStats Metrics
[09:21:14] [Server thread/INFO]: [MythicMobs] ✓ MythicMobs v5.9.0 ( build ${CI_COMMIT_SHORT_SHA} ) has been successfully loaded!
[09:21:14] [Server thread/INFO]: [SkJson] Enabling SkJson v5.1.1
[09:21:14] [Server thread/INFO]: [SkJson] Enabling SkJson...
[09:21:14] [Server thread/INFO]: [SkJson] Hooking into server paper 1.21-27-76c2f16 (mc: 1.21)
[09:21:14] [Server thread/INFO]: [SkJson] Server type: PAPER_CORE
[09:21:14] [Server thread/INFO]: [SkJson] Server version: 1.21-27-76c2f16 (mc: 1.21)
[09:21:14] [Server thread/INFO]: [SkJson] Server name: paper
[09:21:14] [Server thread/INFO]: [SkJson] Attempting to hook into Skript plugin...
[09:21:14] [Server thread/INFO]: [SkJson] Hooking into Skript plugin... Hooks initialized.
[09:21:14] [Server thread/INFO]: [SkJson] Trying register Skript addon...
[09:21:14] [Server thread/INFO]: [SkJson] Trying register Skript elements...
[09:21:14] [Server thread/INFO]: [SkJson] Registering module: core
[09:21:15] [Server thread/ERROR]: 
====== Exception Log Start ======
Level: SEVERE
Time: Sat Jun 07 09:21:15 UTC 2025
Message: Failed to load class: cz.coffeerequired.skript.core.expressions.ExprArrayObject
=================================
Exception: java.lang.RuntimeException
Description: Failed to load class: cz.coffeerequired.skript.core.expressions.ExprArrayObject
Stacktrace:
    at Skript-2.11.2.jar//org.skriptlang.skript.util.ClassLoader.loadClasses(ClassLoader.java:170)
    at Skript-2.11.2.jar//org.skriptlang.skript.util.ClassLoader.loadClasses(ClassLoader.java:95)
    at Skript-2.11.2.jar//ch.njol.skript.util.Utils.getClasses(Utils.java:212)
    at Skript-2.11.2.jar//ch.njol.skript.SkriptAddon.loadClasses(SkriptAddon.java:75)
    at skjson.jar//cz.coffeerequired.api.Extensible.load(Extensible.java:39)
    at skjson.jar//cz.coffeerequired.api.Register.registerModule(Register.java:137)
    at skjson.jar//cz.coffeerequired.api.Register.tryRegisterSkript(Register.java:91)
    at skjson.jar//cz.coffeerequired.api.Register.registerNewHook(Register.java:115)
    at skjson.jar//cz.coffeerequired.SkJson.onEnable(SkJson.java:89)
    at org.bukkit.plugin.java.JavaPlugin.setEnabled(JavaPlugin.java:288)
    at io.papermc.paper.plugin.manager.PaperPluginInstanceManager.enablePlugin(PaperPluginInstanceManager.java:202)
    at io.papermc.paper.plugin.manager.PaperPluginManagerImpl.enablePlugin(PaperPluginManagerImpl.java:109)
    at org.bukkit.plugin.SimplePluginManager.enablePlugin(SimplePluginManager.java:520)
    at org.bukkit.craftbukkit.CraftServer.enablePlugin(CraftServer.java:629)
    at org.bukkit.craftbukkit.CraftServer.enablePlugins(CraftServer.java:578)
    at net.minecraft.server.MinecraftServer.loadWorld0(MinecraftServer.java:690)
    at net.minecraft.server.MinecraftServer.loadLevel(MinecraftServer.java:452)
    at net.minecraft.server.dedicated.DedicatedServer.initServer(DedicatedServer.java:327)
    at net.minecraft.server.MinecraftServer.runServer(MinecraftServer.java:1157)
    at net.minecraft.server.MinecraftServer.lambda$spin$0(MinecraftServer.java:329)
    at java.base/java.lang.Thread.run(Thread.java:1583)
======= Exception Log End =======


[09:21:15] [Server thread/INFO]: [SkJson] Registering module: http
[09:21:15] [Server thread/ERROR]: 
====== Exception Log Start ======
Level: SEVERE
Time: Sat Jun 07 09:21:15 UTC 2025
Message: Failed to load class: cz.coffeerequired.skript.http.expressions.requests.propExprRequestFollowRedirects
=================================
Exception: java.lang.RuntimeException
Description: Failed to load class: cz.coffeerequired.skript.http.expressions.requests.propExprRequestFollowRedirects
Stacktrace:
    at Skript-2.11.2.jar//org.skriptlang.skript.util.ClassLoader.loadClasses(ClassLoader.java:170)
    at Skript-2.11.2.jar//org.skriptlang.skript.util.ClassLoader.loadClasses(ClassLoader.java:95)
    at Skript-2.11.2.jar//ch.njol.skript.util.Utils.getClasses(Utils.java:212)
    at Skript-2.11.2.jar//ch.njol.skript.SkriptAddon.loadClasses(SkriptAddon.java:75)
    at skjson.jar//cz.coffeerequired.api.Extensible.load(Extensible.java:39)
    at skjson.jar//cz.coffeerequired.api.Register.registerModule(Register.java:137)
    at skjson.jar//cz.coffeerequired.api.Register.tryRegisterSkript(Register.java:94)
    at skjson.jar//cz.coffeerequired.api.Register.registerNewHook(Register.java:115)
    at skjson.jar//cz.coffeerequired.SkJson.onEnable(SkJson.java:89)
    at org.bukkit.plugin.java.JavaPlugin.setEnabled(JavaPlugin.java:288)
    at io.papermc.paper.plugin.manager.PaperPluginInstanceManager.enablePlugin(PaperPluginInstanceManager.java:202)
    at io.papermc.paper.plugin.manager.PaperPluginManagerImpl.enablePlugin(PaperPluginManagerImpl.java:109)
    at org.bukkit.plugin.SimplePluginManager.enablePlugin(SimplePluginManager.java:520)
    at org.bukkit.craftbukkit.CraftServer.enablePlugin(CraftServer.java:629)
    at org.bukkit.craftbukkit.CraftServer.enablePlugins(CraftServer.java:578)
    at net.minecraft.server.MinecraftServer.loadWorld0(MinecraftServer.java:690)
    at net.minecraft.server.MinecraftServer.loadLevel(MinecraftServer.java:452)
    at net.minecraft.server.dedicated.DedicatedServer.initServer(DedicatedServer.java:327)
    at net.minecraft.server.MinecraftServer.runServer(MinecraftServer.java:1157)
    at net.minecraft.server.MinecraftServer.lambda$spin$0(MinecraftServer.java:329)
    at java.base/java.lang.Thread.run(Thread.java:1583)
======= Exception Log End =======


[09:21:15] [Server thread/ERROR]: Error occurred while enabling SkJson v5.1.1 (Is it up to date?)
java.util.NoSuchElementException: null
	at java.base/java.util.ArrayList.getFirst(ArrayList.java:439) ~[?:?]
	at skjson.jar/cz.coffeerequired.SkJson.setupMetrics(SkJson.java:137) ~[skjson.jar:?]
	at skjson.jar/cz.coffeerequired.SkJson.onEnable(SkJson.java:113) ~[skjson.jar:?]
	at org.bukkit.plugin.java.JavaPlugin.setEnabled(JavaPlugin.java:288) ~[paper-api-1.21-R0.1-SNAPSHOT.jar:?]
	at io.papermc.paper.plugin.manager.PaperPluginInstanceManager.enablePlugin(PaperPluginInstanceManager.java:202) ~[paper-1.21.jar:1.21-27-76c2f16]
	at io.papermc.paper.plugin.manager.PaperPluginManagerImpl.enablePlugin(PaperPluginManagerImpl.java:109) ~[paper-1.21.jar:1.21-27-76c2f16]
	at org.bukkit.plugin.SimplePluginManager.enablePlugin(SimplePluginManager.java:520) ~[paper-api-1.21-R0.1-SNAPSHOT.jar:?]
	at org.bukkit.craftbukkit.CraftServer.enablePlugin(CraftServer.java:629) ~[paper-1.21.jar:1.21-27-76c2f16]
	at org.bukkit.craftbukkit.CraftServer.enablePlugins(CraftServer.java:578) ~[paper-1.21.jar:1.21-27-76c2f16]
	at net.minecraft.server.MinecraftServer.loadWorld0(MinecraftServer.java:690) ~[paper-1.21.jar:1.21-27-76c2f16]
	at net.minecraft.server.MinecraftServer.loadLevel(MinecraftServer.java:452) ~[paper-1.21.jar:1.21-27-76c2f16]
	at net.minecraft.server.dedicated.DedicatedServer.initServer(DedicatedServer.java:327) ~[paper-1.21.jar:1.21-27-76c2f16]
	at net.minecraft.server.MinecraftServer.runServer(MinecraftServer.java:1157) ~[paper-1.21.jar:1.21-27-76c2f16]
	at net.minecraft.server.MinecraftServer.lambda$spin$0(MinecraftServer.java:329) ~[paper-1.21.jar:1.21-27-76c2f16]
	at java.base/java.lang.Thread.run(Thread.java:1583) ~[?:?]
[09:21:15] [Server thread/INFO]: [SkJson] Disabling SkJson v5.1.1
[09:21:15] [Server thread/INFO]: [SkJson] Disabling SkJson.
[09:21:15] [Server thread/INFO]: [SkJson] Unregistering all watchers...
[09:21:15] [Server thread/INFO]: [SkJson] All watchers successfully unregistered!
[09:21:15] [Server thread/INFO]: [SkJson] Cache storage was freed.
[09:21:15] [Server thread/INFO]: [Essentials] Enabling Essentials v2.21.2-dev+3-997f600
[09:21:16] [Server thread/ERROR]: [Essentials] You are running an unsupported server version!
[09:21:17] [Server thread/INFO]: [Essentials] Attempting to convert old kits in config.yml to new kits.yml
[09:21:17] [Server thread/INFO]: [Essentials] No kits found to migrate.
[09:21:17] [Server thread/INFO]: [Essentials] Selected 1.14+ Sign Data Provider as the provider for SignDataProvider
[09:21:17] [Server thread/INFO]: [Essentials] Selected Paper Tick Count Provider as the provider for TickCountProvider
[09:21:17] [Server thread/INFO]: [Essentials] Selected 1.20.5+ Banner Data Provider as the provider for BannerDataProvider
[09:21:17] [Server thread/INFO]: [Essentials] Selected Paper Material Tag Provider as the provider for MaterialTagProvider
[09:21:17] [Server thread/INFO]: [Essentials] Selected 1.12+ Spawner Block Provider as the provider for SpawnerBlockProvider
[09:21:17] [Server thread/INFO]: [Essentials] Selected Reflection Sync Commands Provider as the provider for SyncCommandsProvider
[09:21:17] [Server thread/INFO]: [Essentials] Selected Paper Server State Provider as the provider for ServerStateProvider
[09:21:17] [Server thread/INFO]: [Essentials] Selected 1.12.2+ Player Locale Provider as the provider for PlayerLocaleProvider
[09:21:17] [Server thread/INFO]: [Essentials] Selected Paper Biome Key Provider as the provider for BiomeKeyProvider
[09:21:17] [Server thread/INFO]: [Essentials] Selected 1.11+ Item Unbreakable Provider as the provider for ItemUnbreakableProvider
[09:21:17] [Server thread/INFO]: [Essentials] Selected Reflection Formatted Command Alias Provider as the provider for FormattedCommandAliasProvider
[09:21:17] [Server thread/INFO]: [Essentials] Selected Reflection Online Mode Provider as the provider for OnlineModeProvider
[09:21:17] [Server thread/INFO]: [Essentials] Selected 1.14.4+ Persistent Data Container Provider as the provider for PersistentDataProvider
[09:21:17] [Server thread/INFO]: [Essentials] Selected Paper Container Provider as the provider for ContainerProvider
[09:21:17] [Server thread/INFO]: [Essentials] Selected 1.20.4+ Damage Event Provider as the provider for DamageEventProvider
[09:21:17] [Server thread/INFO]: [Essentials] Selected 1.20.6+ Potion Meta Provider as the provider for PotionMetaProvider
[09:21:17] [Server thread/INFO]: [Essentials] Selected 1.13+ Spawn Egg Provider as the provider for SpawnEggProvider
[09:21:17] [Server thread/INFO]: [Essentials] Selected 1.21+ InventoryView Interface ABI Provider as the provider for InventoryViewProvider
[09:21:17] [Server thread/INFO]: [Essentials] Selected 1.17.1+ World Info Provider as the provider for WorldInfoProvider
[09:21:17] [Server thread/INFO]: [Essentials] Selected 1.8.3+ Spawner Item Provider as the provider for SpawnerItemProvider
[09:21:17] [Server thread/INFO]: [Essentials] Selected Paper Known Commands Provider as the provider for KnownCommandsProvider
[09:21:17] [Server thread/INFO]: [Essentials] Selected Paper Serialization Provider as the provider for SerializationProvider
[09:21:17] [Server thread/INFO]: [Essentials] Loaded 43517 items from items.json.
[09:21:17] [Server thread/INFO]: [Essentials] Using locale en
[09:21:18] [Server thread/INFO]: [Essentials] ServerListPingEvent: Spigot iterator API
[09:21:18] [Server thread/INFO]: [Essentials] Starting Metrics. Opt-out using the global bStats config.
[09:21:18] [Server thread/WARN]: [Essentials] Detected supported permissions plugin LuckPerms without Vault installed.
[09:21:18] [Server thread/WARN]: [Essentials] Features such as chat prefixes/suffixes and group-related functionality will not work until you install Vault.
[09:21:18] [Server thread/INFO]: [Essentials] Using superperms-based permissions.
[09:21:18] [Server thread/INFO]: [Shopkeepers] Enabling Shopkeepers v2.22.3
[09:21:19] [Server thread/INFO]: Environment: Environment[sessionHost=https://sessionserver.mojang.com, servicesHost=https://api.minecraftservices.com, name=PROD]
[09:21:19] [Server thread/INFO]: [Shopkeepers] Loading the data of 6 shopkeepers ...
[09:21:19] [Server thread/INFO]: [CraftEnhance] Enabling CraftEnhance v2.5.6.1
[09:21:19] [Server thread/INFO]: [com.dutchjelly.craftenhance.libs.menu.library.RegisterMenuAPI] Now starting MenuApi.. Any errors will be shown below.
[09:21:21] [Server thread/INFO]: [CraftEnhance] CraftEnhance is managed and developed by DutchJelly.
[09:21:21] [Server thread/INFO]: [CraftEnhance] If you find a bug in the plugin, please report it to https://github.com/DutchJelly/CraftEnhance/issues .
[09:21:21] [Server thread/INFO]: [CraftEnhance] Running a version check to check that the server is compatible with game version 1.9, 1.10, 1.11, 1.12, 1.13, 1.14, 1.15, 1.16, 1.17, 1.18, 1.19, 1.20.
[09:21:21] [Server thread/INFO]: [CraftEnhance] 
[09:21:21] [Server thread/INFO]: [CraftEnhance] !! Incompatibility found !!
[09:21:21] [Server thread/INFO]: [CraftEnhance] The installed version of CraftEnhance only supports spigot/bukkit versions "1.9, 1.10, 1.11, 1.12, 1.13, 1.14, 1.15, 1.16, 1.17, 1.18, 1.19, 1.20"
[09:21:21] [Server thread/INFO]: [CraftEnhance] while your server is running 1.21-R0.1-SNAPSHOT.
[09:21:21] [Server thread/INFO]: [CraftEnhance] The correct version can be installed here: https://www.spigotmc.org/resources/1-9-1-19-custom-recipes-and-crafting-craftenhance.65058/ or https://dev.bukkit.org/projects/craftenhance/files .
[09:21:21] [Server thread/INFO]: [CraftEnhance] Alternatively do you find latest here: https://github.com/broken1arrow/CraftEnhance/releases .
[09:21:21] [Server thread/INFO]: [CraftEnhance] When installing the plugin make sure that the game version matches your bukkit or spigot version.
[09:21:21] [Server thread/INFO]: [CraftEnhance] Please note that this incompatibility could cause duping glitches.
[09:21:21] [Server thread/INFO]: [CraftEnhance] WARN: The installed version isn't tested to work with this version of the server.
[09:21:21] [Server thread/INFO]: [CraftEnhance] WARN: The installed version isn't tested to work with this version of the server.
[09:21:21] [Server thread/INFO]: [CraftEnhance] WARN: The installed version isn't tested to work with this version of the server.
[09:21:21] [Server thread/INFO]: [CraftEnhance] WARN: The installed version isn't tested to work with this version of the server.
[09:21:21] [Server thread/INFO]: [ChestSort] Enabling ChestSort v14.1.0
[09:21:21] [Server thread/INFO]: [ChestSort] Hooked into WorldGuard 7.0.12+829a4a4
[09:21:21] [Server thread/INFO]: [ChestSort] Use permissions: true
[09:21:21] [Server thread/INFO]: [ChestSort] Current sorting method: {category},{itemsFirst},{name},{color},{customName}
[09:21:21] [Server thread/INFO]: [ChestSort] Allow automatic chest sorting:true
[09:21:21] [Server thread/INFO]: [ChestSort]   |- Chest sorting enabled by default: false
[09:21:21] [Server thread/INFO]: [ChestSort]   |- Sort time: close
[09:21:21] [Server thread/INFO]: [ChestSort] Allow automatic inventory sorting:true
[09:21:21] [Server thread/INFO]: [ChestSort]   |- Inventory sorting enabled by default: false
[09:21:21] [Server thread/INFO]: [ChestSort] Auto generate category files: true
[09:21:21] [Server thread/INFO]: [ChestSort] Allow hotkeys: true
[09:21:21] [Server thread/INFO]: [ChestSort] Hotkeys enabled by default:
[09:21:21] [Server thread/INFO]: [ChestSort]   |- Middle-Click: true
[09:21:21] [Server thread/INFO]: [ChestSort]   |- Shift-Click: true
[09:21:21] [Server thread/INFO]: [ChestSort]   |- Double-Click: true
[09:21:21] [Server thread/INFO]: [ChestSort]   |- Shift-Right-Click: true
[09:21:21] [Server thread/INFO]: [ChestSort] Allow additional hotkeys: true
[09:21:21] [Server thread/INFO]: [ChestSort] Additional hotkeys enabled by default:
[09:21:21] [Server thread/INFO]: [ChestSort]   |- Left-Click: false
[09:21:21] [Server thread/INFO]: [ChestSort]   |- Right-Click: false
[09:21:21] [Server thread/INFO]: [ChestSort] Check for updates: true
[09:21:21] [Server thread/INFO]: [ChestSort] Check interval: 4 hours (4.0 seconds)
[09:21:21] [Server thread/INFO]: [ChestSort] Categories: 900-weapons (6), 905-common-tools (4), 907-other-tools (6), 909-food (33), 910-valuables (47), 920-armor-and-arrows (9), 930-brewing (18), 950-redstone (23), 960-wood (60), 970-stone (38), 980-plants (50), 981-corals (1)
[09:21:21] [Server thread/INFO]: [AuraSkills] Enabling AuraSkills v2.1.5
[09:21:22] [Server thread/INFO]: [AuraSkills] Loaded 21 message files
[09:21:23] [Server thread/INFO]: [AuraSkills] Successfully registered hook LuckPerms
[09:21:23] [Server thread/INFO]: [AuraSkills] Successfully registered hook WorldGuard
[09:21:23] [Server thread/INFO]: [AuraSkills] Successfully registered hook MythicMobs
[09:21:23] [Server thread/INFO]: [AuraSkills] Loaded 126 config options in 134 ms
[09:21:23] [Server thread/INFO]: [NBTAPI] [NBTAPI] Found Minecraft: 1.21! Trying to find NMS support
[09:21:23] [Server thread/INFO]: [NBTAPI] [NBTAPI] NMS support 'MC1_21_R1' loaded!
[09:21:23] [Server thread/INFO]: [NBTAPI] [NBTAPI] Using the plugin 'AuraSkills' to create a bStats instance!
[09:21:24] [Server thread/INFO]: [AuraSkills] Loaded 3 blocked/disabled worlds
[09:21:24] [Server thread/INFO]: [AuraSkills] [ACF] Enabled Asynchronous Tab Completion Support!
[09:21:26] [Server thread/INFO]: Running delayed init tasks
[09:21:26] [Craft Scheduler Thread - 6 - Essentials/INFO]: [Essentials] Fetching version information...
[09:21:26] [Server thread/INFO]: [Skript] Loading variables...
[09:21:26] [User Authenticator #0/INFO]: UUID of player Anhahahaha is f91eca1e-d0e6-3f71-9a41-5e8a1af0a9d4
[09:21:26] [Server thread/INFO]: [Skript] Loaded 0 variables in 0.0 seconds
[09:21:26] [Server thread/INFO]: [Skript] All scripts loaded without errors.
[09:21:26] [Server thread/INFO]: [Skript]     No scripts were found, maybe you should write some ;)
[09:21:26] [Server thread/INFO]: [Skript] Finished loading.
[09:21:26] [Craft Scheduler Thread - 7 - CraftEnhance/INFO]: [CraftEnhance] There's a new version (2.5.7.7) of the plugin available on https://www.spigotmc.org/resources/1-9-1-19-custom-recipes-and-crafting-craftenhance.65058/ or https://dev.bukkit.org/projects/craftenhance/files .
[09:21:27] [Server thread/INFO]: [AuraSkills] Loaded 11 skills with 312 total sources
[09:21:27] [Server thread/INFO]: [AuraSkills] Loaded 9 stats and 17 traits
[09:21:27] [Server thread/INFO]: [AuraSkills] Loaded 36 pattern rewards and 0 level rewards
[09:21:27] [Server thread/INFO]: [AuraSkills] Loaded 53 loot entries in 4 pools and 2 tables
[09:21:28] [Server thread/INFO]: [AuraSkills] Loaded 6 menus
[09:21:28] [Server thread/WARN]: [AuraSkills] Invalid player data file name: e9c246cc-bc31-3fef-9a9c-b34d773135e6.yml
[09:21:28] [Server thread/WARN]: [ChestSort] **************************************************
[09:21:28] [Server thread/WARN]: [ChestSort] * There is a new version of ChestSort available!
[09:21:28] [Server thread/WARN]: [ChestSort] *  
[09:21:28] [Server thread/WARN]: [ChestSort] * Your version:   14.1.0
[09:21:28] [Server thread/WARN]: [ChestSort] * Latest version: 14.2.0
[09:21:28] [Server thread/WARN]: [ChestSort] *  
[09:21:28] [Server thread/WARN]: [ChestSort] * Please update to the newest version.
[09:21:28] [Server thread/WARN]: [ChestSort] *  
[09:21:28] [Server thread/WARN]: [ChestSort] * Download:
[09:21:28] [Server thread/WARN]: [ChestSort] *   https://www.chestsort.de
[09:21:28] [Server thread/WARN]: [ChestSort] **************************************************
[09:21:28] [Server thread/INFO]: Done (59.635s)! For help, type "help"
[09:21:28] [Server thread/INFO]: Timings Reset
[09:21:28] [Server thread/INFO]: Anhahahaha (/[0:0:0:0:0:0:0:1%0]:59336) lost connection: Disconnected
[09:21:28] [Server thread/WARN]: Can't keep up! Is the server overloaded? Running 2588ms or 51 ticks behind
[09:21:50] [User Authenticator #0/INFO]: UUID of player Anhahahaha is f91eca1e-d0e6-3f71-9a41-5e8a1af0a9d4
[09:21:54] [Server thread/INFO]: Anhahahaha joined the game
[09:21:54] [Server thread/INFO]: Anhahahaha[/[0:0:0:0:0:0:0:1%0]:35858] logged in with entity id 37 at ([world]-231.30000001192093, 68.0, 235.69999998807907)
[09:21:57] [Server thread/WARN]: Can't keep up! Is the server overloaded? Running 2520ms or 50 ticks behind
[09:22:41] [Server thread/INFO]: Anhahahaha lost connection: Disconnected
[09:22:42] [Server thread/INFO]: Anhahahaha left the game
[09:22:46] [User Authenticator #0/INFO]: UUID of player Anhahahaha is f91eca1e-d0e6-3f71-9a41-5e8a1af0a9d4
[09:22:49] [Server thread/INFO]: Anhahahaha joined the game
[09:22:49] [Server thread/INFO]: Anhahahaha[/[0:0:0:0:0:0:0:1%0]:32950] logged in with entity id 429 at ([world]-220.9572529448662, 75.0, 245.45920340600694)
[09:23:19] [Server thread/INFO]: Anhahahaha issued server command: /warps
[09:24:22] [Server thread/INFO]: Anhahahaha lost connection: Disconnected
[09:24:22] [Server thread/INFO]: Anhahahaha left the game
[09:24:49] [User Authenticator #1/INFO]: UUID of player Anhahahaha is f91eca1e-d0e6-3f71-9a41-5e8a1af0a9d4
[09:24:53] [Server thread/INFO]: Anhahahaha joined the game
[09:24:53] [Server thread/INFO]: Anhahahaha[/[0:0:0:0:0:0:0:1%0]:60066] logged in with entity id 792 at ([world]-219.1022848560831, 75.0, 246.09670123655476)
[09:25:16] [Server thread/INFO]: Anhahahaha issued server command: /wand
[09:25:22] [Server thread/INFO]: Anhahahaha issued server command: //wand
[09:25:34] [Server thread/INFO]: Anhahahaha issued server command: /gamemode 1
[09:26:06] [User Authenticator #2/INFO]: UUID of player BacanTv is 6e776b1a-b727-3897-aa5c-e537363b8a5f
[09:26:11] [Server thread/INFO]: BacanTv joined the game
[09:26:11] [Server thread/INFO]: BacanTv[/[0:0:0:0:0:0:0:1%0]:51118] logged in with entity id 1661 at ([world]-398.10154549813586, 68.0, 233.67848534616314)
[09:26:22] [Server thread/INFO]: Anhahahaha issued server command: //expand vert
[09:26:31] [Craft Scheduler Thread - 24 - AuraSkills/WARN]: [AuraSkills] Invalid player data file name: e9c246cc-bc31-3fef-9a9c-b34d773135e6.yml
[09:26:34] [Server thread/WARN]: Can't keep up! Is the server overloaded? Running 2869ms or 57 ticks behind
[09:26:57] [Server thread/INFO]: Anhahahaha issued server command: /rg define AnhahahahaHome
[09:27:19] [Server thread/INFO]: Anhahahaha issued server command: /rg define AnhahahahaHome
[09:28:08] [Server thread/INFO]: Anhahahaha issued server command: //expand vert
[09:28:18] [Server thread/INFO]: Anhahahaha issued server command: /rg define AnhahahahaHome
[09:28:24] [WorldGuard Region I/O/INFO]: [WorldGuard] Region data changes made in 'world' have been background saved
[09:28:31] [Server thread/INFO]: BacanTv issued server command: /tpa anhahahaha
[09:29:13] [Server thread/INFO]: Anhahahaha issued server command: /rg define Anhahahaha
[09:29:23] [Server thread/INFO]: Villager Villager['Villager'/941, uuid='2a506109-28cc-45bb-a2f1-0d86778c70c0', l='ServerLevel[world]', x=-322.67, y=32.32, z=304.33, cpos=[-21, 19], tl=236663, v=true] died, message: 'Villager tried to swim in lava'
[09:29:24] [WorldGuard Region I/O/INFO]: [WorldGuard] Region data changes made in 'world' have been background saved
[09:29:47] [Server thread/INFO]: Anhahahaha issued server command: /rg flag Anhahahaha passthrough allow
[09:29:54] [WorldGuard Region I/O/INFO]: [WorldGuard] Region data changes made in 'world' have been background saved
[09:30:03] [Server thread/INFO]: Anhahahaha issued server command: /rg flag Anhahahaha build deny
[09:30:24] [WorldGuard Region I/O/INFO]: [WorldGuard] Region data changes made in 'world' have been background saved
[09:30:24] [Server thread/INFO]: Anhahahaha issued server command: /gamemode survival
[09:31:04] [Server thread/INFO]: BacanTv lost connection: Disconnected
[09:31:04] [Server thread/INFO]: BacanTv left the game
[09:31:22] [Server thread/INFO]: Unknown or incomplete command, see below for error
/deop Anhahahaha<--[HERE]
[09:31:26] [Server thread/INFO]: Made Anhahahaha no longer a server operator
[09:31:34] [Craft Scheduler Thread - 43 - AuraSkills/WARN]: [AuraSkills] Invalid player data file name: e9c246cc-bc31-3fef-9a9c-b34d773135e6.yml
[09:33:59] [Server thread/INFO]: Made Anhahahaha a server operator
[09:34:07] [Server thread/INFO]: Anhahahaha issued server command: /rg select Anhahahaha
[09:34:15] [Server thread/INFO]: Anhahahaha issued server command: //sel
[09:34:22] [Server thread/INFO]: Anhahahaha issued server command: /gamemode creative
[09:34:59] [Server thread/INFO]: Anhahahaha issued server command: //sel
[09:35:35] [Server thread/INFO]: Anhahahaha issued server command: /rg select Anhahahaha
[09:35:51] [Server thread/INFO]: Anhahahaha issued server command: //sel
[09:35:59] [Server thread/INFO]: Anhahahaha issued server command: /rg info
[09:36:21] [Server thread/INFO]: Made Anhahahaha no longer a server operator
[09:36:24] [WorldGuard Region I/O/INFO]: [WorldGuard] Region data changes made in 'world' have been background saved
[09:36:33] [Craft Scheduler Thread - 60 - AuraSkills/WARN]: [AuraSkills] Invalid player data file name: e9c246cc-bc31-3fef-9a9c-b34d773135e6.yml
[09:39:12] [Server thread/INFO]: Anhahahaha issued server command: /rg addmember Anhahahaha Anhahahaha
[09:39:20] [Server thread/INFO]: Made Anhahahaha a server operator
[09:39:22] [Server thread/INFO]: Anhahahaha issued server command: /rg addmember Anhahahaha Anhahahaha
[09:39:24] [WorldGuard Region I/O/INFO]: [WorldGuard] Region data changes made in 'world' have been background saved
[09:39:32] [Server thread/INFO]: Anhahahaha issued server command: /rg addmember Anhahahaha BacAnTv
[09:39:41] [Server thread/INFO]: Anhahahaha issued server command: /rg info
[09:39:54] [WorldGuard Region I/O/INFO]: [WorldGuard] Region data changes made in 'world' have been background saved
[09:40:07] [Server thread/INFO]: Anhahahaha issued server command: /rg info Anhahahaha
[09:40:37] [Server thread/INFO]: Anhahahaha issued server command: /rg addowner -w "world" Anhahahaha Anhahahaha
[09:40:41] [Server thread/INFO]: Anhahahaha issued server command: /rg info Anhahahaha
[09:40:54] [WorldGuard Region I/O/INFO]: [WorldGuard] Region data changes made in 'world' have been background saved
[09:41:34] [Craft Scheduler Thread - 79 - AuraSkills/WARN]: [AuraSkills] Invalid player data file name: e9c246cc-bc31-3fef-9a9c-b34d773135e6.yml
[09:44:45] [Server thread/INFO]: Villager Villager['Villager'/883, uuid='87879b19-1425-47dc-b802-4c4962e64ad5', l='ServerLevel[world]', x=-448.60, y=65.00, z=220.48, cpos=[-29, 13], tl=167985, v=true] died, message: 'Villager was slain by Zombie'
[09:46:33] [Craft Scheduler Thread - 98 - AuraSkills/WARN]: [AuraSkills] Invalid player data file name: e9c246cc-bc31-3fef-9a9c-b34d773135e6.yml
[09:51:33] [Craft Scheduler Thread - 113 - AuraSkills/WARN]: [AuraSkills] Invalid player data file name: e9c246cc-bc31-3fef-9a9c-b34d773135e6.yml
[09:56:33] [Craft Scheduler Thread - 127 - AuraSkills/WARN]: [AuraSkills] Invalid player data file name: e9c246cc-bc31-3fef-9a9c-b34d773135e6.yml
[09:57:06] [Server thread/INFO]: Anhahahaha issued server command: /mm reload
[09:57:06] [Server thread/INFO]: [MythicMobs] Saving plugin data...
[09:57:06] [Server thread/INFO]: [MythicMobs] ✓Saving Finished
[09:57:06] [Server thread/INFO]: [MythicMobs] Loading Packs...
[09:57:06] [Server thread/INFO]: [MythicMobs] Loading Items...
[09:57:06] [Server thread/INFO]: [MythicMobs] Loading Item Groups...
[09:57:06] [Server thread/INFO]: [MythicMobs] Loading Skills...
[09:57:06] [Server thread/ERROR]: Cannot load plugins/MythicMobs/mobs/ExampleMobs.yml
org.bukkit.configuration.InvalidConfigurationException: while parsing a block mapping
 in 'reader', line 127, column 3:
      Type: ZOMBIE
      ^
expected <block end>, but found '<block mapping start>'
 in 'reader', line 155, column 5:
        Conditions:
        ^

	at org.bukkit.configuration.file.YamlConfiguration.loadFromString(YamlConfiguration.java:111) ~[paper-api-1.21-R0.1-SNAPSHOT.jar:?]
	at org.bukkit.configuration.file.FileConfiguration.load(FileConfiguration.java:160) ~[paper-api-1.21-R0.1-SNAPSHOT.jar:?]
	at org.bukkit.configuration.file.FileConfiguration.load(FileConfiguration.java:128) ~[paper-api-1.21-R0.1-SNAPSHOT.jar:?]
	at org.bukkit.configuration.file.YamlConfiguration.loadConfiguration(YamlConfiguration.java:309) ~[paper-api-1.21-R0.1-SNAPSHOT.jar:?]
	at MythicMobs-5.9.0.jar/io.lumine.mythic.core.config.IOLoader.reloadCustomConfig(IOLoader.java:80) ~[MythicMobs-5.9.0.jar:?]
	at MythicMobs-5.9.0.jar/io.lumine.mythic.core.config.IOLoader.<init>(IOLoader.java:49) ~[MythicMobs-5.9.0.jar:?]
	at MythicMobs-5.9.0.jar/io.lumine.mythic.core.mobs.MobExecutor.loadMobs(MobExecutor.java:109) ~[MythicMobs-5.9.0.jar:?]
	at MythicMobs-5.9.0.jar/io.lumine.mythic.core.config.ConfigExecutor.load(ConfigExecutor.java:455) ~[MythicMobs-5.9.0.jar:?]
	at MythicMobs-5.9.0.jar/io.lumine.mythic.core.config.ConfigExecutor.load(ConfigExecutor.java:52) ~[MythicMobs-5.9.0.jar:?]
	at MythicMobs-5.9.0.jar/io.lumine.mythic.bukkit.utils.plugin.ReloadableModule.reload(ReloadableModule.java:19) ~[MythicMobs-5.9.0.jar:?]
	at MythicMobs-5.9.0.jar/io.lumine.mythic.bukkit.commands.ReloadCommand.doReloadPart1(ReloadCommand.java:121) ~[MythicMobs-5.9.0.jar:?]
	at MythicMobs-5.9.0.jar/io.lumine.mythic.bukkit.commands.ReloadCommand.onCommand(ReloadCommand.java:68) ~[MythicMobs-5.9.0.jar:?]
	at MythicMobs-5.9.0.jar/io.lumine.mythic.bukkit.utils.commands.Command.onCommand(Command.java:64) ~[MythicMobs-5.9.0.jar:?]
	at MythicMobs-5.9.0.jar/io.lumine.mythic.bukkit.utils.commands.Command.onCommand(Command.java:55) ~[MythicMobs-5.9.0.jar:?]
	at org.bukkit.command.PluginCommand.execute(PluginCommand.java:45) ~[paper-api-1.21-R0.1-SNAPSHOT.jar:?]
	at io.papermc.paper.command.brigadier.bukkit.BukkitCommandNode$BukkitBrigCommand.run(BukkitCommandNode.java:91) ~[paper-1.21.jar:1.21-27-76c2f16]
	at com.mojang.brigadier.context.ContextChain.runExecutable(ContextChain.java:73) ~[brigadier-1.2.9.jar:?]
	at net.minecraft.commands.execution.tasks.ExecuteCommand.execute(ExecuteCommand.java:31) ~[paper-1.21.jar:1.21-27-76c2f16]
	at net.minecraft.commands.execution.tasks.ExecuteCommand.execute(ExecuteCommand.java:19) ~[paper-1.21.jar:1.21-27-76c2f16]
	at net.minecraft.commands.execution.UnboundEntryAction.lambda$bind$0(UnboundEntryAction.java:8) ~[paper-1.21.jar:1.21-27-76c2f16]
	at net.minecraft.commands.execution.CommandQueueEntry.execute(CommandQueueEntry.java:5) ~[paper-1.21.jar:1.21-27-76c2f16]
	at net.minecraft.commands.execution.ExecutionContext.runCommandQueue(ExecutionContext.java:103) ~[paper-1.21.jar:1.21-27-76c2f16]
	at net.minecraft.commands.Commands.executeCommandInContext(Commands.java:446) ~[paper-1.21.jar:1.21-27-76c2f16]
	at net.minecraft.commands.Commands.performCommand(Commands.java:353) ~[paper-1.21.jar:1.21-27-76c2f16]
	at net.minecraft.commands.Commands.performCommand(Commands.java:340) ~[paper-1.21.jar:1.21-27-76c2f16]
	at net.minecraft.commands.Commands.performCommand(Commands.java:335) ~[paper-1.21.jar:1.21-27-76c2f16]
	at net.minecraft.server.network.ServerGamePacketListenerImpl.performUnsignedChatCommand(ServerGamePacketListenerImpl.java:2147) ~[paper-1.21.jar:1.21-27-76c2f16]
	at net.minecraft.server.network.ServerGamePacketListenerImpl.lambda$handleChatCommand$11(ServerGamePacketListenerImpl.java:2121) ~[paper-1.21.jar:1.21-27-76c2f16]
	at net.minecraft.server.TickTask.run(TickTask.java:18) ~[paper-1.21.jar:1.21-27-76c2f16]
	at net.minecraft.util.thread.BlockableEventLoop.doRunTask(BlockableEventLoop.java:151) ~[paper-1.21.jar:1.21-27-76c2f16]
	at net.minecraft.util.thread.ReentrantBlockableEventLoop.doRunTask(ReentrantBlockableEventLoop.java:24) ~[paper-1.21.jar:1.21-27-76c2f16]
	at net.minecraft.server.MinecraftServer.doRunTask(MinecraftServer.java:1478) ~[paper-1.21.jar:1.21-27-76c2f16]
	at net.minecraft.server.MinecraftServer.doRunTask(MinecraftServer.java:201) ~[paper-1.21.jar:1.21-27-76c2f16]
	at net.minecraft.util.thread.BlockableEventLoop.pollTask(BlockableEventLoop.java:125) ~[paper-1.21.jar:1.21-27-76c2f16]
	at net.minecraft.server.MinecraftServer.pollTaskInternal(MinecraftServer.java:1456) ~[paper-1.21.jar:1.21-27-76c2f16]
	at net.minecraft.server.MinecraftServer.pollTask(MinecraftServer.java:1449) ~[paper-1.21.jar:1.21-27-76c2f16]
	at net.minecraft.util.thread.BlockableEventLoop.runAllTasks(BlockableEventLoop.java:114) ~[paper-1.21.jar:1.21-27-76c2f16]
	at net.minecraft.server.MinecraftServer.tickServer(MinecraftServer.java:1558) ~[paper-1.21.jar:1.21-27-76c2f16]
	at net.minecraft.server.MinecraftServer.runServer(MinecraftServer.java:1246) ~[paper-1.21.jar:1.21-27-76c2f16]
	at net.minecraft.server.MinecraftServer.lambda$spin$0(MinecraftServer.java:329) ~[paper-1.21.jar:1.21-27-76c2f16]
	at java.base/java.lang.Thread.run(Thread.java:1583) ~[?:?]
Caused by: org.yaml.snakeyaml.parser.ParserException: while parsing a block mapping
 in 'reader', line 127, column 3:
      Type: ZOMBIE
      ^
expected <block end>, but found '<block mapping start>'
 in 'reader', line 155, column 5:
        Conditions:
        ^

	at org.yaml.snakeyaml.parser.ParserImpl$ParseBlockMappingKey.produce(ParserImpl.java:654) ~[snakeyaml-2.2.jar:?]
	at org.yaml.snakeyaml.parser.ParserImpl.peekEvent(ParserImpl.java:161) ~[snakeyaml-2.2.jar:?]
	at org.yaml.snakeyaml.comments.CommentEventsCollector$1.peek(CommentEventsCollector.java:57) ~[snakeyaml-2.2.jar:?]
	at org.yaml.snakeyaml.comments.CommentEventsCollector$1.peek(CommentEventsCollector.java:43) ~[snakeyaml-2.2.jar:?]
	at org.yaml.snakeyaml.comments.CommentEventsCollector.collectEvents(CommentEventsCollector.java:136) ~[snakeyaml-2.2.jar:?]
	at org.yaml.snakeyaml.comments.CommentEventsCollector.collectEvents(CommentEventsCollector.java:116) ~[snakeyaml-2.2.jar:?]
	at org.yaml.snakeyaml.composer.Composer.composeSequenceNode(Composer.java:284) ~[snakeyaml-2.2.jar:?]
	at org.yaml.snakeyaml.composer.Composer.composeNode(Composer.java:207) ~[snakeyaml-2.2.jar:?]
	at org.yaml.snakeyaml.composer.Composer.composeValueNode(Composer.java:369) ~[snakeyaml-2.2.jar:?]
	at org.yaml.snakeyaml.composer.Composer.composeMappingChildren(Composer.java:348) ~[snakeyaml-2.2.jar:?]
	at org.yaml.snakeyaml.composer.Composer.composeMappingNode(Composer.java:323) ~[snakeyaml-2.2.jar:?]
	at org.yaml.snakeyaml.composer.Composer.composeNode(Composer.java:209) ~[snakeyaml-2.2.jar:?]
	at org.yaml.snakeyaml.composer.Composer.composeValueNode(Composer.java:369) ~[snakeyaml-2.2.jar:?]
	at org.yaml.snakeyaml.composer.Composer.composeMappingChildren(Composer.java:348) ~[snakeyaml-2.2.jar:?]
	at org.yaml.snakeyaml.composer.Composer.composeMappingNode(Composer.java:323) ~[snakeyaml-2.2.jar:?]
	at org.yaml.snakeyaml.composer.Composer.composeNode(Composer.java:209) ~[snakeyaml-2.2.jar:?]
	at org.yaml.snakeyaml.composer.Composer.getNode(Composer.java:131) ~[snakeyaml-2.2.jar:?]
	at org.yaml.snakeyaml.composer.Composer.getSingleNode(Composer.java:157) ~[snakeyaml-2.2.jar:?]
	at org.yaml.snakeyaml.Yaml.compose(Yaml.java:575) ~[snakeyaml-2.2.jar:?]
	at org.bukkit.configuration.file.YamlConfiguration.loadFromString(YamlConfiguration.java:104) ~[paper-api-1.21-R0.1-SNAPSHOT.jar:?]
	... 40 more
[09:57:06] [Server thread/ERROR]: Cannot load plugins/MythicMobs/mobs/ExampleMobs.yml
org.bukkit.configuration.InvalidConfigurationException: while parsing a block mapping
 in 'reader', line 127, column 3:
      Type: ZOMBIE
      ^
expected <block end>, but found '<block mapping start>'
 in 'reader', line 155, column 5:
        Conditions:
        ^

	at org.bukkit.configuration.file.YamlConfiguration.loadFromString(YamlConfiguration.java:111) ~[paper-api-1.21-R0.1-SNAPSHOT.jar:?]
	at org.bukkit.configuration.file.FileConfiguration.load(FileConfiguration.java:160) ~[paper-api-1.21-R0.1-SNAPSHOT.jar:?]
	at org.bukkit.configuration.file.FileConfiguration.load(FileConfiguration.java:128) ~[paper-api-1.21-R0.1-SNAPSHOT.jar:?]
	at org.bukkit.configuration.file.YamlConfiguration.loadConfiguration(YamlConfiguration.java:309) ~[paper-api-1.21-R0.1-SNAPSHOT.jar:?]
	at MythicMobs-5.9.0.jar/io.lumine.mythic.core.config.IOLoader.reloadCustomConfig(IOLoader.java:80) ~[MythicMobs-5.9.0.jar:?]
	at MythicMobs-5.9.0.jar/io.lumine.mythic.core.config.IOLoader.<init>(IOLoader.java:56) ~[MythicMobs-5.9.0.jar:?]
	at MythicMobs-5.9.0.jar/io.lumine.mythic.core.config.IOHandler.getSaveLoad(IOHandler.java:46) ~[MythicMobs-5.9.0.jar:?]
	at MythicMobs-5.9.0.jar/io.lumine.mythic.core.mobs.MobExecutor.loadMobs(MobExecutor.java:113) ~[MythicMobs-5.9.0.jar:?]
	at MythicMobs-5.9.0.jar/io.lumine.mythic.core.config.ConfigExecutor.load(ConfigExecutor.java:455) ~[MythicMobs-5.9.0.jar:?]
	at MythicMobs-5.9.0.jar/io.lumine.mythic.core.config.ConfigExecutor.load(ConfigExecutor.java:52) ~[MythicMobs-5.9.0.jar:?]
	at MythicMobs-5.9.0.jar/io.lumine.mythic.bukkit.utils.plugin.ReloadableModule.reload(ReloadableModule.java:19) ~[MythicMobs-5.9.0.jar:?]
	at MythicMobs-5.9.0.jar/io.lumine.mythic.bukkit.commands.ReloadCommand.doReloadPart1(ReloadCommand.java:121) ~[MythicMobs-5.9.0.jar:?]
	at MythicMobs-5.9.0.jar/io.lumine.mythic.bukkit.commands.ReloadCommand.onCommand(ReloadCommand.java:68) ~[MythicMobs-5.9.0.jar:?]
	at MythicMobs-5.9.0.jar/io.lumine.mythic.bukkit.utils.commands.Command.onCommand(Command.java:64) ~[MythicMobs-5.9.0.jar:?]
	at MythicMobs-5.9.0.jar/io.lumine.mythic.bukkit.utils.commands.Command.onCommand(Command.java:55) ~[MythicMobs-5.9.0.jar:?]
	at org.bukkit.command.PluginCommand.execute(PluginCommand.java:45) ~[paper-api-1.21-R0.1-SNAPSHOT.jar:?]
	at io.papermc.paper.command.brigadier.bukkit.BukkitCommandNode$BukkitBrigCommand.run(BukkitCommandNode.java:91) ~[paper-1.21.jar:1.21-27-76c2f16]
	at com.mojang.brigadier.context.ContextChain.runExecutable(ContextChain.java:73) ~[brigadier-1.2.9.jar:?]
	at net.minecraft.commands.execution.tasks.ExecuteCommand.execute(ExecuteCommand.java:31) ~[paper-1.21.jar:1.21-27-76c2f16]
	at net.minecraft.commands.execution.tasks.ExecuteCommand.execute(ExecuteCommand.java:19) ~[paper-1.21.jar:1.21-27-76c2f16]
	at net.minecraft.commands.execution.UnboundEntryAction.lambda$bind$0(UnboundEntryAction.java:8) ~[paper-1.21.jar:1.21-27-76c2f16]
	at net.minecraft.commands.execution.CommandQueueEntry.execute(CommandQueueEntry.java:5) ~[paper-1.21.jar:1.21-27-76c2f16]
	at net.minecraft.commands.execution.ExecutionContext.runCommandQueue(ExecutionContext.java:103) ~[paper-1.21.jar:1.21-27-76c2f16]
	at net.minecraft.commands.Commands.executeCommandInContext(Commands.java:446) ~[paper-1.21.jar:1.21-27-76c2f16]
	at net.minecraft.commands.Commands.performCommand(Commands.java:353) ~[paper-1.21.jar:1.21-27-76c2f16]
	at net.minecraft.commands.Commands.performCommand(Commands.java:340) ~[paper-1.21.jar:1.21-27-76c2f16]
	at net.minecraft.commands.Commands.performCommand(Commands.java:335) ~[paper-1.21.jar:1.21-27-76c2f16]
	at net.minecraft.server.network.ServerGamePacketListenerImpl.performUnsignedChatCommand(ServerGamePacketListenerImpl.java:2147) ~[paper-1.21.jar:1.21-27-76c2f16]
	at net.minecraft.server.network.ServerGamePacketListenerImpl.lambda$handleChatCommand$11(ServerGamePacketListenerImpl.java:2121) ~[paper-1.21.jar:1.21-27-76c2f16]
	at net.minecraft.server.TickTask.run(TickTask.java:18) ~[paper-1.21.jar:1.21-27-76c2f16]
	at net.minecraft.util.thread.BlockableEventLoop.doRunTask(BlockableEventLoop.java:151) ~[paper-1.21.jar:1.21-27-76c2f16]
	at net.minecraft.util.thread.ReentrantBlockableEventLoop.doRunTask(ReentrantBlockableEventLoop.java:24) ~[paper-1.21.jar:1.21-27-76c2f16]
	at net.minecraft.server.MinecraftServer.doRunTask(MinecraftServer.java:1478) ~[paper-1.21.jar:1.21-27-76c2f16]
	at net.minecraft.server.MinecraftServer.doRunTask(MinecraftServer.java:201) ~[paper-1.21.jar:1.21-27-76c2f16]
	at net.minecraft.util.thread.BlockableEventLoop.pollTask(BlockableEventLoop.java:125) ~[paper-1.21.jar:1.21-27-76c2f16]
	at net.minecraft.server.MinecraftServer.pollTaskInternal(MinecraftServer.java:1456) ~[paper-1.21.jar:1.21-27-76c2f16]
	at net.minecraft.server.MinecraftServer.pollTask(MinecraftServer.java:1449) ~[paper-1.21.jar:1.21-27-76c2f16]
	at net.minecraft.util.thread.BlockableEventLoop.runAllTasks(BlockableEventLoop.java:114) ~[paper-1.21.jar:1.21-27-76c2f16]
	at net.minecraft.server.MinecraftServer.tickServer(MinecraftServer.java:1558) ~[paper-1.21.jar:1.21-27-76c2f16]
	at net.minecraft.server.MinecraftServer.runServer(MinecraftServer.java:1246) ~[paper-1.21.jar:1.21-27-76c2f16]
	at net.minecraft.server.MinecraftServer.lambda$spin$0(MinecraftServer.java:329) ~[paper-1.21.jar:1.21-27-76c2f16]
	at java.base/java.lang.Thread.run(Thread.java:1583) ~[?:?]
Caused by: org.yaml.snakeyaml.parser.ParserException: while parsing a block mapping
 in 'reader', line 127, column 3:
      Type: ZOMBIE
      ^
expected <block end>, but found '<block mapping start>'
 in 'reader', line 155, column 5:
        Conditions:
        ^

	at org.yaml.snakeyaml.parser.ParserImpl$ParseBlockMappingKey.produce(ParserImpl.java:654) ~[snakeyaml-2.2.jar:?]
	at org.yaml.snakeyaml.parser.ParserImpl.peekEvent(ParserImpl.java:161) ~[snakeyaml-2.2.jar:?]
	at org.yaml.snakeyaml.comments.CommentEventsCollector$1.peek(CommentEventsCollector.java:57) ~[snakeyaml-2.2.jar:?]
	at org.yaml.snakeyaml.comments.CommentEventsCollector$1.peek(CommentEventsCollector.java:43) ~[snakeyaml-2.2.jar:?]
	at org.yaml.snakeyaml.comments.CommentEventsCollector.collectEvents(CommentEventsCollector.java:136) ~[snakeyaml-2.2.jar:?]
	at org.yaml.snakeyaml.comments.CommentEventsCollector.collectEvents(CommentEventsCollector.java:116) ~[snakeyaml-2.2.jar:?]
	at org.yaml.snakeyaml.composer.Composer.composeSequenceNode(Composer.java:284) ~[snakeyaml-2.2.jar:?]
	at org.yaml.snakeyaml.composer.Composer.composeNode(Composer.java:207) ~[snakeyaml-2.2.jar:?]
	at org.yaml.snakeyaml.composer.Composer.composeValueNode(Composer.java:369) ~[snakeyaml-2.2.jar:?]
	at org.yaml.snakeyaml.composer.Composer.composeMappingChildren(Composer.java:348) ~[snakeyaml-2.2.jar:?]
	at org.yaml.snakeyaml.composer.Composer.composeMappingNode(Composer.java:323) ~[snakeyaml-2.2.jar:?]
	at org.yaml.snakeyaml.composer.Composer.composeNode(Composer.java:209) ~[snakeyaml-2.2.jar:?]
	at org.yaml.snakeyaml.composer.Composer.composeValueNode(Composer.java:369) ~[snakeyaml-2.2.jar:?]
	at org.yaml.snakeyaml.composer.Composer.composeMappingChildren(Composer.java:348) ~[snakeyaml-2.2.jar:?]
	at org.yaml.snakeyaml.composer.Composer.composeMappingNode(Composer.java:323) ~[snakeyaml-2.2.jar:?]
	at org.yaml.snakeyaml.composer.Composer.composeNode(Composer.java:209) ~[snakeyaml-2.2.jar:?]
	at org.yaml.snakeyaml.composer.Composer.getNode(Composer.java:131) ~[snakeyaml-2.2.jar:?]
	at org.yaml.snakeyaml.composer.Composer.getSingleNode(Composer.java:157) ~[snakeyaml-2.2.jar:?]
	at org.yaml.snakeyaml.Yaml.compose(Yaml.java:575) ~[snakeyaml-2.2.jar:?]
	at org.bukkit.configuration.file.YamlConfiguration.loadFromString(YamlConfiguration.java:104) ~[paper-api-1.21-R0.1-SNAPSHOT.jar:?]
	... 41 more
[09:57:06] [Server thread/WARN]: org.bukkit.configuration.InvalidConfigurationException: while parsing a block mapping
[09:57:06] [Server thread/WARN]:  in 'reader', line 127, column 3:
[09:57:06] [Server thread/WARN]:       Type: ZOMBIE
[09:57:06] [Server thread/WARN]:       ^
[09:57:06] [Server thread/WARN]: expected <block end>, but found '<block mapping start>'
[09:57:06] [Server thread/WARN]:  in 'reader', line 155, column 5:
[09:57:06] [Server thread/WARN]:         Conditions:
[09:57:06] [Server thread/WARN]:         ^
[09:57:06] [Server thread/WARN]: 
[09:57:06] [Server thread/WARN]: 	at org.bukkit.configuration.file.YamlConfiguration.loadFromString(YamlConfiguration.java:111)
[09:57:06] [Server thread/WARN]: 	at org.bukkit.configuration.file.FileConfiguration.load(FileConfiguration.java:160)
[09:57:06] [Server thread/WARN]: 	at org.bukkit.configuration.file.FileConfiguration.load(FileConfiguration.java:128)
[09:57:06] [Server thread/WARN]: 	at MythicMobs-5.9.0.jar//io.lumine.mythic.core.config.MythicConfigImpl.<init>(MythicConfigImpl.java:56)
[09:57:06] [Server thread/WARN]: 	at MythicMobs-5.9.0.jar//io.lumine.mythic.core.config.MythicConfigImpl.<init>(MythicConfigImpl.java:47)
[09:57:06] [Server thread/WARN]: 	at MythicMobs-5.9.0.jar//io.lumine.mythic.core.mobs.MobExecutor.loadMobs(MobExecutor.java:124)
[09:57:06] [Server thread/WARN]: 	at MythicMobs-5.9.0.jar//io.lumine.mythic.core.config.ConfigExecutor.load(ConfigExecutor.java:455)
[09:57:06] [Server thread/WARN]: 	at MythicMobs-5.9.0.jar//io.lumine.mythic.core.config.ConfigExecutor.load(ConfigExecutor.java:52)
[09:57:06] [Server thread/WARN]: 	at MythicMobs-5.9.0.jar//io.lumine.mythic.bukkit.utils.plugin.ReloadableModule.reload(ReloadableModule.java:19)
[09:57:06] [Server thread/WARN]: 	at MythicMobs-5.9.0.jar//io.lumine.mythic.bukkit.commands.ReloadCommand.doReloadPart1(ReloadCommand.java:121)
[09:57:06] [Server thread/WARN]: 	at MythicMobs-5.9.0.jar//io.lumine.mythic.bukkit.commands.ReloadCommand.onCommand(ReloadCommand.java:68)
[09:57:06] [Server thread/WARN]: 	at MythicMobs-5.9.0.jar//io.lumine.mythic.bukkit.utils.commands.Command.onCommand(Command.java:64)
[09:57:06] [Server thread/WARN]: 	at MythicMobs-5.9.0.jar//io.lumine.mythic.bukkit.utils.commands.Command.onCommand(Command.java:55)
[09:57:06] [Server thread/WARN]: 	at org.bukkit.command.PluginCommand.execute(PluginCommand.java:45)
[09:57:06] [Server thread/WARN]: 	at io.papermc.paper.command.brigadier.bukkit.BukkitCommandNode$BukkitBrigCommand.run(BukkitCommandNode.java:91)
[09:57:06] [Server thread/WARN]: 	at com.mojang.brigadier.context.ContextChain.runExecutable(ContextChain.java:73)
[09:57:06] [Server thread/WARN]: 	at net.minecraft.commands.execution.tasks.ExecuteCommand.execute(ExecuteCommand.java:31)
[09:57:06] [Server thread/WARN]: 	at net.minecraft.commands.execution.tasks.ExecuteCommand.execute(ExecuteCommand.java:19)
[09:57:06] [Server thread/WARN]: 	at net.minecraft.commands.execution.UnboundEntryAction.lambda$bind$0(UnboundEntryAction.java:8)
[09:57:06] [Server thread/WARN]: 	at net.minecraft.commands.execution.CommandQueueEntry.execute(CommandQueueEntry.java:5)
[09:57:06] [Server thread/WARN]: 	at net.minecraft.commands.execution.ExecutionContext.runCommandQueue(ExecutionContext.java:103)
[09:57:06] [Server thread/WARN]: 	at net.minecraft.commands.Commands.executeCommandInContext(Commands.java:446)
[09:57:06] [Server thread/WARN]: 	at net.minecraft.commands.Commands.performCommand(Commands.java:353)
[09:57:06] [Server thread/WARN]: 	at net.minecraft.commands.Commands.performCommand(Commands.java:340)
[09:57:06] [Server thread/WARN]: 	at net.minecraft.commands.Commands.performCommand(Commands.java:335)
[09:57:06] [Server thread/WARN]: 	at net.minecraft.server.network.ServerGamePacketListenerImpl.performUnsignedChatCommand(ServerGamePacketListenerImpl.java:2147)
[09:57:06] [Server thread/WARN]: 	at net.minecraft.server.network.ServerGamePacketListenerImpl.lambda$handleChatCommand$11(ServerGamePacketListenerImpl.java:2121)
[09:57:06] [Server thread/WARN]: 	at net.minecraft.server.TickTask.run(TickTask.java:18)
[09:57:06] [Server thread/WARN]: 	at net.minecraft.util.thread.BlockableEventLoop.doRunTask(BlockableEventLoop.java:151)
[09:57:06] [Server thread/WARN]: 	at net.minecraft.util.thread.ReentrantBlockableEventLoop.doRunTask(ReentrantBlockableEventLoop.java:24)
[09:57:06] [Server thread/WARN]: 	at net.minecraft.server.MinecraftServer.doRunTask(MinecraftServer.java:1478)
[09:57:06] [Server thread/WARN]: 	at net.minecraft.server.MinecraftServer.doRunTask(MinecraftServer.java:201)
[09:57:06] [Server thread/WARN]: 	at net.minecraft.util.thread.BlockableEventLoop.pollTask(BlockableEventLoop.java:125)
[09:57:06] [Server thread/WARN]: 	at net.minecraft.server.MinecraftServer.pollTaskInternal(MinecraftServer.java:1456)
[09:57:06] [Server thread/WARN]: 	at net.minecraft.server.MinecraftServer.pollTask(MinecraftServer.java:1449)
[09:57:06] [Server thread/WARN]: 	at net.minecraft.util.thread.BlockableEventLoop.runAllTasks(BlockableEventLoop.java:114)
[09:57:06] [Server thread/WARN]: 	at net.minecraft.server.MinecraftServer.tickServer(MinecraftServer.java:1558)
[09:57:06] [Server thread/WARN]: 	at net.minecraft.server.MinecraftServer.runServer(MinecraftServer.java:1246)
[09:57:06] [Server thread/WARN]: 	at net.minecraft.server.MinecraftServer.lambda$spin$0(MinecraftServer.java:329)
[09:57:06] [Server thread/WARN]: 	at java.base/java.lang.Thread.run(Thread.java:1583)
[09:57:06] [Server thread/WARN]: Caused by: while parsing a block mapping
[09:57:06] [Server thread/WARN]:  in 'reader', line 127, column 3:
[09:57:06] [Server thread/WARN]:       Type: ZOMBIE
[09:57:06] [Server thread/WARN]:       ^
[09:57:06] [Server thread/WARN]: expected <block end>, but found '<block mapping start>'
[09:57:06] [Server thread/WARN]:  in 'reader', line 155, column 5:
[09:57:06] [Server thread/WARN]:         Conditions:
[09:57:06] [Server thread/WARN]:         ^
[09:57:06] [Server thread/WARN]: 
[09:57:06] [Server thread/WARN]: 	at org.yaml.snakeyaml.parser.ParserImpl$ParseBlockMappingKey.produce(ParserImpl.java:654)
[09:57:06] [Server thread/WARN]: 	at org.yaml.snakeyaml.parser.ParserImpl.peekEvent(ParserImpl.java:161)
[09:57:06] [Server thread/WARN]: 	at org.yaml.snakeyaml.comments.CommentEventsCollector$1.peek(CommentEventsCollector.java:57)
[09:57:06] [Server thread/WARN]: 	at org.yaml.snakeyaml.comments.CommentEventsCollector$1.peek(CommentEventsCollector.java:43)
[09:57:06] [Server thread/WARN]: 	at org.yaml.snakeyaml.comments.CommentEventsCollector.collectEvents(CommentEventsCollector.java:136)
[09:57:06] [Server thread/WARN]: 	at org.yaml.snakeyaml.comments.CommentEventsCollector.collectEvents(CommentEventsCollector.java:116)
[09:57:06] [Server thread/WARN]: 	at org.yaml.snakeyaml.composer.Composer.composeSequenceNode(Composer.java:284)
[09:57:06] [Server thread/WARN]: 	at org.yaml.snakeyaml.composer.Composer.composeNode(Composer.java:207)
[09:57:06] [Server thread/WARN]: 	at org.yaml.snakeyaml.composer.Composer.composeValueNode(Composer.java:369)
[09:57:06] [Server thread/WARN]: 	at org.yaml.snakeyaml.composer.Composer.composeMappingChildren(Composer.java:348)
[09:57:06] [Server thread/WARN]: 	at org.yaml.snakeyaml.composer.Composer.composeMappingNode(Composer.java:323)
[09:57:06] [Server thread/WARN]: 	at org.yaml.snakeyaml.composer.Composer.composeNode(Composer.java:209)
[09:57:06] [Server thread/WARN]: 	at org.yaml.snakeyaml.composer.Composer.composeValueNode(Composer.java:369)
[09:57:06] [Server thread/WARN]: 	at org.yaml.snakeyaml.composer.Composer.composeMappingChildren(Composer.java:348)
[09:57:06] [Server thread/WARN]: 	at org.yaml.snakeyaml.composer.Composer.composeMappingNode(Composer.java:323)
[09:57:06] [Server thread/WARN]: 	at org.yaml.snakeyaml.composer.Composer.composeNode(Composer.java:209)
[09:57:06] [Server thread/WARN]: 	at org.yaml.snakeyaml.composer.Composer.getNode(Composer.java:131)
[09:57:06] [Server thread/WARN]: 	at org.yaml.snakeyaml.composer.Composer.getSingleNode(Composer.java:157)
[09:57:06] [Server thread/WARN]: 	at org.yaml.snakeyaml.Yaml.compose(Yaml.java:575)
[09:57:06] [Server thread/WARN]: 	at org.bukkit.configuration.file.YamlConfiguration.loadFromString(YamlConfiguration.java:104)
[09:57:06] [Server thread/WARN]: 	... 39 more
[09:57:06] [Server thread/ERROR]: Cannot load /workspaces/server/server/plugins/MythicMobs/mobs/ExampleMobs.yml
org.bukkit.configuration.InvalidConfigurationException: while parsing a block mapping
 in 'reader', line 127, column 3:
      Type: ZOMBIE
      ^
expected <block end>, but found '<block mapping start>'
 in 'reader', line 155, column 5:
        Conditions:
        ^

	at org.bukkit.configuration.file.YamlConfiguration.loadFromString(YamlConfiguration.java:111) ~[paper-api-1.21-R0.1-SNAPSHOT.jar:?]
	at org.bukkit.configuration.file.FileConfiguration.load(FileConfiguration.java:160) ~[paper-api-1.21-R0.1-SNAPSHOT.jar:?]
	at org.bukkit.configuration.file.FileConfiguration.load(FileConfiguration.java:128) ~[paper-api-1.21-R0.1-SNAPSHOT.jar:?]
	at org.bukkit.configuration.file.YamlConfiguration.loadConfiguration(YamlConfiguration.java:309) ~[paper-api-1.21-R0.1-SNAPSHOT.jar:?]
	at MythicMobs-5.9.0.jar/io.lumine.mythic.bukkit.utils.config.properties.types.NodeListProp.getNodes(NodeListProp.java:43) ~[MythicMobs-5.9.0.jar:?]
	at MythicMobs-5.9.0.jar/io.lumine.mythic.core.mobs.MobExecutor.loadMobs(MobExecutor.java:126) ~[MythicMobs-5.9.0.jar:?]
	at MythicMobs-5.9.0.jar/io.lumine.mythic.core.config.ConfigExecutor.load(ConfigExecutor.java:455) ~[MythicMobs-5.9.0.jar:?]
	at MythicMobs-5.9.0.jar/io.lumine.mythic.core.config.ConfigExecutor.load(ConfigExecutor.java:52) ~[MythicMobs-5.9.0.jar:?]
	at MythicMobs-5.9.0.jar/io.lumine.mythic.bukkit.utils.plugin.ReloadableModule.reload(ReloadableModule.java:19) ~[MythicMobs-5.9.0.jar:?]
	at MythicMobs-5.9.0.jar/io.lumine.mythic.bukkit.commands.ReloadCommand.doReloadPart1(ReloadCommand.java:121) ~[MythicMobs-5.9.0.jar:?]
	at MythicMobs-5.9.0.jar/io.lumine.mythic.bukkit.commands.ReloadCommand.onCommand(ReloadCommand.java:68) ~[MythicMobs-5.9.0.jar:?]
	at MythicMobs-5.9.0.jar/io.lumine.mythic.bukkit.utils.commands.Command.onCommand(Command.java:64) ~[MythicMobs-5.9.0.jar:?]
	at MythicMobs-5.9.0.jar/io.lumine.mythic.bukkit.utils.commands.Command.onCommand(Command.java:55) ~[MythicMobs-5.9.0.jar:?]
	at org.bukkit.command.PluginCommand.execute(PluginCommand.java:45) ~[paper-api-1.21-R0.1-SNAPSHOT.jar:?]
	at io.papermc.paper.command.brigadier.bukkit.BukkitCommandNode$BukkitBrigCommand.run(BukkitCommandNode.java:91) ~[paper-1.21.jar:1.21-27-76c2f16]
	at com.mojang.brigadier.context.ContextChain.runExecutable(ContextChain.java:73) ~[brigadier-1.2.9.jar:?]
	at net.minecraft.commands.execution.tasks.ExecuteCommand.execute(ExecuteCommand.java:31) ~[paper-1.21.jar:1.21-27-76c2f16]
	at net.minecraft.commands.execution.tasks.ExecuteCommand.execute(ExecuteCommand.java:19) ~[paper-1.21.jar:1.21-27-76c2f16]
	at net.minecraft.commands.execution.UnboundEntryAction.lambda$bind$0(UnboundEntryAction.java:8) ~[paper-1.21.jar:1.21-27-76c2f16]
	at net.minecraft.commands.execution.CommandQueueEntry.execute(CommandQueueEntry.java:5) ~[paper-1.21.jar:1.21-27-76c2f16]
	at net.minecraft.commands.execution.ExecutionContext.runCommandQueue(ExecutionContext.java:103) ~[paper-1.21.jar:1.21-27-76c2f16]
	at net.minecraft.commands.Commands.executeCommandInContext(Commands.java:446) ~[paper-1.21.jar:1.21-27-76c2f16]
	at net.minecraft.commands.Commands.performCommand(Commands.java:353) ~[paper-1.21.jar:1.21-27-76c2f16]
	at net.minecraft.commands.Commands.performCommand(Commands.java:340) ~[paper-1.21.jar:1.21-27-76c2f16]
	at net.minecraft.commands.Commands.performCommand(Commands.java:335) ~[paper-1.21.jar:1.21-27-76c2f16]
	at net.minecraft.server.network.ServerGamePacketListenerImpl.performUnsignedChatCommand(ServerGamePacketListenerImpl.java:2147) ~[paper-1.21.jar:1.21-27-76c2f16]
	at net.minecraft.server.network.ServerGamePacketListenerImpl.lambda$handleChatCommand$11(ServerGamePacketListenerImpl.java:2121) ~[paper-1.21.jar:1.21-27-76c2f16]
	at net.minecraft.server.TickTask.run(TickTask.java:18) ~[paper-1.21.jar:1.21-27-76c2f16]
	at net.minecraft.util.thread.BlockableEventLoop.doRunTask(BlockableEventLoop.java:151) ~[paper-1.21.jar:1.21-27-76c2f16]
	at net.minecraft.util.thread.ReentrantBlockableEventLoop.doRunTask(ReentrantBlockableEventLoop.java:24) ~[paper-1.21.jar:1.21-27-76c2f16]
	at net.minecraft.server.MinecraftServer.doRunTask(MinecraftServer.java:1478) ~[paper-1.21.jar:1.21-27-76c2f16]
	at net.minecraft.server.MinecraftServer.doRunTask(MinecraftServer.java:201) ~[paper-1.21.jar:1.21-27-76c2f16]
	at net.minecraft.util.thread.BlockableEventLoop.pollTask(BlockableEventLoop.java:125) ~[paper-1.21.jar:1.21-27-76c2f16]
	at net.minecraft.server.MinecraftServer.pollTaskInternal(MinecraftServer.java:1456) ~[paper-1.21.jar:1.21-27-76c2f16]
	at net.minecraft.server.MinecraftServer.pollTask(MinecraftServer.java:1449) ~[paper-1.21.jar:1.21-27-76c2f16]
	at net.minecraft.util.thread.BlockableEventLoop.runAllTasks(BlockableEventLoop.java:114) ~[paper-1.21.jar:1.21-27-76c2f16]
	at net.minecraft.server.MinecraftServer.tickServer(MinecraftServer.java:1558) ~[paper-1.21.jar:1.21-27-76c2f16]
	at net.minecraft.server.MinecraftServer.runServer(MinecraftServer.java:1246) ~[paper-1.21.jar:1.21-27-76c2f16]
	at net.minecraft.server.MinecraftServer.lambda$spin$0(MinecraftServer.java:329) ~[paper-1.21.jar:1.21-27-76c2f16]
	at java.base/java.lang.Thread.run(Thread.java:1583) ~[?:?]
Caused by: org.yaml.snakeyaml.parser.ParserException: while parsing a block mapping
 in 'reader', line 127, column 3:
      Type: ZOMBIE
      ^
expected <block end>, but found '<block mapping start>'
 in 'reader', line 155, column 5:
        Conditions:
        ^

	at org.yaml.snakeyaml.parser.ParserImpl$ParseBlockMappingKey.produce(ParserImpl.java:654) ~[snakeyaml-2.2.jar:?]
	at org.yaml.snakeyaml.parser.ParserImpl.peekEvent(ParserImpl.java:161) ~[snakeyaml-2.2.jar:?]
	at org.yaml.snakeyaml.comments.CommentEventsCollector$1.peek(CommentEventsCollector.java:57) ~[snakeyaml-2.2.jar:?]
	at org.yaml.snakeyaml.comments.CommentEventsCollector$1.peek(CommentEventsCollector.java:43) ~[snakeyaml-2.2.jar:?]
	at org.yaml.snakeyaml.comments.CommentEventsCollector.collectEvents(CommentEventsCollector.java:136) ~[snakeyaml-2.2.jar:?]
	at org.yaml.snakeyaml.comments.CommentEventsCollector.collectEvents(CommentEventsCollector.java:116) ~[snakeyaml-2.2.jar:?]
	at org.yaml.snakeyaml.composer.Composer.composeSequenceNode(Composer.java:284) ~[snakeyaml-2.2.jar:?]
	at org.yaml.snakeyaml.composer.Composer.composeNode(Composer.java:207) ~[snakeyaml-2.2.jar:?]
	at org.yaml.snakeyaml.composer.Composer.composeValueNode(Composer.java:369) ~[snakeyaml-2.2.jar:?]
	at org.yaml.snakeyaml.composer.Composer.composeMappingChildren(Composer.java:348) ~[snakeyaml-2.2.jar:?]
	at org.yaml.snakeyaml.composer.Composer.composeMappingNode(Composer.java:323) ~[snakeyaml-2.2.jar:?]
	at org.yaml.snakeyaml.composer.Composer.composeNode(Composer.java:209) ~[snakeyaml-2.2.jar:?]
	at org.yaml.snakeyaml.composer.Composer.composeValueNode(Composer.java:369) ~[snakeyaml-2.2.jar:?]
	at org.yaml.snakeyaml.composer.Composer.composeMappingChildren(Composer.java:348) ~[snakeyaml-2.2.jar:?]
	at org.yaml.snakeyaml.composer.Composer.composeMappingNode(Composer.java:323) ~[snakeyaml-2.2.jar:?]
	at org.yaml.snakeyaml.composer.Composer.composeNode(Composer.java:209) ~[snakeyaml-2.2.jar:?]
	at org.yaml.snakeyaml.composer.Composer.getNode(Composer.java:131) ~[snakeyaml-2.2.jar:?]
	at org.yaml.snakeyaml.composer.Composer.getSingleNode(Composer.java:157) ~[snakeyaml-2.2.jar:?]
	at org.yaml.snakeyaml.Yaml.compose(Yaml.java:575) ~[snakeyaml-2.2.jar:?]
	at org.bukkit.configuration.file.YamlConfiguration.loadFromString(YamlConfiguration.java:104) ~[paper-api-1.21-R0.1-SNAPSHOT.jar:?]
	... 39 more
[09:57:06] [Server thread/INFO]: [MythicMobs] Loading Drop Tables...
[09:57:06] [Server thread/INFO]: [MythicMobs] Loading Random Spawns...
[09:57:06] [Server thread/INFO]: [MythicMobs] Loading Spawn Blocks...
[09:57:06] [Server thread/WARN]: [MythicMobs] ✗ Configuration Error in Mechanic summon
[09:57:06] [Server thread/WARN]: [MythicMobs] --| Skill: SummonSkeletons | File: /workspaces/server/server/plugins/MythicMobs/skills/ExampleSkills.yml
[09:57:06] [Server thread/WARN]: [MythicMobs] --| Error Message: The 'type' attribute must be a valid MythicMob or MythicEntity type.
[09:57:06] [Server thread/WARN]: [MythicMobs] --| Mechanic Line: summon{mob=SkeletalMinion;amount=2;noise=5}
[09:57:06] [Server thread/WARN]: [MythicMobs] ✗ Configuration Error in Mechanic summon
[09:57:06] [Server thread/WARN]: [MythicMobs] --| Skill: SummonSkeletons | File: /workspaces/server/server/plugins/MythicMobs/skills/ExampleSkills.yml
[09:57:06] [Server thread/WARN]: [MythicMobs] --| Error Message: The 'type' attribute must be a valid MythicMob or MythicEntity type.
[09:57:06] [Server thread/WARN]: [MythicMobs] --| Mechanic Line: summon{mob=SkeletalMinion;amount=2;noise=5}
[09:57:06] [Server thread/WARN]: [MythicMobs] ✗ Configuration Error in Mechanic summon
[09:57:06] [Server thread/WARN]: [MythicMobs] --| Skill: SummonSkeletons | File: /workspaces/server/server/plugins/MythicMobs/skills/ExampleSkills.yml
[09:57:06] [Server thread/WARN]: [MythicMobs] --| Error Message: The 'type' attribute must be a valid MythicMob or MythicEntity type.
[09:57:06] [Server thread/WARN]: [MythicMobs] --| Mechanic Line: summon{mob=SkeletalMinion;amount=2;noise=5}
[09:57:07] [Server thread/INFO]: [MythicMobs] ✓ Loaded 3 mobs.
[09:57:07] [Server thread/INFO]: [MythicMobs] ✓ Loaded 3 vanilla mob overrides.
[09:57:07] [Server thread/INFO]: [MythicMobs] ✓ Loaded 0 mob stacks.
[09:57:07] [Server thread/INFO]: [MythicMobs] ✓ Loaded 8 skills.
[09:57:07] [Server thread/INFO]: [MythicMobs] ✓ Loaded 0 random spawns.
[09:57:07] [Server thread/INFO]: [MythicMobs] ✓ Loaded 4 mythic items.
[09:57:07] [Server thread/INFO]: [MythicMobs] ✓ Loaded 3 drop tables.
[09:57:07] [Server thread/INFO]: [MythicMobs] ✓ Loaded 0 mob spawners.
[09:57:07] [Server thread/INFO]: [MythicMobs] Mythic has finished reloading!
[09:59:19] [User Authenticator #3/INFO]: UUID of player gzzzgzzz is 8c223a65-d373-31d6-bc84-f381519ddd1b
[09:59:28] [Server thread/INFO]: Nothing changed. The player already is an operator
[09:59:31] [Server thread/INFO]: gzzzgzzz joined the game
[09:59:31] [Server thread/INFO]: gzzzgzzz[/[0:0:0:0:0:0:0:1%0]:36838] logged in with entity id 6149 at ([world]38.5, 69.0, 42.5)
[09:59:35] [Server thread/INFO]: Anhahahaha issued server command: /mm reload
[09:59:35] [Server thread/INFO]: [MythicMobs] Saving plugin data...
[09:59:35] [Server thread/INFO]: [MythicMobs] ✓Saving Finished
[09:59:35] [Server thread/INFO]: [MythicMobs] Loading Packs...
[09:59:35] [Server thread/INFO]: [MythicMobs] Loading Items...
[09:59:35] [Server thread/INFO]: [MythicMobs] Loading Item Groups...
[09:59:35] [Server thread/INFO]: [MythicMobs] Loading Skills...
[09:59:35] [Server thread/ERROR]: Cannot load plugins/MythicMobs/mobs/ExampleMobs.yml
org.bukkit.configuration.InvalidConfigurationException: while parsing a block mapping
 in 'reader', line 127, column 3:
      Type: ZOMBIE
      ^
expected <block end>, but found '<block mapping start>'
 in 'reader', line 155, column 5:
        Conditions:
        ^

	at org.bukkit.configuration.file.YamlConfiguration.loadFromString(YamlConfiguration.java:111) ~[paper-api-1.21-R0.1-SNAPSHOT.jar:?]
	at org.bukkit.configuration.file.FileConfiguration.load(FileConfiguration.java:160) ~[paper-api-1.21-R0.1-SNAPSHOT.jar:?]
	at org.bukkit.configuration.file.FileConfiguration.load(FileConfiguration.java:128) ~[paper-api-1.21-R0.1-SNAPSHOT.jar:?]
	at org.bukkit.configuration.file.YamlConfiguration.loadConfiguration(YamlConfiguration.java:309) ~[paper-api-1.21-R0.1-SNAPSHOT.jar:?]
	at MythicMobs-5.9.0.jar/io.lumine.mythic.core.config.IOLoader.reloadCustomConfig(IOLoader.java:80) ~[MythicMobs-5.9.0.jar:?]
	at MythicMobs-5.9.0.jar/io.lumine.mythic.core.config.IOLoader.<init>(IOLoader.java:49) ~[MythicMobs-5.9.0.jar:?]
	at MythicMobs-5.9.0.jar/io.lumine.mythic.core.mobs.MobExecutor.loadMobs(MobExecutor.java:109) ~[MythicMobs-5.9.0.jar:?]
	at MythicMobs-5.9.0.jar/io.lumine.mythic.core.config.ConfigExecutor.load(ConfigExecutor.java:455) ~[MythicMobs-5.9.0.jar:?]
	at MythicMobs-5.9.0.jar/io.lumine.mythic.core.config.ConfigExecutor.load(ConfigExecutor.java:52) ~[MythicMobs-5.9.0.jar:?]
	at MythicMobs-5.9.0.jar/io.lumine.mythic.bukkit.utils.plugin.ReloadableModule.reload(ReloadableModule.java:19) ~[MythicMobs-5.9.0.jar:?]
	at MythicMobs-5.9.0.jar/io.lumine.mythic.bukkit.commands.ReloadCommand.doReloadPart1(ReloadCommand.java:121) ~[MythicMobs-5.9.0.jar:?]
	at MythicMobs-5.9.0.jar/io.lumine.mythic.bukkit.commands.ReloadCommand.onCommand(ReloadCommand.java:68) ~[MythicMobs-5.9.0.jar:?]
	at MythicMobs-5.9.0.jar/io.lumine.mythic.bukkit.utils.commands.Command.onCommand(Command.java:64) ~[MythicMobs-5.9.0.jar:?]
	at MythicMobs-5.9.0.jar/io.lumine.mythic.bukkit.utils.commands.Command.onCommand(Command.java:55) ~[MythicMobs-5.9.0.jar:?]
	at org.bukkit.command.PluginCommand.execute(PluginCommand.java:45) ~[paper-api-1.21-R0.1-SNAPSHOT.jar:?]
	at io.papermc.paper.command.brigadier.bukkit.BukkitCommandNode$BukkitBrigCommand.run(BukkitCommandNode.java:91) ~[paper-1.21.jar:1.21-27-76c2f16]
	at com.mojang.brigadier.context.ContextChain.runExecutable(ContextChain.java:73) ~[brigadier-1.2.9.jar:?]
	at net.minecraft.commands.execution.tasks.ExecuteCommand.execute(ExecuteCommand.java:31) ~[paper-1.21.jar:1.21-27-76c2f16]
	at net.minecraft.commands.execution.tasks.ExecuteCommand.execute(ExecuteCommand.java:19) ~[paper-1.21.jar:1.21-27-76c2f16]
	at net.minecraft.commands.execution.UnboundEntryAction.lambda$bind$0(UnboundEntryAction.java:8) ~[paper-1.21.jar:1.21-27-76c2f16]
	at net.minecraft.commands.execution.CommandQueueEntry.execute(CommandQueueEntry.java:5) ~[paper-1.21.jar:1.21-27-76c2f16]
	at net.minecraft.commands.execution.ExecutionContext.runCommandQueue(ExecutionContext.java:103) ~[paper-1.21.jar:1.21-27-76c2f16]
	at net.minecraft.commands.Commands.executeCommandInContext(Commands.java:446) ~[paper-1.21.jar:1.21-27-76c2f16]
	at net.minecraft.commands.Commands.performCommand(Commands.java:353) ~[paper-1.21.jar:1.21-27-76c2f16]
	at net.minecraft.commands.Commands.performCommand(Commands.java:340) ~[paper-1.21.jar:1.21-27-76c2f16]
	at net.minecraft.commands.Commands.performCommand(Commands.java:335) ~[paper-1.21.jar:1.21-27-76c2f16]
	at net.minecraft.server.network.ServerGamePacketListenerImpl.performUnsignedChatCommand(ServerGamePacketListenerImpl.java:2147) ~[paper-1.21.jar:1.21-27-76c2f16]
	at net.minecraft.server.network.ServerGamePacketListenerImpl.lambda$handleChatCommand$11(ServerGamePacketListenerImpl.java:2121) ~[paper-1.21.jar:1.21-27-76c2f16]
	at net.minecraft.server.TickTask.run(TickTask.java:18) ~[paper-1.21.jar:1.21-27-76c2f16]
	at net.minecraft.util.thread.BlockableEventLoop.doRunTask(BlockableEventLoop.java:151) ~[paper-1.21.jar:1.21-27-76c2f16]
	at net.minecraft.util.thread.ReentrantBlockableEventLoop.doRunTask(ReentrantBlockableEventLoop.java:24) ~[paper-1.21.jar:1.21-27-76c2f16]
	at net.minecraft.server.MinecraftServer.doRunTask(MinecraftServer.java:1478) ~[paper-1.21.jar:1.21-27-76c2f16]
	at net.minecraft.server.MinecraftServer.doRunTask(MinecraftServer.java:201) ~[paper-1.21.jar:1.21-27-76c2f16]
	at net.minecraft.util.thread.BlockableEventLoop.pollTask(BlockableEventLoop.java:125) ~[paper-1.21.jar:1.21-27-76c2f16]
	at net.minecraft.server.MinecraftServer.pollTaskInternal(MinecraftServer.java:1456) ~[paper-1.21.jar:1.21-27-76c2f16]
	at net.minecraft.server.MinecraftServer.pollTask(MinecraftServer.java:1449) ~[paper-1.21.jar:1.21-27-76c2f16]
	at net.minecraft.util.thread.BlockableEventLoop.runAllTasks(BlockableEventLoop.java:114) ~[paper-1.21.jar:1.21-27-76c2f16]
	at net.minecraft.server.MinecraftServer.tickServer(MinecraftServer.java:1558) ~[paper-1.21.jar:1.21-27-76c2f16]
	at net.minecraft.server.MinecraftServer.runServer(MinecraftServer.java:1246) ~[paper-1.21.jar:1.21-27-76c2f16]
	at net.minecraft.server.MinecraftServer.lambda$spin$0(MinecraftServer.java:329) ~[paper-1.21.jar:1.21-27-76c2f16]
	at java.base/java.lang.Thread.run(Thread.java:1583) ~[?:?]
Caused by: org.yaml.snakeyaml.parser.ParserException: while parsing a block mapping
 in 'reader', line 127, column 3:
      Type: ZOMBIE
      ^
expected <block end>, but found '<block mapping start>'
 in 'reader', line 155, column 5:
        Conditions:
        ^

	at org.yaml.snakeyaml.parser.ParserImpl$ParseBlockMappingKey.produce(ParserImpl.java:654) ~[snakeyaml-2.2.jar:?]
	at org.yaml.snakeyaml.parser.ParserImpl.peekEvent(ParserImpl.java:161) ~[snakeyaml-2.2.jar:?]
	at org.yaml.snakeyaml.comments.CommentEventsCollector$1.peek(CommentEventsCollector.java:57) ~[snakeyaml-2.2.jar:?]
	at org.yaml.snakeyaml.comments.CommentEventsCollector$1.peek(CommentEventsCollector.java:43) ~[snakeyaml-2.2.jar:?]
	at org.yaml.snakeyaml.comments.CommentEventsCollector.collectEvents(CommentEventsCollector.java:136) ~[snakeyaml-2.2.jar:?]
	at org.yaml.snakeyaml.comments.CommentEventsCollector.collectEvents(CommentEventsCollector.java:116) ~[snakeyaml-2.2.jar:?]
	at org.yaml.snakeyaml.composer.Composer.composeSequenceNode(Composer.java:284) ~[snakeyaml-2.2.jar:?]
	at org.yaml.snakeyaml.composer.Composer.composeNode(Composer.java:207) ~[snakeyaml-2.2.jar:?]
	at org.yaml.snakeyaml.composer.Composer.composeValueNode(Composer.java:369) ~[snakeyaml-2.2.jar:?]
	at org.yaml.snakeyaml.composer.Composer.composeMappingChildren(Composer.java:348) ~[snakeyaml-2.2.jar:?]
	at org.yaml.snakeyaml.composer.Composer.composeMappingNode(Composer.java:323) ~[snakeyaml-2.2.jar:?]
	at org.yaml.snakeyaml.composer.Composer.composeNode(Composer.java:209) ~[snakeyaml-2.2.jar:?]
	at org.yaml.snakeyaml.composer.Composer.composeValueNode(Composer.java:369) ~[snakeyaml-2.2.jar:?]
	at org.yaml.snakeyaml.composer.Composer.composeMappingChildren(Composer.java:348) ~[snakeyaml-2.2.jar:?]
	at org.yaml.snakeyaml.composer.Composer.composeMappingNode(Composer.java:323) ~[snakeyaml-2.2.jar:?]
	at org.yaml.snakeyaml.composer.Composer.composeNode(Composer.java:209) ~[snakeyaml-2.2.jar:?]
	at org.yaml.snakeyaml.composer.Composer.getNode(Composer.java:131) ~[snakeyaml-2.2.jar:?]
	at org.yaml.snakeyaml.composer.Composer.getSingleNode(Composer.java:157) ~[snakeyaml-2.2.jar:?]
	at org.yaml.snakeyaml.Yaml.compose(Yaml.java:575) ~[snakeyaml-2.2.jar:?]
	at org.bukkit.configuration.file.YamlConfiguration.loadFromString(YamlConfiguration.java:104) ~[paper-api-1.21-R0.1-SNAPSHOT.jar:?]
	... 40 more
[09:59:35] [Server thread/ERROR]: Cannot load plugins/MythicMobs/mobs/ExampleMobs.yml
org.bukkit.configuration.InvalidConfigurationException: while parsing a block mapping
 in 'reader', line 127, column 3:
      Type: ZOMBIE
      ^
expected <block end>, but found '<block mapping start>'
 in 'reader', line 155, column 5:
        Conditions:
        ^

	at org.bukkit.configuration.file.YamlConfiguration.loadFromString(YamlConfiguration.java:111) ~[paper-api-1.21-R0.1-SNAPSHOT.jar:?]
	at org.bukkit.configuration.file.FileConfiguration.load(FileConfiguration.java:160) ~[paper-api-1.21-R0.1-SNAPSHOT.jar:?]
	at org.bukkit.configuration.file.FileConfiguration.load(FileConfiguration.java:128) ~[paper-api-1.21-R0.1-SNAPSHOT.jar:?]
	at org.bukkit.configuration.file.YamlConfiguration.loadConfiguration(YamlConfiguration.java:309) ~[paper-api-1.21-R0.1-SNAPSHOT.jar:?]
	at MythicMobs-5.9.0.jar/io.lumine.mythic.core.config.IOLoader.reloadCustomConfig(IOLoader.java:80) ~[MythicMobs-5.9.0.jar:?]
	at MythicMobs-5.9.0.jar/io.lumine.mythic.core.config.IOLoader.<init>(IOLoader.java:56) ~[MythicMobs-5.9.0.jar:?]
	at MythicMobs-5.9.0.jar/io.lumine.mythic.core.config.IOHandler.getSaveLoad(IOHandler.java:46) ~[MythicMobs-5.9.0.jar:?]
	at MythicMobs-5.9.0.jar/io.lumine.mythic.core.mobs.MobExecutor.loadMobs(MobExecutor.java:113) ~[MythicMobs-5.9.0.jar:?]
	at MythicMobs-5.9.0.jar/io.lumine.mythic.core.config.ConfigExecutor.load(ConfigExecutor.java:455) ~[MythicMobs-5.9.0.jar:?]
	at MythicMobs-5.9.0.jar/io.lumine.mythic.core.config.ConfigExecutor.load(ConfigExecutor.java:52) ~[MythicMobs-5.9.0.jar:?]
	at MythicMobs-5.9.0.jar/io.lumine.mythic.bukkit.utils.plugin.ReloadableModule.reload(ReloadableModule.java:19) ~[MythicMobs-5.9.0.jar:?]
	at MythicMobs-5.9.0.jar/io.lumine.mythic.bukkit.commands.ReloadCommand.doReloadPart1(ReloadCommand.java:121) ~[MythicMobs-5.9.0.jar:?]
	at MythicMobs-5.9.0.jar/io.lumine.mythic.bukkit.commands.ReloadCommand.onCommand(ReloadCommand.java:68) ~[MythicMobs-5.9.0.jar:?]
	at MythicMobs-5.9.0.jar/io.lumine.mythic.bukkit.utils.commands.Command.onCommand(Command.java:64) ~[MythicMobs-5.9.0.jar:?]
	at MythicMobs-5.9.0.jar/io.lumine.mythic.bukkit.utils.commands.Command.onCommand(Command.java:55) ~[MythicMobs-5.9.0.jar:?]
	at org.bukkit.command.PluginCommand.execute(PluginCommand.java:45) ~[paper-api-1.21-R0.1-SNAPSHOT.jar:?]
	at io.papermc.paper.command.brigadier.bukkit.BukkitCommandNode$BukkitBrigCommand.run(BukkitCommandNode.java:91) ~[paper-1.21.jar:1.21-27-76c2f16]
	at com.mojang.brigadier.context.ContextChain.runExecutable(ContextChain.java:73) ~[brigadier-1.2.9.jar:?]
	at net.minecraft.commands.execution.tasks.ExecuteCommand.execute(ExecuteCommand.java:31) ~[paper-1.21.jar:1.21-27-76c2f16]
	at net.minecraft.commands.execution.tasks.ExecuteCommand.execute(ExecuteCommand.java:19) ~[paper-1.21.jar:1.21-27-76c2f16]
	at net.minecraft.commands.execution.UnboundEntryAction.lambda$bind$0(UnboundEntryAction.java:8) ~[paper-1.21.jar:1.21-27-76c2f16]
	at net.minecraft.commands.execution.CommandQueueEntry.execute(CommandQueueEntry.java:5) ~[paper-1.21.jar:1.21-27-76c2f16]
	at net.minecraft.commands.execution.ExecutionContext.runCommandQueue(ExecutionContext.java:103) ~[paper-1.21.jar:1.21-27-76c2f16]
	at net.minecraft.commands.Commands.executeCommandInContext(Commands.java:446) ~[paper-1.21.jar:1.21-27-76c2f16]
	at net.minecraft.commands.Commands.performCommand(Commands.java:353) ~[paper-1.21.jar:1.21-27-76c2f16]
	at net.minecraft.commands.Commands.performCommand(Commands.java:340) ~[paper-1.21.jar:1.21-27-76c2f16]
	at net.minecraft.commands.Commands.performCommand(Commands.java:335) ~[paper-1.21.jar:1.21-27-76c2f16]
	at net.minecraft.server.network.ServerGamePacketListenerImpl.performUnsignedChatCommand(ServerGamePacketListenerImpl.java:2147) ~[paper-1.21.jar:1.21-27-76c2f16]
	at net.minecraft.server.network.ServerGamePacketListenerImpl.lambda$handleChatCommand$11(ServerGamePacketListenerImpl.java:2121) ~[paper-1.21.jar:1.21-27-76c2f16]
	at net.minecraft.server.TickTask.run(TickTask.java:18) ~[paper-1.21.jar:1.21-27-76c2f16]
	at net.minecraft.util.thread.BlockableEventLoop.doRunTask(BlockableEventLoop.java:151) ~[paper-1.21.jar:1.21-27-76c2f16]
	at net.minecraft.util.thread.ReentrantBlockableEventLoop.doRunTask(ReentrantBlockableEventLoop.java:24) ~[paper-1.21.jar:1.21-27-76c2f16]
	at net.minecraft.server.MinecraftServer.doRunTask(MinecraftServer.java:1478) ~[paper-1.21.jar:1.21-27-76c2f16]
	at net.minecraft.server.MinecraftServer.doRunTask(MinecraftServer.java:201) ~[paper-1.21.jar:1.21-27-76c2f16]
	at net.minecraft.util.thread.BlockableEventLoop.pollTask(BlockableEventLoop.java:125) ~[paper-1.21.jar:1.21-27-76c2f16]
	at net.minecraft.server.MinecraftServer.pollTaskInternal(MinecraftServer.java:1456) ~[paper-1.21.jar:1.21-27-76c2f16]
	at net.minecraft.server.MinecraftServer.pollTask(MinecraftServer.java:1449) ~[paper-1.21.jar:1.21-27-76c2f16]
	at net.minecraft.util.thread.BlockableEventLoop.runAllTasks(BlockableEventLoop.java:114) ~[paper-1.21.jar:1.21-27-76c2f16]
	at net.minecraft.server.MinecraftServer.tickServer(MinecraftServer.java:1558) ~[paper-1.21.jar:1.21-27-76c2f16]
	at net.minecraft.server.MinecraftServer.runServer(MinecraftServer.java:1246) ~[paper-1.21.jar:1.21-27-76c2f16]
	at net.minecraft.server.MinecraftServer.lambda$spin$0(MinecraftServer.java:329) ~[paper-1.21.jar:1.21-27-76c2f16]
	at java.base/java.lang.Thread.run(Thread.java:1583) ~[?:?]
Caused by: org.yaml.snakeyaml.parser.ParserException: while parsing a block mapping
 in 'reader', line 127, column 3:
      Type: ZOMBIE
      ^
expected <block end>, but found '<block mapping start>'
 in 'reader', line 155, column 5:
        Conditions:
        ^

	at org.yaml.snakeyaml.parser.ParserImpl$ParseBlockMappingKey.produce(ParserImpl.java:654) ~[snakeyaml-2.2.jar:?]
	at org.yaml.snakeyaml.parser.ParserImpl.peekEvent(ParserImpl.java:161) ~[snakeyaml-2.2.jar:?]
	at org.yaml.snakeyaml.comments.CommentEventsCollector$1.peek(CommentEventsCollector.java:57) ~[snakeyaml-2.2.jar:?]
	at org.yaml.snakeyaml.comments.CommentEventsCollector$1.peek(CommentEventsCollector.java:43) ~[snakeyaml-2.2.jar:?]
	at org.yaml.snakeyaml.comments.CommentEventsCollector.collectEvents(CommentEventsCollector.java:136) ~[snakeyaml-2.2.jar:?]
	at org.yaml.snakeyaml.comments.CommentEventsCollector.collectEvents(CommentEventsCollector.java:116) ~[snakeyaml-2.2.jar:?]
	at org.yaml.snakeyaml.composer.Composer.composeSequenceNode(Composer.java:284) ~[snakeyaml-2.2.jar:?]
	at org.yaml.snakeyaml.composer.Composer.composeNode(Composer.java:207) ~[snakeyaml-2.2.jar:?]
	at org.yaml.snakeyaml.composer.Composer.composeValueNode(Composer.java:369) ~[snakeyaml-2.2.jar:?]
	at org.yaml.snakeyaml.composer.Composer.composeMappingChildren(Composer.java:348) ~[snakeyaml-2.2.jar:?]
	at org.yaml.snakeyaml.composer.Composer.composeMappingNode(Composer.java:323) ~[snakeyaml-2.2.jar:?]
	at org.yaml.snakeyaml.composer.Composer.composeNode(Composer.java:209) ~[snakeyaml-2.2.jar:?]
	at org.yaml.snakeyaml.composer.Composer.composeValueNode(Composer.java:369) ~[snakeyaml-2.2.jar:?]
	at org.yaml.snakeyaml.composer.Composer.composeMappingChildren(Composer.java:348) ~[snakeyaml-2.2.jar:?]
	at org.yaml.snakeyaml.composer.Composer.composeMappingNode(Composer.java:323) ~[snakeyaml-2.2.jar:?]
	at org.yaml.snakeyaml.composer.Composer.composeNode(Composer.java:209) ~[snakeyaml-2.2.jar:?]
	at org.yaml.snakeyaml.composer.Composer.getNode(Composer.java:131) ~[snakeyaml-2.2.jar:?]
	at org.yaml.snakeyaml.composer.Composer.getSingleNode(Composer.java:157) ~[snakeyaml-2.2.jar:?]
	at org.yaml.snakeyaml.Yaml.compose(Yaml.java:575) ~[snakeyaml-2.2.jar:?]
	at org.bukkit.configuration.file.YamlConfiguration.loadFromString(YamlConfiguration.java:104) ~[paper-api-1.21-R0.1-SNAPSHOT.jar:?]
	... 41 more
[09:59:35] [Server thread/WARN]: org.bukkit.configuration.InvalidConfigurationException: while parsing a block mapping
[09:59:35] [Server thread/WARN]:  in 'reader', line 127, column 3:
[09:59:35] [Server thread/WARN]:       Type: ZOMBIE
[09:59:35] [Server thread/WARN]:       ^
[09:59:35] [Server thread/WARN]: expected <block end>, but found '<block mapping start>'
[09:59:35] [Server thread/WARN]:  in 'reader', line 155, column 5:
[09:59:35] [Server thread/WARN]:         Conditions:
[09:59:35] [Server thread/WARN]:         ^
[09:59:35] [Server thread/WARN]: 
[09:59:35] [Server thread/WARN]: 	at org.bukkit.configuration.file.YamlConfiguration.loadFromString(YamlConfiguration.java:111)
[09:59:35] [Server thread/WARN]: 	at org.bukkit.configuration.file.FileConfiguration.load(FileConfiguration.java:160)
[09:59:35] [Server thread/WARN]: 	at org.bukkit.configuration.file.FileConfiguration.load(FileConfiguration.java:128)
[09:59:35] [Server thread/WARN]: 	at MythicMobs-5.9.0.jar//io.lumine.mythic.core.config.MythicConfigImpl.<init>(MythicConfigImpl.java:56)
[09:59:35] [Server thread/WARN]: 	at MythicMobs-5.9.0.jar//io.lumine.mythic.core.config.MythicConfigImpl.<init>(MythicConfigImpl.java:47)
[09:59:35] [Server thread/WARN]: 	at MythicMobs-5.9.0.jar//io.lumine.mythic.core.mobs.MobExecutor.loadMobs(MobExecutor.java:124)
[09:59:35] [Server thread/WARN]: 	at MythicMobs-5.9.0.jar//io.lumine.mythic.core.config.ConfigExecutor.load(ConfigExecutor.java:455)
[09:59:35] [Server thread/WARN]: 	at MythicMobs-5.9.0.jar//io.lumine.mythic.core.config.ConfigExecutor.load(ConfigExecutor.java:52)
[09:59:35] [Server thread/WARN]: 	at MythicMobs-5.9.0.jar//io.lumine.mythic.bukkit.utils.plugin.ReloadableModule.reload(ReloadableModule.java:19)
[09:59:35] [Server thread/WARN]: 	at MythicMobs-5.9.0.jar//io.lumine.mythic.bukkit.commands.ReloadCommand.doReloadPart1(ReloadCommand.java:121)
[09:59:35] [Server thread/WARN]: 	at MythicMobs-5.9.0.jar//io.lumine.mythic.bukkit.commands.ReloadCommand.onCommand(ReloadCommand.java:68)
[09:59:35] [Server thread/WARN]: 	at MythicMobs-5.9.0.jar//io.lumine.mythic.bukkit.utils.commands.Command.onCommand(Command.java:64)
[09:59:35] [Server thread/WARN]: 	at MythicMobs-5.9.0.jar//io.lumine.mythic.bukkit.utils.commands.Command.onCommand(Command.java:55)
[09:59:35] [Server thread/WARN]: 	at org.bukkit.command.PluginCommand.execute(PluginCommand.java:45)
[09:59:35] [Server thread/WARN]: 	at io.papermc.paper.command.brigadier.bukkit.BukkitCommandNode$BukkitBrigCommand.run(BukkitCommandNode.java:91)
[09:59:35] [Server thread/WARN]: 	at com.mojang.brigadier.context.ContextChain.runExecutable(ContextChain.java:73)
[09:59:35] [Server thread/WARN]: 	at net.minecraft.commands.execution.tasks.ExecuteCommand.execute(ExecuteCommand.java:31)
[09:59:35] [Server thread/WARN]: 	at net.minecraft.commands.execution.tasks.ExecuteCommand.execute(ExecuteCommand.java:19)
[09:59:35] [Server thread/WARN]: 	at net.minecraft.commands.execution.UnboundEntryAction.lambda$bind$0(UnboundEntryAction.java:8)
[09:59:35] [Server thread/WARN]: 	at net.minecraft.commands.execution.CommandQueueEntry.execute(CommandQueueEntry.java:5)
[09:59:35] [Server thread/WARN]: 	at net.minecraft.commands.execution.ExecutionContext.runCommandQueue(ExecutionContext.java:103)
[09:59:35] [Server thread/WARN]: 	at net.minecraft.commands.Commands.executeCommandInContext(Commands.java:446)
[09:59:35] [Server thread/WARN]: 	at net.minecraft.commands.Commands.performCommand(Commands.java:353)
[09:59:35] [Server thread/WARN]: 	at net.minecraft.commands.Commands.performCommand(Commands.java:340)
[09:59:35] [Server thread/WARN]: 	at net.minecraft.commands.Commands.performCommand(Commands.java:335)
[09:59:35] [Server thread/WARN]: 	at net.minecraft.server.network.ServerGamePacketListenerImpl.performUnsignedChatCommand(ServerGamePacketListenerImpl.java:2147)
[09:59:35] [Server thread/WARN]: 	at net.minecraft.server.network.ServerGamePacketListenerImpl.lambda$handleChatCommand$11(ServerGamePacketListenerImpl.java:2121)
[09:59:35] [Server thread/WARN]: 	at net.minecraft.server.TickTask.run(TickTask.java:18)
[09:59:35] [Server thread/WARN]: 	at net.minecraft.util.thread.BlockableEventLoop.doRunTask(BlockableEventLoop.java:151)
[09:59:35] [Server thread/WARN]: 	at net.minecraft.util.thread.ReentrantBlockableEventLoop.doRunTask(ReentrantBlockableEventLoop.java:24)
[09:59:35] [Server thread/WARN]: 	at net.minecraft.server.MinecraftServer.doRunTask(MinecraftServer.java:1478)
[09:59:35] [Server thread/WARN]: 	at net.minecraft.server.MinecraftServer.doRunTask(MinecraftServer.java:201)
[09:59:35] [Server thread/WARN]: 	at net.minecraft.util.thread.BlockableEventLoop.pollTask(BlockableEventLoop.java:125)
[09:59:35] [Server thread/WARN]: 	at net.minecraft.server.MinecraftServer.pollTaskInternal(MinecraftServer.java:1456)
[09:59:35] [Server thread/WARN]: 	at net.minecraft.server.MinecraftServer.pollTask(MinecraftServer.java:1449)
[09:59:35] [Server thread/WARN]: 	at net.minecraft.util.thread.BlockableEventLoop.runAllTasks(BlockableEventLoop.java:114)
[09:59:35] [Server thread/WARN]: 	at net.minecraft.server.MinecraftServer.tickServer(MinecraftServer.java:1558)
[09:59:35] [Server thread/WARN]: 	at net.minecraft.server.MinecraftServer.runServer(MinecraftServer.java:1246)
[09:59:35] [Server thread/WARN]: 	at net.minecraft.server.MinecraftServer.lambda$spin$0(MinecraftServer.java:329)
[09:59:35] [Server thread/WARN]: 	at java.base/java.lang.Thread.run(Thread.java:1583)
[09:59:35] [Server thread/WARN]: Caused by: while parsing a block mapping
[09:59:35] [Server thread/WARN]:  in 'reader', line 127, column 3:
[09:59:35] [Server thread/WARN]:       Type: ZOMBIE
[09:59:35] [Server thread/WARN]:       ^
[09:59:35] [Server thread/WARN]: expected <block end>, but found '<block mapping start>'
[09:59:35] [Server thread/WARN]:  in 'reader', line 155, column 5:
[09:59:35] [Server thread/WARN]:         Conditions:
[09:59:35] [Server thread/WARN]:         ^
[09:59:35] [Server thread/WARN]: 
[09:59:35] [Server thread/WARN]: 	at org.yaml.snakeyaml.parser.ParserImpl$ParseBlockMappingKey.produce(ParserImpl.java:654)
[09:59:35] [Server thread/WARN]: 	at org.yaml.snakeyaml.parser.ParserImpl.peekEvent(ParserImpl.java:161)
[09:59:35] [Server thread/WARN]: 	at org.yaml.snakeyaml.comments.CommentEventsCollector$1.peek(CommentEventsCollector.java:57)
[09:59:35] [Server thread/WARN]: 	at org.yaml.snakeyaml.comments.CommentEventsCollector$1.peek(CommentEventsCollector.java:43)
[09:59:35] [Server thread/WARN]: 	at org.yaml.snakeyaml.comments.CommentEventsCollector.collectEvents(CommentEventsCollector.java:136)
[09:59:35] [Server thread/WARN]: 	at org.yaml.snakeyaml.comments.CommentEventsCollector.collectEvents(CommentEventsCollector.java:116)
[09:59:35] [Server thread/WARN]: 	at org.yaml.snakeyaml.composer.Composer.composeSequenceNode(Composer.java:284)
[09:59:35] [Server thread/WARN]: 	at org.yaml.snakeyaml.composer.Composer.composeNode(Composer.java:207)
[09:59:35] [Server thread/WARN]: 	at org.yaml.snakeyaml.composer.Composer.composeValueNode(Composer.java:369)
[09:59:35] [Server thread/WARN]: 	at org.yaml.snakeyaml.composer.Composer.composeMappingChildren(Composer.java:348)
[09:59:35] [Server thread/WARN]: 	at org.yaml.snakeyaml.composer.Composer.composeMappingNode(Composer.java:323)
[09:59:35] [Server thread/WARN]: 	at org.yaml.snakeyaml.composer.Composer.composeNode(Composer.java:209)
[09:59:35] [Server thread/WARN]: 	at org.yaml.snakeyaml.composer.Composer.composeValueNode(Composer.java:369)
[09:59:35] [Server thread/WARN]: 	at org.yaml.snakeyaml.composer.Composer.composeMappingChildren(Composer.java:348)
[09:59:35] [Server thread/WARN]: 	at org.yaml.snakeyaml.composer.Composer.composeMappingNode(Composer.java:323)
[09:59:35] [Server thread/WARN]: 	at org.yaml.snakeyaml.composer.Composer.composeNode(Composer.java:209)
[09:59:35] [Server thread/WARN]: 	at org.yaml.snakeyaml.composer.Composer.getNode(Composer.java:131)
[09:59:35] [Server thread/WARN]: 	at org.yaml.snakeyaml.composer.Composer.getSingleNode(Composer.java:157)
[09:59:35] [Server thread/WARN]: 	at org.yaml.snakeyaml.Yaml.compose(Yaml.java:575)
[09:59:35] [Server thread/WARN]: 	at org.bukkit.configuration.file.YamlConfiguration.loadFromString(YamlConfiguration.java:104)
[09:59:35] [Server thread/WARN]: 	... 39 more
[09:59:35] [Server thread/ERROR]: Cannot load /workspaces/server/server/plugins/MythicMobs/mobs/ExampleMobs.yml
org.bukkit.configuration.InvalidConfigurationException: while parsing a block mapping
 in 'reader', line 127, column 3:
      Type: ZOMBIE
      ^
expected <block end>, but found '<block mapping start>'
 in 'reader', line 155, column 5:
        Conditions:
        ^

	at org.bukkit.configuration.file.YamlConfiguration.loadFromString(YamlConfiguration.java:111) ~[paper-api-1.21-R0.1-SNAPSHOT.jar:?]
	at org.bukkit.configuration.file.FileConfiguration.load(FileConfiguration.java:160) ~[paper-api-1.21-R0.1-SNAPSHOT.jar:?]
	at org.bukkit.configuration.file.FileConfiguration.load(FileConfiguration.java:128) ~[paper-api-1.21-R0.1-SNAPSHOT.jar:?]
	at org.bukkit.configuration.file.YamlConfiguration.loadConfiguration(YamlConfiguration.java:309) ~[paper-api-1.21-R0.1-SNAPSHOT.jar:?]
	at MythicMobs-5.9.0.jar/io.lumine.mythic.bukkit.utils.config.properties.types.NodeListProp.getNodes(NodeListProp.java:43) ~[MythicMobs-5.9.0.jar:?]
	at MythicMobs-5.9.0.jar/io.lumine.mythic.core.mobs.MobExecutor.loadMobs(MobExecutor.java:126) ~[MythicMobs-5.9.0.jar:?]
	at MythicMobs-5.9.0.jar/io.lumine.mythic.core.config.ConfigExecutor.load(ConfigExecutor.java:455) ~[MythicMobs-5.9.0.jar:?]
	at MythicMobs-5.9.0.jar/io.lumine.mythic.core.config.ConfigExecutor.load(ConfigExecutor.java:52) ~[MythicMobs-5.9.0.jar:?]
	at MythicMobs-5.9.0.jar/io.lumine.mythic.bukkit.utils.plugin.ReloadableModule.reload(ReloadableModule.java:19) ~[MythicMobs-5.9.0.jar:?]
	at MythicMobs-5.9.0.jar/io.lumine.mythic.bukkit.commands.ReloadCommand.doReloadPart1(ReloadCommand.java:121) ~[MythicMobs-5.9.0.jar:?]
	at MythicMobs-5.9.0.jar/io.lumine.mythic.bukkit.commands.ReloadCommand.onCommand(ReloadCommand.java:68) ~[MythicMobs-5.9.0.jar:?]
	at MythicMobs-5.9.0.jar/io.lumine.mythic.bukkit.utils.commands.Command.onCommand(Command.java:64) ~[MythicMobs-5.9.0.jar:?]
	at MythicMobs-5.9.0.jar/io.lumine.mythic.bukkit.utils.commands.Command.onCommand(Command.java:55) ~[MythicMobs-5.9.0.jar:?]
	at org.bukkit.command.PluginCommand.execute(PluginCommand.java:45) ~[paper-api-1.21-R0.1-SNAPSHOT.jar:?]
	at io.papermc.paper.command.brigadier.bukkit.BukkitCommandNode$BukkitBrigCommand.run(BukkitCommandNode.java:91) ~[paper-1.21.jar:1.21-27-76c2f16]
	at com.mojang.brigadier.context.ContextChain.runExecutable(ContextChain.java:73) ~[brigadier-1.2.9.jar:?]
	at net.minecraft.commands.execution.tasks.ExecuteCommand.execute(ExecuteCommand.java:31) ~[paper-1.21.jar:1.21-27-76c2f16]
	at net.minecraft.commands.execution.tasks.ExecuteCommand.execute(ExecuteCommand.java:19) ~[paper-1.21.jar:1.21-27-76c2f16]
	at net.minecraft.commands.execution.UnboundEntryAction.lambda$bind$0(UnboundEntryAction.java:8) ~[paper-1.21.jar:1.21-27-76c2f16]
	at net.minecraft.commands.execution.CommandQueueEntry.execute(CommandQueueEntry.java:5) ~[paper-1.21.jar:1.21-27-76c2f16]
	at net.minecraft.commands.execution.ExecutionContext.runCommandQueue(ExecutionContext.java:103) ~[paper-1.21.jar:1.21-27-76c2f16]
	at net.minecraft.commands.Commands.executeCommandInContext(Commands.java:446) ~[paper-1.21.jar:1.21-27-76c2f16]
	at net.minecraft.commands.Commands.performCommand(Commands.java:353) ~[paper-1.21.jar:1.21-27-76c2f16]
	at net.minecraft.commands.Commands.performCommand(Commands.java:340) ~[paper-1.21.jar:1.21-27-76c2f16]
	at net.minecraft.commands.Commands.performCommand(Commands.java:335) ~[paper-1.21.jar:1.21-27-76c2f16]
	at net.minecraft.server.network.ServerGamePacketListenerImpl.performUnsignedChatCommand(ServerGamePacketListenerImpl.java:2147) ~[paper-1.21.jar:1.21-27-76c2f16]
	at net.minecraft.server.network.ServerGamePacketListenerImpl.lambda$handleChatCommand$11(ServerGamePacketListenerImpl.java:2121) ~[paper-1.21.jar:1.21-27-76c2f16]
	at net.minecraft.server.TickTask.run(TickTask.java:18) ~[paper-1.21.jar:1.21-27-76c2f16]
	at net.minecraft.util.thread.BlockableEventLoop.doRunTask(BlockableEventLoop.java:151) ~[paper-1.21.jar:1.21-27-76c2f16]
	at net.minecraft.util.thread.ReentrantBlockableEventLoop.doRunTask(ReentrantBlockableEventLoop.java:24) ~[paper-1.21.jar:1.21-27-76c2f16]
	at net.minecraft.server.MinecraftServer.doRunTask(MinecraftServer.java:1478) ~[paper-1.21.jar:1.21-27-76c2f16]
	at net.minecraft.server.MinecraftServer.doRunTask(MinecraftServer.java:201) ~[paper-1.21.jar:1.21-27-76c2f16]
	at net.minecraft.util.thread.BlockableEventLoop.pollTask(BlockableEventLoop.java:125) ~[paper-1.21.jar:1.21-27-76c2f16]
	at net.minecraft.server.MinecraftServer.pollTaskInternal(MinecraftServer.java:1456) ~[paper-1.21.jar:1.21-27-76c2f16]
	at net.minecraft.server.MinecraftServer.pollTask(MinecraftServer.java:1449) ~[paper-1.21.jar:1.21-27-76c2f16]
	at net.minecraft.util.thread.BlockableEventLoop.runAllTasks(BlockableEventLoop.java:114) ~[paper-1.21.jar:1.21-27-76c2f16]
	at net.minecraft.server.MinecraftServer.tickServer(MinecraftServer.java:1558) ~[paper-1.21.jar:1.21-27-76c2f16]
	at net.minecraft.server.MinecraftServer.runServer(MinecraftServer.java:1246) ~[paper-1.21.jar:1.21-27-76c2f16]
	at net.minecraft.server.MinecraftServer.lambda$spin$0(MinecraftServer.java:329) ~[paper-1.21.jar:1.21-27-76c2f16]
	at java.base/java.lang.Thread.run(Thread.java:1583) ~[?:?]
Caused by: org.yaml.snakeyaml.parser.ParserException: while parsing a block mapping
 in 'reader', line 127, column 3:
      Type: ZOMBIE
      ^
expected <block end>, but found '<block mapping start>'
 in 'reader', line 155, column 5:
        Conditions:
        ^

	at org.yaml.snakeyaml.parser.ParserImpl$ParseBlockMappingKey.produce(ParserImpl.java:654) ~[snakeyaml-2.2.jar:?]
	at org.yaml.snakeyaml.parser.ParserImpl.peekEvent(ParserImpl.java:161) ~[snakeyaml-2.2.jar:?]
	at org.yaml.snakeyaml.comments.CommentEventsCollector$1.peek(CommentEventsCollector.java:57) ~[snakeyaml-2.2.jar:?]
	at org.yaml.snakeyaml.comments.CommentEventsCollector$1.peek(CommentEventsCollector.java:43) ~[snakeyaml-2.2.jar:?]
	at org.yaml.snakeyaml.comments.CommentEventsCollector.collectEvents(CommentEventsCollector.java:136) ~[snakeyaml-2.2.jar:?]
	at org.yaml.snakeyaml.comments.CommentEventsCollector.collectEvents(CommentEventsCollector.java:116) ~[snakeyaml-2.2.jar:?]
	at org.yaml.snakeyaml.composer.Composer.composeSequenceNode(Composer.java:284) ~[snakeyaml-2.2.jar:?]
	at org.yaml.snakeyaml.composer.Composer.composeNode(Composer.java:207) ~[snakeyaml-2.2.jar:?]
	at org.yaml.snakeyaml.composer.Composer.composeValueNode(Composer.java:369) ~[snakeyaml-2.2.jar:?]
	at org.yaml.snakeyaml.composer.Composer.composeMappingChildren(Composer.java:348) ~[snakeyaml-2.2.jar:?]
	at org.yaml.snakeyaml.composer.Composer.composeMappingNode(Composer.java:323) ~[snakeyaml-2.2.jar:?]
	at org.yaml.snakeyaml.composer.Composer.composeNode(Composer.java:209) ~[snakeyaml-2.2.jar:?]
	at org.yaml.snakeyaml.composer.Composer.composeValueNode(Composer.java:369) ~[snakeyaml-2.2.jar:?]
	at org.yaml.snakeyaml.composer.Composer.composeMappingChildren(Composer.java:348) ~[snakeyaml-2.2.jar:?]
	at org.yaml.snakeyaml.composer.Composer.composeMappingNode(Composer.java:323) ~[snakeyaml-2.2.jar:?]
	at org.yaml.snakeyaml.composer.Composer.composeNode(Composer.java:209) ~[snakeyaml-2.2.jar:?]
	at org.yaml.snakeyaml.composer.Composer.getNode(Composer.java:131) ~[snakeyaml-2.2.jar:?]
	at org.yaml.snakeyaml.composer.Composer.getSingleNode(Composer.java:157) ~[snakeyaml-2.2.jar:?]
	at org.yaml.snakeyaml.Yaml.compose(Yaml.java:575) ~[snakeyaml-2.2.jar:?]
	at org.bukkit.configuration.file.YamlConfiguration.loadFromString(YamlConfiguration.java:104) ~[paper-api-1.21-R0.1-SNAPSHOT.jar:?]
	... 39 more
[09:59:35] [Server thread/INFO]: [MythicMobs] Loading Drop Tables...
[09:59:35] [Server thread/INFO]: [MythicMobs] Loading Random Spawns...
[09:59:35] [Server thread/INFO]: [MythicMobs] Loading Spawn Blocks...
[09:59:35] [Server thread/WARN]: [MythicMobs] ✗ Configuration Error in Mechanic summon
[09:59:35] [Server thread/WARN]: [MythicMobs] --| Skill: SummonSkeletons | File: /workspaces/server/server/plugins/MythicMobs/skills/ExampleSkills.yml
[09:59:35] [Server thread/WARN]: [MythicMobs] --| Error Message: The 'type' attribute must be a valid MythicMob or MythicEntity type.
[09:59:35] [Server thread/WARN]: [MythicMobs] --| Mechanic Line: summon{mob=SkeletalMinion;amount=2;noise=5}
[09:59:35] [Server thread/WARN]: [MythicMobs] ✗ Configuration Error in Mechanic summon
[09:59:35] [Server thread/WARN]: [MythicMobs] --| Skill: SummonSkeletons | File: /workspaces/server/server/plugins/MythicMobs/skills/ExampleSkills.yml
[09:59:35] [Server thread/WARN]: [MythicMobs] --| Error Message: The 'type' attribute must be a valid MythicMob or MythicEntity type.
[09:59:35] [Server thread/WARN]: [MythicMobs] --| Mechanic Line: summon{mob=SkeletalMinion;amount=2;noise=5}
[09:59:35] [Server thread/WARN]: [MythicMobs] ✗ Configuration Error in Mechanic summon
[09:59:35] [Server thread/WARN]: [MythicMobs] --| Skill: SummonSkeletons | File: /workspaces/server/server/plugins/MythicMobs/skills/ExampleSkills.yml
[09:59:35] [Server thread/WARN]: [MythicMobs] --| Error Message: The 'type' attribute must be a valid MythicMob or MythicEntity type.
[09:59:35] [Server thread/WARN]: [MythicMobs] --| Mechanic Line: summon{mob=SkeletalMinion;amount=2;noise=5}
[09:59:35] [Server thread/INFO]: [MythicMobs] ✓ Loaded 3 mobs.
[09:59:35] [Server thread/INFO]: [MythicMobs] ✓ Loaded 3 vanilla mob overrides.
[09:59:35] [Server thread/INFO]: [MythicMobs] ✓ Loaded 0 mob stacks.
[09:59:35] [Server thread/INFO]: [MythicMobs] ✓ Loaded 8 skills.
[09:59:35] [Server thread/INFO]: [MythicMobs] ✓ Loaded 0 random spawns.
[09:59:35] [Server thread/INFO]: [MythicMobs] ✓ Loaded 4 mythic items.
[09:59:35] [Server thread/INFO]: [MythicMobs] ✓ Loaded 3 drop tables.
[09:59:35] [Server thread/INFO]: [MythicMobs] ✓ Loaded 0 mob spawners.
[09:59:35] [Server thread/INFO]: [MythicMobs] Mythic has finished reloading!
[10:00:21] [Server thread/INFO]: Anhahahaha issued server command: /mm reload
[10:00:21] [Server thread/INFO]: [MythicMobs] Saving plugin data...
[10:00:21] [Server thread/INFO]: [MythicMobs] ✓Saving Finished
[10:00:21] [Server thread/INFO]: [MythicMobs] Loading Packs...
[10:00:21] [Server thread/INFO]: [MythicMobs] Loading Items...
[10:00:21] [Server thread/INFO]: [MythicMobs] Loading Item Groups...
[10:00:21] [Server thread/INFO]: [MythicMobs] Loading Skills...
[10:00:22] [Server thread/WARN]: [MythicMobs] Error loading mob 'SkeletalKnight'. Enable debugging for a stack trace.
[10:00:22] [Server thread/INFO]: [MythicMobs] Loading Drop Tables...
[10:00:22] [Server thread/INFO]: [MythicMobs] Loading Random Spawns...
[10:00:22] [Server thread/INFO]: [MythicMobs] Loading Spawn Blocks...
[10:00:22] [Server thread/WARN]: [MythicMobs] ✗ Configuration Error in Mechanic summon
[10:00:22] [Server thread/WARN]: [MythicMobs] --| Mob: WarriorZombie | File: /workspaces/server/server/plugins/MythicMobs/mobs/ExampleMobs.yml
[10:00:22] [Server thread/WARN]: [MythicMobs] --| Error Message: The 'type' attribute must be a valid MythicMob or MythicEntity type.
[10:00:22] [Server thread/WARN]: [MythicMobs] --| Mechanic Line: summon{m=ZombieMinion;a=2}
[10:00:22] [Server thread/WARN]: [MythicMobs] ✗ Configuration Error in Mechanic summon
[10:00:22] [Server thread/WARN]: [MythicMobs] --| Mob: BossBaoVe | File: /workspaces/server/server/plugins/MythicMobs/mobs/ExampleMobs.yml
[10:00:22] [Server thread/WARN]: [MythicMobs] --| Error Message: The 'type' attribute must be a valid MythicMob or MythicEntity type.
[10:00:22] [Server thread/WARN]: [MythicMobs] --| Mechanic Line: summon{m=LinhBaoVe;a=1}
[10:00:22] [Server thread/WARN]: [MythicMobs] ✗ Configuration Error in Mechanic metaskill
[10:00:22] [Server thread/WARN]: [MythicMobs] --| Mob: BossBaoVe | File: /workspaces/server/server/plugins/MythicMobs/mobs/ExampleMobs.yml
[10:00:22] [Server thread/WARN]: [MythicMobs] --| Error Message: Could not find MetaSkill ThunderStrike
[10:00:22] [Server thread/WARN]: [MythicMobs] --| Mechanic Line: skill{s=ThunderStrike}
[10:00:22] [Server thread/INFO]: [MythicMobs] ✓ Loaded 10 mobs.
[10:00:22] [Server thread/INFO]: [MythicMobs] ✓ Loaded 3 vanilla mob overrides.
[10:00:22] [Server thread/INFO]: [MythicMobs] ✓ Loaded 0 mob stacks.
[10:00:22] [Server thread/INFO]: [MythicMobs] ✓ Loaded 8 skills.
[10:00:22] [Server thread/INFO]: [MythicMobs] ✓ Loaded 0 random spawns.
[10:00:22] [Server thread/INFO]: [MythicMobs] ✓ Loaded 4 mythic items.
[10:00:22] [Server thread/INFO]: [MythicMobs] ✓ Loaded 3 drop tables.
[10:00:22] [Server thread/INFO]: [MythicMobs] ✓ Loaded 0 mob spawners.
[10:00:22] [Server thread/INFO]: [MythicMobs] Mythic has finished reloading!
[10:00:22] [Server thread/WARN]: [MythicMobs] ✗ Configuration Error in Mechanic CustomMechanic:NULL
[10:00:22] [Server thread/WARN]: [MythicMobs] --| Mob: BossBaoVe | File: /workspaces/server/server/plugins/MythicMobs/mobs/ExampleMobs.yml
[10:00:22] [Server thread/WARN]: [MythicMobs] --| Error Message: Failed to load custom mechanic ATTACK
[10:00:22] [Server thread/WARN]: [MythicMobs] --| Mechanic Line: attack
[10:00:36] [Server thread/INFO]: Anhahahaha issued server command: /mm mobs spawn BossBaoVe
[10:00:48] [Server thread/WARN]: [MythicMobs] The 'type' attribute must be a valid MythicMob or MythicEntity type. Spawned from a placeholder summon mechanic, no MLC available. Mob String: LinhBaoVe
[10:00:48] [Server thread/WARN]: [MythicMobs] SummonMechanic: Mob Type LinhBaoVe not found
[10:00:53] [Server thread/INFO]: Anhahahaha issued server command: /gamemode survival
[10:01:05] [Server thread/WARN]: [MythicMobs] The 'type' attribute must be a valid MythicMob or MythicEntity type. Spawned from a placeholder summon mechanic, no MLC available. Mob String: LinhBaoVe
[10:01:05] [Server thread/WARN]: [MythicMobs] SummonMechanic: Mob Type LinhBaoVe not found
[10:01:05] [Server thread/INFO]: Anhahahaha was slain by Kẻ Bảo Vệ Lãnh Địa
[10:01:09] [Server thread/WARN]: Can't keep up! Is the server overloaded? Running 2504ms or 50 ticks behind
[10:01:36] [Craft Scheduler Thread - 144 - AuraSkills/WARN]: [AuraSkills] Invalid player data file name: e9c246cc-bc31-3fef-9a9c-b34d773135e6.yml
[10:02:18] [Server thread/INFO]: gzzzgzzz lost connection: Disconnected
[10:02:18] [Server thread/INFO]: gzzzgzzz left the game
[10:02:20] [Server thread/INFO]: Anhahahaha issued server command: /gamemode creative
[10:03:21] [Server thread/WARN]: [MythicMobs] The 'type' attribute must be a valid MythicMob or MythicEntity type. Spawned from a placeholder summon mechanic, no MLC available. Mob String: LinhBaoVe
[10:03:21] [Server thread/WARN]: [MythicMobs] SummonMechanic: Mob Type LinhBaoVe not found
[10:03:36] [Server thread/WARN]: [MythicMobs] The 'type' attribute must be a valid MythicMob or MythicEntity type. Spawned from a placeholder summon mechanic, no MLC available. Mob String: LinhBaoVe
[10:03:36] [Server thread/WARN]: [MythicMobs] SummonMechanic: Mob Type LinhBaoVe not found
[10:03:51] [Server thread/WARN]: [MythicMobs] The 'type' attribute must be a valid MythicMob or MythicEntity type. Spawned from a placeholder summon mechanic, no MLC available. Mob String: LinhBaoVe
[10:03:51] [Server thread/WARN]: [MythicMobs] SummonMechanic: Mob Type LinhBaoVe not found
[10:04:06] [Server thread/WARN]: [MythicMobs] The 'type' attribute must be a valid MythicMob or MythicEntity type. Spawned from a placeholder summon mechanic, no MLC available. Mob String: LinhBaoVe
[10:04:06] [Server thread/WARN]: [MythicMobs] SummonMechanic: Mob Type LinhBaoVe not found
[10:04:21] [Server thread/WARN]: [MythicMobs] The 'type' attribute must be a valid MythicMob or MythicEntity type. Spawned from a placeholder summon mechanic, no MLC available. Mob String: LinhBaoVe
[10:04:21] [Server thread/WARN]: [MythicMobs] SummonMechanic: Mob Type LinhBaoVe not found
[10:04:36] [Server thread/WARN]: [MythicMobs] The 'type' attribute must be a valid MythicMob or MythicEntity type. Spawned from a placeholder summon mechanic, no MLC available. Mob String: LinhBaoVe
[10:04:36] [Server thread/WARN]: [MythicMobs] SummonMechanic: Mob Type LinhBaoVe not found
[10:04:51] [Server thread/WARN]: [MythicMobs] The 'type' attribute must be a valid MythicMob or MythicEntity type. Spawned from a placeholder summon mechanic, no MLC available. Mob String: LinhBaoVe
[10:04:51] [Server thread/WARN]: [MythicMobs] SummonMechanic: Mob Type LinhBaoVe not found
[10:05:06] [Server thread/WARN]: [MythicMobs] The 'type' attribute must be a valid MythicMob or MythicEntity type. Spawned from a placeholder summon mechanic, no MLC available. Mob String: LinhBaoVe
[10:05:06] [Server thread/WARN]: [MythicMobs] SummonMechanic: Mob Type LinhBaoVe not found
[10:05:10] [Server thread/INFO]: Named entity Drowned['⚔ Ailis Diamondhammer'/9152, uuid='d330af55-4b39-43f9-883a-3c18c04c518c', l='ServerLevel[world]', x=-252.17, y=51.19, z=288.78, cpos=[-16, 18], tl=786, v=true] died: ⚔ Ailis Diamondhammer was slain by Iron Golem
[10:05:21] [Server thread/WARN]: [MythicMobs] The 'type' attribute must be a valid MythicMob or MythicEntity type. Spawned from a placeholder summon mechanic, no MLC available. Mob String: LinhBaoVe
[10:05:21] [Server thread/WARN]: [MythicMobs] SummonMechanic: Mob Type LinhBaoVe not found
[10:05:36] [Server thread/WARN]: [MythicMobs] The 'type' attribute must be a valid MythicMob or MythicEntity type. Spawned from a placeholder summon mechanic, no MLC available. Mob String: LinhBaoVe
[10:05:36] [Server thread/WARN]: [MythicMobs] SummonMechanic: Mob Type LinhBaoVe not found
[10:05:51] [Server thread/WARN]: [MythicMobs] The 'type' attribute must be a valid MythicMob or MythicEntity type. Spawned from a placeholder summon mechanic, no MLC available. Mob String: LinhBaoVe
[10:05:51] [Server thread/WARN]: [MythicMobs] SummonMechanic: Mob Type LinhBaoVe not found
[10:06:06] [Server thread/WARN]: [MythicMobs] The 'type' attribute must be a valid MythicMob or MythicEntity type. Spawned from a placeholder summon mechanic, no MLC available. Mob String: LinhBaoVe
[10:06:06] [Server thread/WARN]: [MythicMobs] SummonMechanic: Mob Type LinhBaoVe not found
[10:06:21] [Server thread/WARN]: [MythicMobs] The 'type' attribute must be a valid MythicMob or MythicEntity type. Spawned from a placeholder summon mechanic, no MLC available. Mob String: LinhBaoVe
[10:06:21] [Server thread/WARN]: [MythicMobs] SummonMechanic: Mob Type LinhBaoVe not found
[10:06:36] [Server thread/WARN]: [MythicMobs] The 'type' attribute must be a valid MythicMob or MythicEntity type. Spawned from a placeholder summon mechanic, no MLC available. Mob String: LinhBaoVe
[10:06:36] [Server thread/WARN]: [MythicMobs] SummonMechanic: Mob Type LinhBaoVe not found
[10:06:36] [Craft Scheduler Thread - 159 - AuraSkills/WARN]: [AuraSkills] Invalid player data file name: e9c246cc-bc31-3fef-9a9c-b34d773135e6.yml
[10:06:51] [Server thread/WARN]: [MythicMobs] The 'type' attribute must be a valid MythicMob or MythicEntity type. Spawned from a placeholder summon mechanic, no MLC available. Mob String: LinhBaoVe
[10:06:51] [Server thread/WARN]: [MythicMobs] SummonMechanic: Mob Type LinhBaoVe not found
[10:07:06] [Server thread/WARN]: [MythicMobs] The 'type' attribute must be a valid MythicMob or MythicEntity type. Spawned from a placeholder summon mechanic, no MLC available. Mob String: LinhBaoVe
[10:07:06] [Server thread/WARN]: [MythicMobs] SummonMechanic: Mob Type LinhBaoVe not found
[10:07:21] [Server thread/WARN]: [MythicMobs] The 'type' attribute must be a valid MythicMob or MythicEntity type. Spawned from a placeholder summon mechanic, no MLC available. Mob String: LinhBaoVe
[10:07:21] [Server thread/WARN]: [MythicMobs] SummonMechanic: Mob Type LinhBaoVe not found
[10:07:36] [Server thread/WARN]: [MythicMobs] The 'type' attribute must be a valid MythicMob or MythicEntity type. Spawned from a placeholder summon mechanic, no MLC available. Mob String: LinhBaoVe
[10:07:36] [Server thread/WARN]: [MythicMobs] SummonMechanic: Mob Type LinhBaoVe not found
[10:07:41] [Server thread/INFO]: Anhahahaha issued server command: /mm reload
[10:07:41] [Server thread/INFO]: [MythicMobs] Saving plugin data...
[10:07:41] [Server thread/INFO]: [MythicMobs] ✓Saving Finished
[10:07:41] [Server thread/INFO]: [MythicMobs] Loading Packs...
[10:07:41] [Server thread/INFO]: [MythicMobs] Loading Items...
[10:07:41] [Server thread/INFO]: [MythicMobs] Loading Item Groups...
[10:07:41] [Server thread/INFO]: [MythicMobs] Loading Skills...
[10:07:41] [Server thread/ERROR]: Cannot load plugins/MythicMobs/mobs/ExampleMobs.yml
org.bukkit.configuration.InvalidConfigurationException: while parsing a block mapping
 in 'reader', line 128, column 3:
      Type: ZOMBIE
      ^
expected <block end>, but found '<block mapping start>'
 in 'reader', line 156, column 5:
        Conditions:
        ^

	at org.bukkit.configuration.file.YamlConfiguration.loadFromString(YamlConfiguration.java:111) ~[paper-api-1.21-R0.1-SNAPSHOT.jar:?]
	at org.bukkit.configuration.file.FileConfiguration.load(FileConfiguration.java:160) ~[paper-api-1.21-R0.1-SNAPSHOT.jar:?]
	at org.bukkit.configuration.file.FileConfiguration.load(FileConfiguration.java:128) ~[paper-api-1.21-R0.1-SNAPSHOT.jar:?]
	at org.bukkit.configuration.file.YamlConfiguration.loadConfiguration(YamlConfiguration.java:309) ~[paper-api-1.21-R0.1-SNAPSHOT.jar:?]
	at MythicMobs-5.9.0.jar/io.lumine.mythic.core.config.IOLoader.reloadCustomConfig(IOLoader.java:80) ~[MythicMobs-5.9.0.jar:?]
	at MythicMobs-5.9.0.jar/io.lumine.mythic.core.config.IOLoader.<init>(IOLoader.java:49) ~[MythicMobs-5.9.0.jar:?]
	at MythicMobs-5.9.0.jar/io.lumine.mythic.core.mobs.MobExecutor.loadMobs(MobExecutor.java:109) ~[MythicMobs-5.9.0.jar:?]
	at MythicMobs-5.9.0.jar/io.lumine.mythic.core.config.ConfigExecutor.load(ConfigExecutor.java:455) ~[MythicMobs-5.9.0.jar:?]
	at MythicMobs-5.9.0.jar/io.lumine.mythic.core.config.ConfigExecutor.load(ConfigExecutor.java:52) ~[MythicMobs-5.9.0.jar:?]
	at MythicMobs-5.9.0.jar/io.lumine.mythic.bukkit.utils.plugin.ReloadableModule.reload(ReloadableModule.java:19) ~[MythicMobs-5.9.0.jar:?]
	at MythicMobs-5.9.0.jar/io.lumine.mythic.bukkit.commands.ReloadCommand.doReloadPart1(ReloadCommand.java:121) ~[MythicMobs-5.9.0.jar:?]
	at MythicMobs-5.9.0.jar/io.lumine.mythic.bukkit.commands.ReloadCommand.onCommand(ReloadCommand.java:68) ~[MythicMobs-5.9.0.jar:?]
	at MythicMobs-5.9.0.jar/io.lumine.mythic.bukkit.utils.commands.Command.onCommand(Command.java:64) ~[MythicMobs-5.9.0.jar:?]
	at MythicMobs-5.9.0.jar/io.lumine.mythic.bukkit.utils.commands.Command.onCommand(Command.java:55) ~[MythicMobs-5.9.0.jar:?]
	at org.bukkit.command.PluginCommand.execute(PluginCommand.java:45) ~[paper-api-1.21-R0.1-SNAPSHOT.jar:?]
	at io.papermc.paper.command.brigadier.bukkit.BukkitCommandNode$BukkitBrigCommand.run(BukkitCommandNode.java:91) ~[paper-1.21.jar:1.21-27-76c2f16]
	at com.mojang.brigadier.context.ContextChain.runExecutable(ContextChain.java:73) ~[brigadier-1.2.9.jar:?]
	at net.minecraft.commands.execution.tasks.ExecuteCommand.execute(ExecuteCommand.java:31) ~[paper-1.21.jar:1.21-27-76c2f16]
	at net.minecraft.commands.execution.tasks.ExecuteCommand.execute(ExecuteCommand.java:19) ~[paper-1.21.jar:1.21-27-76c2f16]
	at net.minecraft.commands.execution.UnboundEntryAction.lambda$bind$0(UnboundEntryAction.java:8) ~[paper-1.21.jar:1.21-27-76c2f16]
	at net.minecraft.commands.execution.CommandQueueEntry.execute(CommandQueueEntry.java:5) ~[paper-1.21.jar:1.21-27-76c2f16]
	at net.minecraft.commands.execution.ExecutionContext.runCommandQueue(ExecutionContext.java:103) ~[paper-1.21.jar:1.21-27-76c2f16]
	at net.minecraft.commands.Commands.executeCommandInContext(Commands.java:446) ~[paper-1.21.jar:1.21-27-76c2f16]
	at net.minecraft.commands.Commands.performCommand(Commands.java:353) ~[paper-1.21.jar:1.21-27-76c2f16]
	at net.minecraft.commands.Commands.performCommand(Commands.java:340) ~[paper-1.21.jar:1.21-27-76c2f16]
	at net.minecraft.commands.Commands.performCommand(Commands.java:335) ~[paper-1.21.jar:1.21-27-76c2f16]
	at net.minecraft.server.network.ServerGamePacketListenerImpl.performUnsignedChatCommand(ServerGamePacketListenerImpl.java:2147) ~[paper-1.21.jar:1.21-27-76c2f16]
	at net.minecraft.server.network.ServerGamePacketListenerImpl.lambda$handleChatCommand$11(ServerGamePacketListenerImpl.java:2121) ~[paper-1.21.jar:1.21-27-76c2f16]
	at net.minecraft.server.TickTask.run(TickTask.java:18) ~[paper-1.21.jar:1.21-27-76c2f16]
	at net.minecraft.util.thread.BlockableEventLoop.doRunTask(BlockableEventLoop.java:151) ~[paper-1.21.jar:1.21-27-76c2f16]
	at net.minecraft.util.thread.ReentrantBlockableEventLoop.doRunTask(ReentrantBlockableEventLoop.java:24) ~[paper-1.21.jar:1.21-27-76c2f16]
	at net.minecraft.server.MinecraftServer.doRunTask(MinecraftServer.java:1478) ~[paper-1.21.jar:1.21-27-76c2f16]
	at net.minecraft.server.MinecraftServer.doRunTask(MinecraftServer.java:201) ~[paper-1.21.jar:1.21-27-76c2f16]
	at net.minecraft.util.thread.BlockableEventLoop.pollTask(BlockableEventLoop.java:125) ~[paper-1.21.jar:1.21-27-76c2f16]
	at net.minecraft.server.MinecraftServer.pollTaskInternal(MinecraftServer.java:1456) ~[paper-1.21.jar:1.21-27-76c2f16]
	at net.minecraft.server.MinecraftServer.pollTask(MinecraftServer.java:1449) ~[paper-1.21.jar:1.21-27-76c2f16]
	at net.minecraft.util.thread.BlockableEventLoop.managedBlock(BlockableEventLoop.java:135) ~[paper-1.21.jar:1.21-27-76c2f16]
	at net.minecraft.server.MinecraftServer.managedBlock(MinecraftServer.java:1408) ~[paper-1.21.jar:1.21-27-76c2f16]
	at net.minecraft.server.MinecraftServer.waitUntilNextTick(MinecraftServer.java:1415) ~[paper-1.21.jar:1.21-27-76c2f16]
	at net.minecraft.server.MinecraftServer.runServer(MinecraftServer.java:1260) ~[paper-1.21.jar:1.21-27-76c2f16]
	at net.minecraft.server.MinecraftServer.lambda$spin$0(MinecraftServer.java:329) ~[paper-1.21.jar:1.21-27-76c2f16]
	at java.base/java.lang.Thread.run(Thread.java:1583) ~[?:?]
Caused by: org.yaml.snakeyaml.parser.ParserException: while parsing a block mapping
 in 'reader', line 128, column 3:
      Type: ZOMBIE
      ^
expected <block end>, but found '<block mapping start>'
 in 'reader', line 156, column 5:
        Conditions:
        ^

	at org.yaml.snakeyaml.parser.ParserImpl$ParseBlockMappingKey.produce(ParserImpl.java:654) ~[snakeyaml-2.2.jar:?]
	at org.yaml.snakeyaml.parser.ParserImpl.peekEvent(ParserImpl.java:161) ~[snakeyaml-2.2.jar:?]
	at org.yaml.snakeyaml.comments.CommentEventsCollector$1.peek(CommentEventsCollector.java:57) ~[snakeyaml-2.2.jar:?]
	at org.yaml.snakeyaml.comments.CommentEventsCollector$1.peek(CommentEventsCollector.java:43) ~[snakeyaml-2.2.jar:?]
	at org.yaml.snakeyaml.comments.CommentEventsCollector.collectEvents(CommentEventsCollector.java:136) ~[snakeyaml-2.2.jar:?]
	at org.yaml.snakeyaml.comments.CommentEventsCollector.collectEvents(CommentEventsCollector.java:116) ~[snakeyaml-2.2.jar:?]
	at org.yaml.snakeyaml.composer.Composer.composeSequenceNode(Composer.java:284) ~[snakeyaml-2.2.jar:?]
	at org.yaml.snakeyaml.composer.Composer.composeNode(Composer.java:207) ~[snakeyaml-2.2.jar:?]
	at org.yaml.snakeyaml.composer.Composer.composeValueNode(Composer.java:369) ~[snakeyaml-2.2.jar:?]
	at org.yaml.snakeyaml.composer.Composer.composeMappingChildren(Composer.java:348) ~[snakeyaml-2.2.jar:?]
	at org.yaml.snakeyaml.composer.Composer.composeMappingNode(Composer.java:323) ~[snakeyaml-2.2.jar:?]
	at org.yaml.snakeyaml.composer.Composer.composeNode(Composer.java:209) ~[snakeyaml-2.2.jar:?]
	at org.yaml.snakeyaml.composer.Composer.composeValueNode(Composer.java:369) ~[snakeyaml-2.2.jar:?]
	at org.yaml.snakeyaml.composer.Composer.composeMappingChildren(Composer.java:348) ~[snakeyaml-2.2.jar:?]
	at org.yaml.snakeyaml.composer.Composer.composeMappingNode(Composer.java:323) ~[snakeyaml-2.2.jar:?]
	at org.yaml.snakeyaml.composer.Composer.composeNode(Composer.java:209) ~[snakeyaml-2.2.jar:?]
	at org.yaml.snakeyaml.composer.Composer.getNode(Composer.java:131) ~[snakeyaml-2.2.jar:?]
	at org.yaml.snakeyaml.composer.Composer.getSingleNode(Composer.java:157) ~[snakeyaml-2.2.jar:?]
	at org.yaml.snakeyaml.Yaml.compose(Yaml.java:575) ~[snakeyaml-2.2.jar:?]
	at org.bukkit.configuration.file.YamlConfiguration.loadFromString(YamlConfiguration.java:104) ~[paper-api-1.21-R0.1-SNAPSHOT.jar:?]
	... 41 more
[10:07:41] [Server thread/ERROR]: Cannot load plugins/MythicMobs/mobs/ExampleMobs.yml
org.bukkit.configuration.InvalidConfigurationException: while parsing a block mapping
 in 'reader', line 128, column 3:
      Type: ZOMBIE
      ^
expected <block end>, but found '<block mapping start>'
 in 'reader', line 156, column 5:
        Conditions:
        ^

	at org.bukkit.configuration.file.YamlConfiguration.loadFromString(YamlConfiguration.java:111) ~[paper-api-1.21-R0.1-SNAPSHOT.jar:?]
	at org.bukkit.configuration.file.FileConfiguration.load(FileConfiguration.java:160) ~[paper-api-1.21-R0.1-SNAPSHOT.jar:?]
	at org.bukkit.configuration.file.FileConfiguration.load(FileConfiguration.java:128) ~[paper-api-1.21-R0.1-SNAPSHOT.jar:?]
	at org.bukkit.configuration.file.YamlConfiguration.loadConfiguration(YamlConfiguration.java:309) ~[paper-api-1.21-R0.1-SNAPSHOT.jar:?]
	at MythicMobs-5.9.0.jar/io.lumine.mythic.core.config.IOLoader.reloadCustomConfig(IOLoader.java:80) ~[MythicMobs-5.9.0.jar:?]
	at MythicMobs-5.9.0.jar/io.lumine.mythic.core.config.IOLoader.<init>(IOLoader.java:56) ~[MythicMobs-5.9.0.jar:?]
	at MythicMobs-5.9.0.jar/io.lumine.mythic.core.config.IOHandler.getSaveLoad(IOHandler.java:46) ~[MythicMobs-5.9.0.jar:?]
	at MythicMobs-5.9.0.jar/io.lumine.mythic.core.mobs.MobExecutor.loadMobs(MobExecutor.java:113) ~[MythicMobs-5.9.0.jar:?]
	at MythicMobs-5.9.0.jar/io.lumine.mythic.core.config.ConfigExecutor.load(ConfigExecutor.java:455) ~[MythicMobs-5.9.0.jar:?]
	at MythicMobs-5.9.0.jar/io.lumine.mythic.core.config.ConfigExecutor.load(ConfigExecutor.java:52) ~[MythicMobs-5.9.0.jar:?]
	at MythicMobs-5.9.0.jar/io.lumine.mythic.bukkit.utils.plugin.ReloadableModule.reload(ReloadableModule.java:19) ~[MythicMobs-5.9.0.jar:?]
	at MythicMobs-5.9.0.jar/io.lumine.mythic.bukkit.commands.ReloadCommand.doReloadPart1(ReloadCommand.java:121) ~[MythicMobs-5.9.0.jar:?]
	at MythicMobs-5.9.0.jar/io.lumine.mythic.bukkit.commands.ReloadCommand.onCommand(ReloadCommand.java:68) ~[MythicMobs-5.9.0.jar:?]
	at MythicMobs-5.9.0.jar/io.lumine.mythic.bukkit.utils.commands.Command.onCommand(Command.java:64) ~[MythicMobs-5.9.0.jar:?]
	at MythicMobs-5.9.0.jar/io.lumine.mythic.bukkit.utils.commands.Command.onCommand(Command.java:55) ~[MythicMobs-5.9.0.jar:?]
	at org.bukkit.command.PluginCommand.execute(PluginCommand.java:45) ~[paper-api-1.21-R0.1-SNAPSHOT.jar:?]
	at io.papermc.paper.command.brigadier.bukkit.BukkitCommandNode$BukkitBrigCommand.run(BukkitCommandNode.java:91) ~[paper-1.21.jar:1.21-27-76c2f16]
	at com.mojang.brigadier.context.ContextChain.runExecutable(ContextChain.java:73) ~[brigadier-1.2.9.jar:?]
	at net.minecraft.commands.execution.tasks.ExecuteCommand.execute(ExecuteCommand.java:31) ~[paper-1.21.jar:1.21-27-76c2f16]
	at net.minecraft.commands.execution.tasks.ExecuteCommand.execute(ExecuteCommand.java:19) ~[paper-1.21.jar:1.21-27-76c2f16]
	at net.minecraft.commands.execution.UnboundEntryAction.lambda$bind$0(UnboundEntryAction.java:8) ~[paper-1.21.jar:1.21-27-76c2f16]
	at net.minecraft.commands.execution.CommandQueueEntry.execute(CommandQueueEntry.java:5) ~[paper-1.21.jar:1.21-27-76c2f16]
	at net.minecraft.commands.execution.ExecutionContext.runCommandQueue(ExecutionContext.java:103) ~[paper-1.21.jar:1.21-27-76c2f16]
	at net.minecraft.commands.Commands.executeCommandInContext(Commands.java:446) ~[paper-1.21.jar:1.21-27-76c2f16]
	at net.minecraft.commands.Commands.performCommand(Commands.java:353) ~[paper-1.21.jar:1.21-27-76c2f16]
	at net.minecraft.commands.Commands.performCommand(Commands.java:340) ~[paper-1.21.jar:1.21-27-76c2f16]
	at net.minecraft.commands.Commands.performCommand(Commands.java:335) ~[paper-1.21.jar:1.21-27-76c2f16]
	at net.minecraft.server.network.ServerGamePacketListenerImpl.performUnsignedChatCommand(ServerGamePacketListenerImpl.java:2147) ~[paper-1.21.jar:1.21-27-76c2f16]
	at net.minecraft.server.network.ServerGamePacketListenerImpl.lambda$handleChatCommand$11(ServerGamePacketListenerImpl.java:2121) ~[paper-1.21.jar:1.21-27-76c2f16]
	at net.minecraft.server.TickTask.run(TickTask.java:18) ~[paper-1.21.jar:1.21-27-76c2f16]
	at net.minecraft.util.thread.BlockableEventLoop.doRunTask(BlockableEventLoop.java:151) ~[paper-1.21.jar:1.21-27-76c2f16]
	at net.minecraft.util.thread.ReentrantBlockableEventLoop.doRunTask(ReentrantBlockableEventLoop.java:24) ~[paper-1.21.jar:1.21-27-76c2f16]
	at net.minecraft.server.MinecraftServer.doRunTask(MinecraftServer.java:1478) ~[paper-1.21.jar:1.21-27-76c2f16]
	at net.minecraft.server.MinecraftServer.doRunTask(MinecraftServer.java:201) ~[paper-1.21.jar:1.21-27-76c2f16]
	at net.minecraft.util.thread.BlockableEventLoop.pollTask(BlockableEventLoop.java:125) ~[paper-1.21.jar:1.21-27-76c2f16]
	at net.minecraft.server.MinecraftServer.pollTaskInternal(MinecraftServer.java:1456) ~[paper-1.21.jar:1.21-27-76c2f16]
	at net.minecraft.server.MinecraftServer.pollTask(MinecraftServer.java:1449) ~[paper-1.21.jar:1.21-27-76c2f16]
	at net.minecraft.util.thread.BlockableEventLoop.managedBlock(BlockableEventLoop.java:135) ~[paper-1.21.jar:1.21-27-76c2f16]
	at net.minecraft.server.MinecraftServer.managedBlock(MinecraftServer.java:1408) ~[paper-1.21.jar:1.21-27-76c2f16]
	at net.minecraft.server.MinecraftServer.waitUntilNextTick(MinecraftServer.java:1415) ~[paper-1.21.jar:1.21-27-76c2f16]
	at net.minecraft.server.MinecraftServer.runServer(MinecraftServer.java:1260) ~[paper-1.21.jar:1.21-27-76c2f16]
	at net.minecraft.server.MinecraftServer.lambda$spin$0(MinecraftServer.java:329) ~[paper-1.21.jar:1.21-27-76c2f16]
	at java.base/java.lang.Thread.run(Thread.java:1583) ~[?:?]
Caused by: org.yaml.snakeyaml.parser.ParserException: while parsing a block mapping
 in 'reader', line 128, column 3:
      Type: ZOMBIE
      ^
expected <block end>, but found '<block mapping start>'
 in 'reader', line 156, column 5:
        Conditions:
        ^

	at org.yaml.snakeyaml.parser.ParserImpl$ParseBlockMappingKey.produce(ParserImpl.java:654) ~[snakeyaml-2.2.jar:?]
	at org.yaml.snakeyaml.parser.ParserImpl.peekEvent(ParserImpl.java:161) ~[snakeyaml-2.2.jar:?]
	at org.yaml.snakeyaml.comments.CommentEventsCollector$1.peek(CommentEventsCollector.java:57) ~[snakeyaml-2.2.jar:?]
	at org.yaml.snakeyaml.comments.CommentEventsCollector$1.peek(CommentEventsCollector.java:43) ~[snakeyaml-2.2.jar:?]
	at org.yaml.snakeyaml.comments.CommentEventsCollector.collectEvents(CommentEventsCollector.java:136) ~[snakeyaml-2.2.jar:?]
	at org.yaml.snakeyaml.comments.CommentEventsCollector.collectEvents(CommentEventsCollector.java:116) ~[snakeyaml-2.2.jar:?]
	at org.yaml.snakeyaml.composer.Composer.composeSequenceNode(Composer.java:284) ~[snakeyaml-2.2.jar:?]
	at org.yaml.snakeyaml.composer.Composer.composeNode(Composer.java:207) ~[snakeyaml-2.2.jar:?]
	at org.yaml.snakeyaml.composer.Composer.composeValueNode(Composer.java:369) ~[snakeyaml-2.2.jar:?]
	at org.yaml.snakeyaml.composer.Composer.composeMappingChildren(Composer.java:348) ~[snakeyaml-2.2.jar:?]
	at org.yaml.snakeyaml.composer.Composer.composeMappingNode(Composer.java:323) ~[snakeyaml-2.2.jar:?]
	at org.yaml.snakeyaml.composer.Composer.composeNode(Composer.java:209) ~[snakeyaml-2.2.jar:?]
	at org.yaml.snakeyaml.composer.Composer.composeValueNode(Composer.java:369) ~[snakeyaml-2.2.jar:?]
	at org.yaml.snakeyaml.composer.Composer.composeMappingChildren(Composer.java:348) ~[snakeyaml-2.2.jar:?]
	at org.yaml.snakeyaml.composer.Composer.composeMappingNode(Composer.java:323) ~[snakeyaml-2.2.jar:?]
	at org.yaml.snakeyaml.composer.Composer.composeNode(Composer.java:209) ~[snakeyaml-2.2.jar:?]
	at org.yaml.snakeyaml.composer.Composer.getNode(Composer.java:131) ~[snakeyaml-2.2.jar:?]
	at org.yaml.snakeyaml.composer.Composer.getSingleNode(Composer.java:157) ~[snakeyaml-2.2.jar:?]
	at org.yaml.snakeyaml.Yaml.compose(Yaml.java:575) ~[snakeyaml-2.2.jar:?]
	at org.bukkit.configuration.file.YamlConfiguration.loadFromString(YamlConfiguration.java:104) ~[paper-api-1.21-R0.1-SNAPSHOT.jar:?]
	... 42 more
[10:07:41] [Server thread/WARN]: org.bukkit.configuration.InvalidConfigurationException: while parsing a block mapping
[10:07:41] [Server thread/WARN]:  in 'reader', line 128, column 3:
[10:07:41] [Server thread/WARN]:       Type: ZOMBIE
[10:07:41] [Server thread/WARN]:       ^
[10:07:41] [Server thread/WARN]: expected <block end>, but found '<block mapping start>'
[10:07:41] [Server thread/WARN]:  in 'reader', line 156, column 5:
[10:07:41] [Server thread/WARN]:         Conditions:
[10:07:41] [Server thread/WARN]:         ^
[10:07:41] [Server thread/WARN]: 
[10:07:41] [Server thread/WARN]: 	at org.bukkit.configuration.file.YamlConfiguration.loadFromString(YamlConfiguration.java:111)
[10:07:41] [Server thread/WARN]: 	at org.bukkit.configuration.file.FileConfiguration.load(FileConfiguration.java:160)
[10:07:41] [Server thread/WARN]: 	at org.bukkit.configuration.file.FileConfiguration.load(FileConfiguration.java:128)
[10:07:41] [Server thread/WARN]: 	at MythicMobs-5.9.0.jar//io.lumine.mythic.core.config.MythicConfigImpl.<init>(MythicConfigImpl.java:56)
[10:07:41] [Server thread/WARN]: 	at MythicMobs-5.9.0.jar//io.lumine.mythic.core.config.MythicConfigImpl.<init>(MythicConfigImpl.java:47)
[10:07:41] [Server thread/WARN]: 	at MythicMobs-5.9.0.jar//io.lumine.mythic.core.mobs.MobExecutor.loadMobs(MobExecutor.java:124)
[10:07:41] [Server thread/WARN]: 	at MythicMobs-5.9.0.jar//io.lumine.mythic.core.config.ConfigExecutor.load(ConfigExecutor.java:455)
[10:07:41] [Server thread/WARN]: 	at MythicMobs-5.9.0.jar//io.lumine.mythic.core.config.ConfigExecutor.load(ConfigExecutor.java:52)
[10:07:41] [Server thread/WARN]: 	at MythicMobs-5.9.0.jar//io.lumine.mythic.bukkit.utils.plugin.ReloadableModule.reload(ReloadableModule.java:19)
[10:07:41] [Server thread/WARN]: 	at MythicMobs-5.9.0.jar//io.lumine.mythic.bukkit.commands.ReloadCommand.doReloadPart1(ReloadCommand.java:121)
[10:07:41] [Server thread/WARN]: 	at MythicMobs-5.9.0.jar//io.lumine.mythic.bukkit.commands.ReloadCommand.onCommand(ReloadCommand.java:68)
[10:07:41] [Server thread/WARN]: 	at MythicMobs-5.9.0.jar//io.lumine.mythic.bukkit.utils.commands.Command.onCommand(Command.java:64)
[10:07:41] [Server thread/WARN]: 	at MythicMobs-5.9.0.jar//io.lumine.mythic.bukkit.utils.commands.Command.onCommand(Command.java:55)
[10:07:41] [Server thread/WARN]: 	at org.bukkit.command.PluginCommand.execute(PluginCommand.java:45)
[10:07:41] [Server thread/WARN]: 	at io.papermc.paper.command.brigadier.bukkit.BukkitCommandNode$BukkitBrigCommand.run(BukkitCommandNode.java:91)
[10:07:41] [Server thread/WARN]: 	at com.mojang.brigadier.context.ContextChain.runExecutable(ContextChain.java:73)
[10:07:41] [Server thread/WARN]: 	at net.minecraft.commands.execution.tasks.ExecuteCommand.execute(ExecuteCommand.java:31)
[10:07:41] [Server thread/WARN]: 	at net.minecraft.commands.execution.tasks.ExecuteCommand.execute(ExecuteCommand.java:19)
[10:07:41] [Server thread/WARN]: 	at net.minecraft.commands.execution.UnboundEntryAction.lambda$bind$0(UnboundEntryAction.java:8)
[10:07:41] [Server thread/WARN]: 	at net.minecraft.commands.execution.CommandQueueEntry.execute(CommandQueueEntry.java:5)
[10:07:41] [Server thread/WARN]: 	at net.minecraft.commands.execution.ExecutionContext.runCommandQueue(ExecutionContext.java:103)
[10:07:41] [Server thread/WARN]: 	at net.minecraft.commands.Commands.executeCommandInContext(Commands.java:446)
[10:07:41] [Server thread/WARN]: 	at net.minecraft.commands.Commands.performCommand(Commands.java:353)
[10:07:41] [Server thread/WARN]: 	at net.minecraft.commands.Commands.performCommand(Commands.java:340)
[10:07:41] [Server thread/WARN]: 	at net.minecraft.commands.Commands.performCommand(Commands.java:335)
[10:07:41] [Server thread/WARN]: 	at net.minecraft.server.network.ServerGamePacketListenerImpl.performUnsignedChatCommand(ServerGamePacketListenerImpl.java:2147)
[10:07:41] [Server thread/WARN]: 	at net.minecraft.server.network.ServerGamePacketListenerImpl.lambda$handleChatCommand$11(ServerGamePacketListenerImpl.java:2121)
[10:07:41] [Server thread/WARN]: 	at net.minecraft.server.TickTask.run(TickTask.java:18)
[10:07:41] [Server thread/WARN]: 	at net.minecraft.util.thread.BlockableEventLoop.doRunTask(BlockableEventLoop.java:151)
[10:07:41] [Server thread/WARN]: 	at net.minecraft.util.thread.ReentrantBlockableEventLoop.doRunTask(ReentrantBlockableEventLoop.java:24)
[10:07:41] [Server thread/WARN]: 	at net.minecraft.server.MinecraftServer.doRunTask(MinecraftServer.java:1478)
[10:07:41] [Server thread/WARN]: 	at net.minecraft.server.MinecraftServer.doRunTask(MinecraftServer.java:201)
[10:07:41] [Server thread/WARN]: 	at net.minecraft.util.thread.BlockableEventLoop.pollTask(BlockableEventLoop.java:125)
[10:07:41] [Server thread/WARN]: 	at net.minecraft.server.MinecraftServer.pollTaskInternal(MinecraftServer.java:1456)
[10:07:41] [Server thread/WARN]: 	at net.minecraft.server.MinecraftServer.pollTask(MinecraftServer.java:1449)
[10:07:41] [Server thread/WARN]: 	at net.minecraft.util.thread.BlockableEventLoop.managedBlock(BlockableEventLoop.java:135)
[10:07:41] [Server thread/WARN]: 	at net.minecraft.server.MinecraftServer.managedBlock(MinecraftServer.java:1408)
[10:07:41] [Server thread/WARN]: 	at net.minecraft.server.MinecraftServer.waitUntilNextTick(MinecraftServer.java:1415)
[10:07:41] [Server thread/WARN]: 	at net.minecraft.server.MinecraftServer.runServer(MinecraftServer.java:1260)
[10:07:41] [Server thread/WARN]: 	at net.minecraft.server.MinecraftServer.lambda$spin$0(MinecraftServer.java:329)
[10:07:41] [Server thread/WARN]: 	at java.base/java.lang.Thread.run(Thread.java:1583)
[10:07:41] [Server thread/WARN]: Caused by: while parsing a block mapping
[10:07:41] [Server thread/WARN]:  in 'reader', line 128, column 3:
[10:07:41] [Server thread/WARN]:       Type: ZOMBIE
[10:07:41] [Server thread/WARN]:       ^
[10:07:41] [Server thread/WARN]: expected <block end>, but found '<block mapping start>'
[10:07:41] [Server thread/WARN]:  in 'reader', line 156, column 5:
[10:07:41] [Server thread/WARN]:         Conditions:
[10:07:41] [Server thread/WARN]:         ^
[10:07:41] [Server thread/WARN]: 
[10:07:41] [Server thread/WARN]: 	at org.yaml.snakeyaml.parser.ParserImpl$ParseBlockMappingKey.produce(ParserImpl.java:654)
[10:07:41] [Server thread/WARN]: 	at org.yaml.snakeyaml.parser.ParserImpl.peekEvent(ParserImpl.java:161)
[10:07:41] [Server thread/WARN]: 	at org.yaml.snakeyaml.comments.CommentEventsCollector$1.peek(CommentEventsCollector.java:57)
[10:07:41] [Server thread/WARN]: 	at org.yaml.snakeyaml.comments.CommentEventsCollector$1.peek(CommentEventsCollector.java:43)
[10:07:41] [Server thread/WARN]: 	at org.yaml.snakeyaml.comments.CommentEventsCollector.collectEvents(CommentEventsCollector.java:136)
[10:07:41] [Server thread/WARN]: 	at org.yaml.snakeyaml.comments.CommentEventsCollector.collectEvents(CommentEventsCollector.java:116)
[10:07:41] [Server thread/WARN]: 	at org.yaml.snakeyaml.composer.Composer.composeSequenceNode(Composer.java:284)
[10:07:41] [Server thread/WARN]: 	at org.yaml.snakeyaml.composer.Composer.composeNode(Composer.java:207)
[10:07:41] [Server thread/WARN]: 	at org.yaml.snakeyaml.composer.Composer.composeValueNode(Composer.java:369)
[10:07:41] [Server thread/WARN]: 	at org.yaml.snakeyaml.composer.Composer.composeMappingChildren(Composer.java:348)
[10:07:41] [Server thread/WARN]: 	at org.yaml.snakeyaml.composer.Composer.composeMappingNode(Composer.java:323)
[10:07:41] [Server thread/WARN]: 	at org.yaml.snakeyaml.composer.Composer.composeNode(Composer.java:209)
[10:07:41] [Server thread/WARN]: 	at org.yaml.snakeyaml.composer.Composer.composeValueNode(Composer.java:369)
[10:07:41] [Server thread/WARN]: 	at org.yaml.snakeyaml.composer.Composer.composeMappingChildren(Composer.java:348)
[10:07:41] [Server thread/WARN]: 	at org.yaml.snakeyaml.composer.Composer.composeMappingNode(Composer.java:323)
[10:07:41] [Server thread/WARN]: 	at org.yaml.snakeyaml.composer.Composer.composeNode(Composer.java:209)
[10:07:41] [Server thread/WARN]: 	at org.yaml.snakeyaml.composer.Composer.getNode(Composer.java:131)
[10:07:41] [Server thread/WARN]: 	at org.yaml.snakeyaml.composer.Composer.getSingleNode(Composer.java:157)
[10:07:41] [Server thread/WARN]: 	at org.yaml.snakeyaml.Yaml.compose(Yaml.java:575)
[10:07:41] [Server thread/WARN]: 	at org.bukkit.configuration.file.YamlConfiguration.loadFromString(YamlConfiguration.java:104)
[10:07:41] [Server thread/WARN]: 	... 40 more
[10:07:41] [Server thread/ERROR]: Cannot load /workspaces/server/server/plugins/MythicMobs/mobs/ExampleMobs.yml
org.bukkit.configuration.InvalidConfigurationException: while parsing a block mapping
 in 'reader', line 128, column 3:
      Type: ZOMBIE
      ^
expected <block end>, but found '<block mapping start>'
 in 'reader', line 156, column 5:
        Conditions:
        ^

	at org.bukkit.configuration.file.YamlConfiguration.loadFromString(YamlConfiguration.java:111) ~[paper-api-1.21-R0.1-SNAPSHOT.jar:?]
	at org.bukkit.configuration.file.FileConfiguration.load(FileConfiguration.java:160) ~[paper-api-1.21-R0.1-SNAPSHOT.jar:?]
	at org.bukkit.configuration.file.FileConfiguration.load(FileConfiguration.java:128) ~[paper-api-1.21-R0.1-SNAPSHOT.jar:?]
	at org.bukkit.configuration.file.YamlConfiguration.loadConfiguration(YamlConfiguration.java:309) ~[paper-api-1.21-R0.1-SNAPSHOT.jar:?]
	at MythicMobs-5.9.0.jar/io.lumine.mythic.bukkit.utils.config.properties.types.NodeListProp.getNodes(NodeListProp.java:43) ~[MythicMobs-5.9.0.jar:?]
	at MythicMobs-5.9.0.jar/io.lumine.mythic.core.mobs.MobExecutor.loadMobs(MobExecutor.java:126) ~[MythicMobs-5.9.0.jar:?]
	at MythicMobs-5.9.0.jar/io.lumine.mythic.core.config.ConfigExecutor.load(ConfigExecutor.java:455) ~[MythicMobs-5.9.0.jar:?]
	at MythicMobs-5.9.0.jar/io.lumine.mythic.core.config.ConfigExecutor.load(ConfigExecutor.java:52) ~[MythicMobs-5.9.0.jar:?]
	at MythicMobs-5.9.0.jar/io.lumine.mythic.bukkit.utils.plugin.ReloadableModule.reload(ReloadableModule.java:19) ~[MythicMobs-5.9.0.jar:?]
	at MythicMobs-5.9.0.jar/io.lumine.mythic.bukkit.commands.ReloadCommand.doReloadPart1(ReloadCommand.java:121) ~[MythicMobs-5.9.0.jar:?]
	at MythicMobs-5.9.0.jar/io.lumine.mythic.bukkit.commands.ReloadCommand.onCommand(ReloadCommand.java:68) ~[MythicMobs-5.9.0.jar:?]
	at MythicMobs-5.9.0.jar/io.lumine.mythic.bukkit.utils.commands.Command.onCommand(Command.java:64) ~[MythicMobs-5.9.0.jar:?]
	at MythicMobs-5.9.0.jar/io.lumine.mythic.bukkit.utils.commands.Command.onCommand(Command.java:55) ~[MythicMobs-5.9.0.jar:?]
	at org.bukkit.command.PluginCommand.execute(PluginCommand.java:45) ~[paper-api-1.21-R0.1-SNAPSHOT.jar:?]
	at io.papermc.paper.command.brigadier.bukkit.BukkitCommandNode$BukkitBrigCommand.run(BukkitCommandNode.java:91) ~[paper-1.21.jar:1.21-27-76c2f16]
	at com.mojang.brigadier.context.ContextChain.runExecutable(ContextChain.java:73) ~[brigadier-1.2.9.jar:?]
	at net.minecraft.commands.execution.tasks.ExecuteCommand.execute(ExecuteCommand.java:31) ~[paper-1.21.jar:1.21-27-76c2f16]
	at net.minecraft.commands.execution.tasks.ExecuteCommand.execute(ExecuteCommand.java:19) ~[paper-1.21.jar:1.21-27-76c2f16]
	at net.minecraft.commands.execution.UnboundEntryAction.lambda$bind$0(UnboundEntryAction.java:8) ~[paper-1.21.jar:1.21-27-76c2f16]
	at net.minecraft.commands.execution.CommandQueueEntry.execute(CommandQueueEntry.java:5) ~[paper-1.21.jar:1.21-27-76c2f16]
	at net.minecraft.commands.execution.ExecutionContext.runCommandQueue(ExecutionContext.java:103) ~[paper-1.21.jar:1.21-27-76c2f16]
	at net.minecraft.commands.Commands.executeCommandInContext(Commands.java:446) ~[paper-1.21.jar:1.21-27-76c2f16]
	at net.minecraft.commands.Commands.performCommand(Commands.java:353) ~[paper-1.21.jar:1.21-27-76c2f16]
	at net.minecraft.commands.Commands.performCommand(Commands.java:340) ~[paper-1.21.jar:1.21-27-76c2f16]
	at net.minecraft.commands.Commands.performCommand(Commands.java:335) ~[paper-1.21.jar:1.21-27-76c2f16]
	at net.minecraft.server.network.ServerGamePacketListenerImpl.performUnsignedChatCommand(ServerGamePacketListenerImpl.java:2147) ~[paper-1.21.jar:1.21-27-76c2f16]
	at net.minecraft.server.network.ServerGamePacketListenerImpl.lambda$handleChatCommand$11(ServerGamePacketListenerImpl.java:2121) ~[paper-1.21.jar:1.21-27-76c2f16]
	at net.minecraft.server.TickTask.run(TickTask.java:18) ~[paper-1.21.jar:1.21-27-76c2f16]
	at net.minecraft.util.thread.BlockableEventLoop.doRunTask(BlockableEventLoop.java:151) ~[paper-1.21.jar:1.21-27-76c2f16]
	at net.minecraft.util.thread.ReentrantBlockableEventLoop.doRunTask(ReentrantBlockableEventLoop.java:24) ~[paper-1.21.jar:1.21-27-76c2f16]
	at net.minecraft.server.MinecraftServer.doRunTask(MinecraftServer.java:1478) ~[paper-1.21.jar:1.21-27-76c2f16]
	at net.minecraft.server.MinecraftServer.doRunTask(MinecraftServer.java:201) ~[paper-1.21.jar:1.21-27-76c2f16]
	at net.minecraft.util.thread.BlockableEventLoop.pollTask(BlockableEventLoop.java:125) ~[paper-1.21.jar:1.21-27-76c2f16]
	at net.minecraft.server.MinecraftServer.pollTaskInternal(MinecraftServer.java:1456) ~[paper-1.21.jar:1.21-27-76c2f16]
	at net.minecraft.server.MinecraftServer.pollTask(MinecraftServer.java:1449) ~[paper-1.21.jar:1.21-27-76c2f16]
	at net.minecraft.util.thread.BlockableEventLoop.managedBlock(BlockableEventLoop.java:135) ~[paper-1.21.jar:1.21-27-76c2f16]
	at net.minecraft.server.MinecraftServer.managedBlock(MinecraftServer.java:1408) ~[paper-1.21.jar:1.21-27-76c2f16]
	at net.minecraft.server.MinecraftServer.waitUntilNextTick(MinecraftServer.java:1415) ~[paper-1.21.jar:1.21-27-76c2f16]
	at net.minecraft.server.MinecraftServer.runServer(MinecraftServer.java:1260) ~[paper-1.21.jar:1.21-27-76c2f16]
	at net.minecraft.server.MinecraftServer.lambda$spin$0(MinecraftServer.java:329) ~[paper-1.21.jar:1.21-27-76c2f16]
	at java.base/java.lang.Thread.run(Thread.java:1583) ~[?:?]
Caused by: org.yaml.snakeyaml.parser.ParserException: while parsing a block mapping
 in 'reader', line 128, column 3:
      Type: ZOMBIE
      ^
expected <block end>, but found '<block mapping start>'
 in 'reader', line 156, column 5:
        Conditions:
        ^

	at org.yaml.snakeyaml.parser.ParserImpl$ParseBlockMappingKey.produce(ParserImpl.java:654) ~[snakeyaml-2.2.jar:?]
	at org.yaml.snakeyaml.parser.ParserImpl.peekEvent(ParserImpl.java:161) ~[snakeyaml-2.2.jar:?]
	at org.yaml.snakeyaml.comments.CommentEventsCollector$1.peek(CommentEventsCollector.java:57) ~[snakeyaml-2.2.jar:?]
	at org.yaml.snakeyaml.comments.CommentEventsCollector$1.peek(CommentEventsCollector.java:43) ~[snakeyaml-2.2.jar:?]
	at org.yaml.snakeyaml.comments.CommentEventsCollector.collectEvents(CommentEventsCollector.java:136) ~[snakeyaml-2.2.jar:?]
	at org.yaml.snakeyaml.comments.CommentEventsCollector.collectEvents(CommentEventsCollector.java:116) ~[snakeyaml-2.2.jar:?]
	at org.yaml.snakeyaml.composer.Composer.composeSequenceNode(Composer.java:284) ~[snakeyaml-2.2.jar:?]
	at org.yaml.snakeyaml.composer.Composer.composeNode(Composer.java:207) ~[snakeyaml-2.2.jar:?]
	at org.yaml.snakeyaml.composer.Composer.composeValueNode(Composer.java:369) ~[snakeyaml-2.2.jar:?]
	at org.yaml.snakeyaml.composer.Composer.composeMappingChildren(Composer.java:348) ~[snakeyaml-2.2.jar:?]
	at org.yaml.snakeyaml.composer.Composer.composeMappingNode(Composer.java:323) ~[snakeyaml-2.2.jar:?]
	at org.yaml.snakeyaml.composer.Composer.composeNode(Composer.java:209) ~[snakeyaml-2.2.jar:?]
	at org.yaml.snakeyaml.composer.Composer.composeValueNode(Composer.java:369) ~[snakeyaml-2.2.jar:?]
	at org.yaml.snakeyaml.composer.Composer.composeMappingChildren(Composer.java:348) ~[snakeyaml-2.2.jar:?]
	at org.yaml.snakeyaml.composer.Composer.composeMappingNode(Composer.java:323) ~[snakeyaml-2.2.jar:?]
	at org.yaml.snakeyaml.composer.Composer.composeNode(Composer.java:209) ~[snakeyaml-2.2.jar:?]
	at org.yaml.snakeyaml.composer.Composer.getNode(Composer.java:131) ~[snakeyaml-2.2.jar:?]
	at org.yaml.snakeyaml.composer.Composer.getSingleNode(Composer.java:157) ~[snakeyaml-2.2.jar:?]
	at org.yaml.snakeyaml.Yaml.compose(Yaml.java:575) ~[snakeyaml-2.2.jar:?]
	at org.bukkit.configuration.file.YamlConfiguration.loadFromString(YamlConfiguration.java:104) ~[paper-api-1.21-R0.1-SNAPSHOT.jar:?]
	... 40 more
[10:07:41] [Server thread/INFO]: [MythicMobs] Loading Drop Tables...
[10:07:41] [Server thread/INFO]: [MythicMobs] Loading Random Spawns...
[10:07:41] [Server thread/INFO]: [MythicMobs] Loading Spawn Blocks...
[10:07:41] [Server thread/WARN]: [MythicMobs] ✗ Configuration Error in Mechanic summon
[10:07:41] [Server thread/WARN]: [MythicMobs] --| Skill: SummonSkeletons | File: /workspaces/server/server/plugins/MythicMobs/skills/ExampleSkills.yml
[10:07:41] [Server thread/WARN]: [MythicMobs] --| Error Message: The 'type' attribute must be a valid MythicMob or MythicEntity type.
[10:07:41] [Server thread/WARN]: [MythicMobs] --| Mechanic Line: summon{mob=SkeletalMinion;amount=2;noise=5}
[10:07:41] [Server thread/WARN]: [MythicMobs] ✗ Configuration Error in Mechanic summon
[10:07:41] [Server thread/WARN]: [MythicMobs] --| Skill: SummonSkeletons | File: /workspaces/server/server/plugins/MythicMobs/skills/ExampleSkills.yml
[10:07:41] [Server thread/WARN]: [MythicMobs] --| Error Message: The 'type' attribute must be a valid MythicMob or MythicEntity type.
[10:07:41] [Server thread/WARN]: [MythicMobs] --| Mechanic Line: summon{mob=SkeletalMinion;amount=2;noise=5}
[10:07:41] [Server thread/WARN]: [MythicMobs] ✗ Configuration Error in Mechanic summon
[10:07:41] [Server thread/WARN]: [MythicMobs] --| Skill: SummonSkeletons | File: /workspaces/server/server/plugins/MythicMobs/skills/ExampleSkills.yml
[10:07:41] [Server thread/WARN]: [MythicMobs] --| Error Message: The 'type' attribute must be a valid MythicMob or MythicEntity type.
[10:07:41] [Server thread/WARN]: [MythicMobs] --| Mechanic Line: summon{mob=SkeletalMinion;amount=2;noise=5}
[10:07:41] [Server thread/INFO]: [MythicMobs] ✓ Loaded 3 mobs.
[10:07:41] [Server thread/INFO]: [MythicMobs] ✓ Loaded 3 vanilla mob overrides.
[10:07:41] [Server thread/INFO]: [MythicMobs] ✓ Loaded 0 mob stacks.
[10:07:41] [Server thread/INFO]: [MythicMobs] ✓ Loaded 8 skills.
[10:07:41] [Server thread/INFO]: [MythicMobs] ✓ Loaded 0 random spawns.
[10:07:41] [Server thread/INFO]: [MythicMobs] ✓ Loaded 4 mythic items.
[10:07:41] [Server thread/INFO]: [MythicMobs] ✓ Loaded 3 drop tables.
[10:07:41] [Server thread/INFO]: [MythicMobs] ✓ Loaded 0 mob spawners.
[10:07:42] [Server thread/INFO]: [MythicMobs] Mythic has finished reloading!
[10:07:54] [Server thread/INFO]: Anhahahaha issued server command: /mm mobs spawn bossbaove
[10:08:49] [User Authenticator #4/INFO]: UUID of player gzzzgzzz is 8c223a65-d373-31d6-bc84-f381519ddd1b
[10:08:54] [Server thread/INFO]: gzzzgzzz joined the game
[10:08:54] [Server thread/INFO]: gzzzgzzz[/[0:0:0:0:0:0:0:1%0]:55654] logged in with entity id 9647 at ([world]53.20073720259099, 63.0, -80.77703114654825)
[10:09:05] [Server thread/INFO]: Anhahahaha issued server command: /mm reload
[10:09:05] [Server thread/INFO]: [MythicMobs] Saving plugin data...
[10:09:05] [Server thread/INFO]: [MythicMobs] ✓Saving Finished
[10:09:05] [Server thread/INFO]: [MythicMobs] Loading Packs...
[10:09:06] [Server thread/INFO]: [MythicMobs] Loading Items...
[10:09:06] [Server thread/INFO]: [MythicMobs] Loading Item Groups...
[10:09:06] [Server thread/INFO]: [MythicMobs] Loading Skills...
[10:09:06] [Server thread/ERROR]: Cannot load plugins/MythicMobs/mobs/BossBaoVe.yml
org.bukkit.configuration.InvalidConfigurationException: while parsing a block mapping
 in 'reader', line 3, column 3:
      Type: ZOMBIE
      ^
expected <block end>, but found '<block mapping start>'
 in 'reader', line 31, column 5:
        Conditions:
        ^

	at org.bukkit.configuration.file.YamlConfiguration.loadFromString(YamlConfiguration.java:111) ~[paper-api-1.21-R0.1-SNAPSHOT.jar:?]
	at org.bukkit.configuration.file.FileConfiguration.load(FileConfiguration.java:160) ~[paper-api-1.21-R0.1-SNAPSHOT.jar:?]
	at org.bukkit.configuration.file.FileConfiguration.load(FileConfiguration.java:128) ~[paper-api-1.21-R0.1-SNAPSHOT.jar:?]
	at org.bukkit.configuration.file.YamlConfiguration.loadConfiguration(YamlConfiguration.java:309) ~[paper-api-1.21-R0.1-SNAPSHOT.jar:?]
	at MythicMobs-5.9.0.jar/io.lumine.mythic.core.config.IOLoader.reloadCustomConfig(IOLoader.java:80) ~[MythicMobs-5.9.0.jar:?]
	at MythicMobs-5.9.0.jar/io.lumine.mythic.core.config.IOLoader.<init>(IOLoader.java:56) ~[MythicMobs-5.9.0.jar:?]
	at MythicMobs-5.9.0.jar/io.lumine.mythic.core.config.IOHandler.getSaveLoad(IOHandler.java:46) ~[MythicMobs-5.9.0.jar:?]
	at MythicMobs-5.9.0.jar/io.lumine.mythic.core.mobs.MobExecutor.loadMobs(MobExecutor.java:113) ~[MythicMobs-5.9.0.jar:?]
	at MythicMobs-5.9.0.jar/io.lumine.mythic.core.config.ConfigExecutor.load(ConfigExecutor.java:455) ~[MythicMobs-5.9.0.jar:?]
	at MythicMobs-5.9.0.jar/io.lumine.mythic.core.config.ConfigExecutor.load(ConfigExecutor.java:52) ~[MythicMobs-5.9.0.jar:?]
	at MythicMobs-5.9.0.jar/io.lumine.mythic.bukkit.utils.plugin.ReloadableModule.reload(ReloadableModule.java:19) ~[MythicMobs-5.9.0.jar:?]
	at MythicMobs-5.9.0.jar/io.lumine.mythic.bukkit.commands.ReloadCommand.doReloadPart1(ReloadCommand.java:121) ~[MythicMobs-5.9.0.jar:?]
	at MythicMobs-5.9.0.jar/io.lumine.mythic.bukkit.commands.ReloadCommand.onCommand(ReloadCommand.java:68) ~[MythicMobs-5.9.0.jar:?]
	at MythicMobs-5.9.0.jar/io.lumine.mythic.bukkit.utils.commands.Command.onCommand(Command.java:64) ~[MythicMobs-5.9.0.jar:?]
	at MythicMobs-5.9.0.jar/io.lumine.mythic.bukkit.utils.commands.Command.onCommand(Command.java:55) ~[MythicMobs-5.9.0.jar:?]
	at org.bukkit.command.PluginCommand.execute(PluginCommand.java:45) ~[paper-api-1.21-R0.1-SNAPSHOT.jar:?]
	at io.papermc.paper.command.brigadier.bukkit.BukkitCommandNode$BukkitBrigCommand.run(BukkitCommandNode.java:91) ~[paper-1.21.jar:1.21-27-76c2f16]
	at com.mojang.brigadier.context.ContextChain.runExecutable(ContextChain.java:73) ~[brigadier-1.2.9.jar:?]
	at net.minecraft.commands.execution.tasks.ExecuteCommand.execute(ExecuteCommand.java:31) ~[paper-1.21.jar:1.21-27-76c2f16]
	at net.minecraft.commands.execution.tasks.ExecuteCommand.execute(ExecuteCommand.java:19) ~[paper-1.21.jar:1.21-27-76c2f16]
	at net.minecraft.commands.execution.UnboundEntryAction.lambda$bind$0(UnboundEntryAction.java:8) ~[paper-1.21.jar:1.21-27-76c2f16]
	at net.minecraft.commands.execution.CommandQueueEntry.execute(CommandQueueEntry.java:5) ~[paper-1.21.jar:1.21-27-76c2f16]
	at net.minecraft.commands.execution.ExecutionContext.runCommandQueue(ExecutionContext.java:103) ~[paper-1.21.jar:1.21-27-76c2f16]
	at net.minecraft.commands.Commands.executeCommandInContext(Commands.java:446) ~[paper-1.21.jar:1.21-27-76c2f16]
	at net.minecraft.commands.Commands.performCommand(Commands.java:353) ~[paper-1.21.jar:1.21-27-76c2f16]
	at net.minecraft.commands.Commands.performCommand(Commands.java:340) ~[paper-1.21.jar:1.21-27-76c2f16]
	at net.minecraft.commands.Commands.performCommand(Commands.java:335) ~[paper-1.21.jar:1.21-27-76c2f16]
	at net.minecraft.server.network.ServerGamePacketListenerImpl.performUnsignedChatCommand(ServerGamePacketListenerImpl.java:2147) ~[paper-1.21.jar:1.21-27-76c2f16]
	at net.minecraft.server.network.ServerGamePacketListenerImpl.lambda$handleChatCommand$11(ServerGamePacketListenerImpl.java:2121) ~[paper-1.21.jar:1.21-27-76c2f16]
	at net.minecraft.server.TickTask.run(TickTask.java:18) ~[paper-1.21.jar:1.21-27-76c2f16]
	at net.minecraft.util.thread.BlockableEventLoop.doRunTask(BlockableEventLoop.java:151) ~[paper-1.21.jar:1.21-27-76c2f16]
	at net.minecraft.util.thread.ReentrantBlockableEventLoop.doRunTask(ReentrantBlockableEventLoop.java:24) ~[paper-1.21.jar:1.21-27-76c2f16]
	at net.minecraft.server.MinecraftServer.doRunTask(MinecraftServer.java:1478) ~[paper-1.21.jar:1.21-27-76c2f16]
	at net.minecraft.server.MinecraftServer.doRunTask(MinecraftServer.java:201) ~[paper-1.21.jar:1.21-27-76c2f16]
	at net.minecraft.util.thread.BlockableEventLoop.pollTask(BlockableEventLoop.java:125) ~[paper-1.21.jar:1.21-27-76c2f16]
	at net.minecraft.server.MinecraftServer.pollTaskInternal(MinecraftServer.java:1456) ~[paper-1.21.jar:1.21-27-76c2f16]
	at net.minecraft.server.MinecraftServer.pollTask(MinecraftServer.java:1449) ~[paper-1.21.jar:1.21-27-76c2f16]
	at net.minecraft.util.thread.BlockableEventLoop.managedBlock(BlockableEventLoop.java:135) ~[paper-1.21.jar:1.21-27-76c2f16]
	at net.minecraft.server.MinecraftServer.managedBlock(MinecraftServer.java:1408) ~[paper-1.21.jar:1.21-27-76c2f16]
	at net.minecraft.server.MinecraftServer.waitUntilNextTick(MinecraftServer.java:1415) ~[paper-1.21.jar:1.21-27-76c2f16]
	at net.minecraft.server.MinecraftServer.runServer(MinecraftServer.java:1260) ~[paper-1.21.jar:1.21-27-76c2f16]
	at net.minecraft.server.MinecraftServer.lambda$spin$0(MinecraftServer.java:329) ~[paper-1.21.jar:1.21-27-76c2f16]
	at java.base/java.lang.Thread.run(Thread.java:1583) ~[?:?]
Caused by: org.yaml.snakeyaml.parser.ParserException: while parsing a block mapping
 in 'reader', line 3, column 3:
      Type: ZOMBIE
      ^
expected <block end>, but found '<block mapping start>'
 in 'reader', line 31, column 5:
        Conditions:
        ^

	at org.yaml.snakeyaml.parser.ParserImpl$ParseBlockMappingKey.produce(ParserImpl.java:654) ~[snakeyaml-2.2.jar:?]
	at org.yaml.snakeyaml.parser.ParserImpl.peekEvent(ParserImpl.java:161) ~[snakeyaml-2.2.jar:?]
	at org.yaml.snakeyaml.comments.CommentEventsCollector$1.peek(CommentEventsCollector.java:57) ~[snakeyaml-2.2.jar:?]
	at org.yaml.snakeyaml.comments.CommentEventsCollector$1.peek(CommentEventsCollector.java:43) ~[snakeyaml-2.2.jar:?]
	at org.yaml.snakeyaml.comments.CommentEventsCollector.collectEvents(CommentEventsCollector.java:136) ~[snakeyaml-2.2.jar:?]
	at org.yaml.snakeyaml.comments.CommentEventsCollector.collectEvents(CommentEventsCollector.java:116) ~[snakeyaml-2.2.jar:?]
	at org.yaml.snakeyaml.composer.Composer.composeSequenceNode(Composer.java:284) ~[snakeyaml-2.2.jar:?]
	at org.yaml.snakeyaml.composer.Composer.composeNode(Composer.java:207) ~[snakeyaml-2.2.jar:?]
	at org.yaml.snakeyaml.composer.Composer.composeValueNode(Composer.java:369) ~[snakeyaml-2.2.jar:?]
	at org.yaml.snakeyaml.composer.Composer.composeMappingChildren(Composer.java:348) ~[snakeyaml-2.2.jar:?]
	at org.yaml.snakeyaml.composer.Composer.composeMappingNode(Composer.java:323) ~[snakeyaml-2.2.jar:?]
	at org.yaml.snakeyaml.composer.Composer.composeNode(Composer.java:209) ~[snakeyaml-2.2.jar:?]
	at org.yaml.snakeyaml.composer.Composer.composeValueNode(Composer.java:369) ~[snakeyaml-2.2.jar:?]
	at org.yaml.snakeyaml.composer.Composer.composeMappingChildren(Composer.java:348) ~[snakeyaml-2.2.jar:?]
	at org.yaml.snakeyaml.composer.Composer.composeMappingNode(Composer.java:323) ~[snakeyaml-2.2.jar:?]
	at org.yaml.snakeyaml.composer.Composer.composeNode(Composer.java:209) ~[snakeyaml-2.2.jar:?]
	at org.yaml.snakeyaml.composer.Composer.getNode(Composer.java:131) ~[snakeyaml-2.2.jar:?]
	at org.yaml.snakeyaml.composer.Composer.getSingleNode(Composer.java:157) ~[snakeyaml-2.2.jar:?]
	at org.yaml.snakeyaml.Yaml.compose(Yaml.java:575) ~[snakeyaml-2.2.jar:?]
	at org.bukkit.configuration.file.YamlConfiguration.loadFromString(YamlConfiguration.java:104) ~[paper-api-1.21-R0.1-SNAPSHOT.jar:?]
	... 42 more
[10:09:06] [Server thread/WARN]: [MythicMobs] Error loading mob 'SkeletalKnight'. Enable debugging for a stack trace.
[10:09:06] [Server thread/WARN]: org.bukkit.configuration.InvalidConfigurationException: while parsing a block mapping
[10:09:06] [Server thread/WARN]:  in 'reader', line 3, column 3:
[10:09:06] [Server thread/WARN]:       Type: ZOMBIE
[10:09:06] [Server thread/WARN]:       ^
[10:09:06] [Server thread/WARN]: expected <block end>, but found '<block mapping start>'
[10:09:06] [Server thread/WARN]:  in 'reader', line 31, column 5:
[10:09:06] [Server thread/WARN]:         Conditions:
[10:09:06] [Server thread/WARN]:         ^
[10:09:06] [Server thread/WARN]: 
[10:09:06] [Server thread/WARN]: 	at org.bukkit.configuration.file.YamlConfiguration.loadFromString(YamlConfiguration.java:111)
[10:09:06] [Server thread/WARN]: 	at org.bukkit.configuration.file.FileConfiguration.load(FileConfiguration.java:160)
[10:09:06] [Server thread/WARN]: 	at org.bukkit.configuration.file.FileConfiguration.load(FileConfiguration.java:128)
[10:09:06] [Server thread/WARN]: 	at MythicMobs-5.9.0.jar//io.lumine.mythic.core.config.MythicConfigImpl.<init>(MythicConfigImpl.java:56)
[10:09:06] [Server thread/WARN]: 	at MythicMobs-5.9.0.jar//io.lumine.mythic.core.config.MythicConfigImpl.<init>(MythicConfigImpl.java:47)
[10:09:06] [Server thread/WARN]: 	at MythicMobs-5.9.0.jar//io.lumine.mythic.core.mobs.MobExecutor.loadMobs(MobExecutor.java:124)
[10:09:06] [Server thread/WARN]: 	at MythicMobs-5.9.0.jar//io.lumine.mythic.core.config.ConfigExecutor.load(ConfigExecutor.java:455)
[10:09:06] [Server thread/WARN]: 	at MythicMobs-5.9.0.jar//io.lumine.mythic.core.config.ConfigExecutor.load(ConfigExecutor.java:52)
[10:09:06] [Server thread/WARN]: 	at MythicMobs-5.9.0.jar//io.lumine.mythic.bukkit.utils.plugin.ReloadableModule.reload(ReloadableModule.java:19)
[10:09:06] [Server thread/WARN]: 	at MythicMobs-5.9.0.jar//io.lumine.mythic.bukkit.commands.ReloadCommand.doReloadPart1(ReloadCommand.java:121)
[10:09:06] [Server thread/WARN]: 	at MythicMobs-5.9.0.jar//io.lumine.mythic.bukkit.commands.ReloadCommand.onCommand(ReloadCommand.java:68)
[10:09:06] [Server thread/WARN]: 	at MythicMobs-5.9.0.jar//io.lumine.mythic.bukkit.utils.commands.Command.onCommand(Command.java:64)
[10:09:06] [Server thread/WARN]: 	at MythicMobs-5.9.0.jar//io.lumine.mythic.bukkit.utils.commands.Command.onCommand(Command.java:55)
[10:09:06] [Server thread/WARN]: 	at org.bukkit.command.PluginCommand.execute(PluginCommand.java:45)
[10:09:06] [Server thread/WARN]: 	at io.papermc.paper.command.brigadier.bukkit.BukkitCommandNode$BukkitBrigCommand.run(BukkitCommandNode.java:91)
[10:09:06] [Server thread/WARN]: 	at com.mojang.brigadier.context.ContextChain.runExecutable(ContextChain.java:73)
[10:09:06] [Server thread/WARN]: 	at net.minecraft.commands.execution.tasks.ExecuteCommand.execute(ExecuteCommand.java:31)
[10:09:06] [Server thread/WARN]: 	at net.minecraft.commands.execution.tasks.ExecuteCommand.execute(ExecuteCommand.java:19)
[10:09:06] [Server thread/WARN]: 	at net.minecraft.commands.execution.UnboundEntryAction.lambda$bind$0(UnboundEntryAction.java:8)
[10:09:06] [Server thread/WARN]: 	at net.minecraft.commands.execution.CommandQueueEntry.execute(CommandQueueEntry.java:5)
[10:09:06] [Server thread/WARN]: 	at net.minecraft.commands.execution.ExecutionContext.runCommandQueue(ExecutionContext.java:103)
[10:09:06] [Server thread/WARN]: 	at net.minecraft.commands.Commands.executeCommandInContext(Commands.java:446)
[10:09:06] [Server thread/WARN]: 	at net.minecraft.commands.Commands.performCommand(Commands.java:353)
[10:09:06] [Server thread/WARN]: 	at net.minecraft.commands.Commands.performCommand(Commands.java:340)
[10:09:06] [Server thread/WARN]: 	at net.minecraft.commands.Commands.performCommand(Commands.java:335)
[10:09:06] [Server thread/WARN]: 	at net.minecraft.server.network.ServerGamePacketListenerImpl.performUnsignedChatCommand(ServerGamePacketListenerImpl.java:2147)
[10:09:06] [Server thread/WARN]: 	at net.minecraft.server.network.ServerGamePacketListenerImpl.lambda$handleChatCommand$11(ServerGamePacketListenerImpl.java:2121)
[10:09:06] [Server thread/WARN]: 	at net.minecraft.server.TickTask.run(TickTask.java:18)
[10:09:06] [Server thread/WARN]: 	at net.minecraft.util.thread.BlockableEventLoop.doRunTask(BlockableEventLoop.java:151)
[10:09:06] [Server thread/WARN]: 	at net.minecraft.util.thread.ReentrantBlockableEventLoop.doRunTask(ReentrantBlockableEventLoop.java:24)
[10:09:06] [Server thread/WARN]: 	at net.minecraft.server.MinecraftServer.doRunTask(MinecraftServer.java:1478)
[10:09:06] [Server thread/WARN]: 	at net.minecraft.server.MinecraftServer.doRunTask(MinecraftServer.java:201)
[10:09:06] [Server thread/WARN]: 	at net.minecraft.util.thread.BlockableEventLoop.pollTask(BlockableEventLoop.java:125)
[10:09:06] [Server thread/WARN]: 	at net.minecraft.server.MinecraftServer.pollTaskInternal(MinecraftServer.java:1456)
[10:09:06] [Server thread/WARN]: 	at net.minecraft.server.MinecraftServer.pollTask(MinecraftServer.java:1449)
[10:09:06] [Server thread/WARN]: 	at net.minecraft.util.thread.BlockableEventLoop.managedBlock(BlockableEventLoop.java:135)
[10:09:06] [Server thread/WARN]: 	at net.minecraft.server.MinecraftServer.managedBlock(MinecraftServer.java:1408)
[10:09:06] [Server thread/WARN]: 	at net.minecraft.server.MinecraftServer.waitUntilNextTick(MinecraftServer.java:1415)
[10:09:06] [Server thread/WARN]: 	at net.minecraft.server.MinecraftServer.runServer(MinecraftServer.java:1260)
[10:09:06] [Server thread/WARN]: 	at net.minecraft.server.MinecraftServer.lambda$spin$0(MinecraftServer.java:329)
[10:09:06] [Server thread/WARN]: 	at java.base/java.lang.Thread.run(Thread.java:1583)
[10:09:06] [Server thread/WARN]: Caused by: while parsing a block mapping
[10:09:06] [Server thread/WARN]:  in 'reader', line 3, column 3:
[10:09:06] [Server thread/WARN]:       Type: ZOMBIE
[10:09:06] [Server thread/WARN]:       ^
[10:09:06] [Server thread/WARN]: expected <block end>, but found '<block mapping start>'
[10:09:06] [Server thread/WARN]:  in 'reader', line 31, column 5:
[10:09:06] [Server thread/WARN]:         Conditions:
[10:09:06] [Server thread/WARN]:         ^
[10:09:06] [Server thread/WARN]: 
[10:09:06] [Server thread/WARN]: 	at org.yaml.snakeyaml.parser.ParserImpl$ParseBlockMappingKey.produce(ParserImpl.java:654)
[10:09:06] [Server thread/WARN]: 	at org.yaml.snakeyaml.parser.ParserImpl.peekEvent(ParserImpl.java:161)
[10:09:06] [Server thread/WARN]: 	at org.yaml.snakeyaml.comments.CommentEventsCollector$1.peek(CommentEventsCollector.java:57)
[10:09:06] [Server thread/WARN]: 	at org.yaml.snakeyaml.comments.CommentEventsCollector$1.peek(CommentEventsCollector.java:43)
[10:09:06] [Server thread/WARN]: 	at org.yaml.snakeyaml.comments.CommentEventsCollector.collectEvents(CommentEventsCollector.java:136)
[10:09:06] [Server thread/WARN]: 	at org.yaml.snakeyaml.comments.CommentEventsCollector.collectEvents(CommentEventsCollector.java:116)
[10:09:06] [Server thread/WARN]: 	at org.yaml.snakeyaml.composer.Composer.composeSequenceNode(Composer.java:284)
[10:09:06] [Server thread/WARN]: 	at org.yaml.snakeyaml.composer.Composer.composeNode(Composer.java:207)
[10:09:06] [Server thread/WARN]: 	at org.yaml.snakeyaml.composer.Composer.composeValueNode(Composer.java:369)
[10:09:06] [Server thread/WARN]: 	at org.yaml.snakeyaml.composer.Composer.composeMappingChildren(Composer.java:348)
[10:09:06] [Server thread/WARN]: 	at org.yaml.snakeyaml.composer.Composer.composeMappingNode(Composer.java:323)
[10:09:06] [Server thread/WARN]: 	at org.yaml.snakeyaml.composer.Composer.composeNode(Composer.java:209)
[10:09:06] [Server thread/WARN]: 	at org.yaml.snakeyaml.composer.Composer.composeValueNode(Composer.java:369)
[10:09:06] [Server thread/WARN]: 	at org.yaml.snakeyaml.composer.Composer.composeMappingChildren(Composer.java:348)
[10:09:06] [Server thread/WARN]: 	at org.yaml.snakeyaml.composer.Composer.composeMappingNode(Composer.java:323)
[10:09:06] [Server thread/WARN]: 	at org.yaml.snakeyaml.composer.Composer.composeNode(Composer.java:209)
[10:09:06] [Server thread/WARN]: 	at org.yaml.snakeyaml.composer.Composer.getNode(Composer.java:131)
[10:09:06] [Server thread/WARN]: 	at org.yaml.snakeyaml.composer.Composer.getSingleNode(Composer.java:157)
[10:09:06] [Server thread/WARN]: 	at org.yaml.snakeyaml.Yaml.compose(Yaml.java:575)
[10:09:06] [Server thread/WARN]: 	at org.bukkit.configuration.file.YamlConfiguration.loadFromString(YamlConfiguration.java:104)
[10:09:06] [Server thread/WARN]: 	... 40 more
[10:09:06] [Server thread/ERROR]: Cannot load /workspaces/server/server/plugins/MythicMobs/mobs/BossBaoVe.yml
org.bukkit.configuration.InvalidConfigurationException: while parsing a block mapping
 in 'reader', line 3, column 3:
      Type: ZOMBIE
      ^
expected <block end>, but found '<block mapping start>'
 in 'reader', line 31, column 5:
        Conditions:
        ^

	at org.bukkit.configuration.file.YamlConfiguration.loadFromString(YamlConfiguration.java:111) ~[paper-api-1.21-R0.1-SNAPSHOT.jar:?]
	at org.bukkit.configuration.file.FileConfiguration.load(FileConfiguration.java:160) ~[paper-api-1.21-R0.1-SNAPSHOT.jar:?]
	at org.bukkit.configuration.file.FileConfiguration.load(FileConfiguration.java:128) ~[paper-api-1.21-R0.1-SNAPSHOT.jar:?]
	at org.bukkit.configuration.file.YamlConfiguration.loadConfiguration(YamlConfiguration.java:309) ~[paper-api-1.21-R0.1-SNAPSHOT.jar:?]
	at MythicMobs-5.9.0.jar/io.lumine.mythic.bukkit.utils.config.properties.types.NodeListProp.getNodes(NodeListProp.java:43) ~[MythicMobs-5.9.0.jar:?]
	at MythicMobs-5.9.0.jar/io.lumine.mythic.core.mobs.MobExecutor.loadMobs(MobExecutor.java:126) ~[MythicMobs-5.9.0.jar:?]
	at MythicMobs-5.9.0.jar/io.lumine.mythic.core.config.ConfigExecutor.load(ConfigExecutor.java:455) ~[MythicMobs-5.9.0.jar:?]
	at MythicMobs-5.9.0.jar/io.lumine.mythic.core.config.ConfigExecutor.load(ConfigExecutor.java:52) ~[MythicMobs-5.9.0.jar:?]
	at MythicMobs-5.9.0.jar/io.lumine.mythic.bukkit.utils.plugin.ReloadableModule.reload(ReloadableModule.java:19) ~[MythicMobs-5.9.0.jar:?]
	at MythicMobs-5.9.0.jar/io.lumine.mythic.bukkit.commands.ReloadCommand.doReloadPart1(ReloadCommand.java:121) ~[MythicMobs-5.9.0.jar:?]
	at MythicMobs-5.9.0.jar/io.lumine.mythic.bukkit.commands.ReloadCommand.onCommand(ReloadCommand.java:68) ~[MythicMobs-5.9.0.jar:?]
	at MythicMobs-5.9.0.jar/io.lumine.mythic.bukkit.utils.commands.Command.onCommand(Command.java:64) ~[MythicMobs-5.9.0.jar:?]
	at MythicMobs-5.9.0.jar/io.lumine.mythic.bukkit.utils.commands.Command.onCommand(Command.java:55) ~[MythicMobs-5.9.0.jar:?]
	at org.bukkit.command.PluginCommand.execute(PluginCommand.java:45) ~[paper-api-1.21-R0.1-SNAPSHOT.jar:?]
	at io.papermc.paper.command.brigadier.bukkit.BukkitCommandNode$BukkitBrigCommand.run(BukkitCommandNode.java:91) ~[paper-1.21.jar:1.21-27-76c2f16]
	at com.mojang.brigadier.context.ContextChain.runExecutable(ContextChain.java:73) ~[brigadier-1.2.9.jar:?]
	at net.minecraft.commands.execution.tasks.ExecuteCommand.execute(ExecuteCommand.java:31) ~[paper-1.21.jar:1.21-27-76c2f16]
	at net.minecraft.commands.execution.tasks.ExecuteCommand.execute(ExecuteCommand.java:19) ~[paper-1.21.jar:1.21-27-76c2f16]
	at net.minecraft.commands.execution.UnboundEntryAction.lambda$bind$0(UnboundEntryAction.java:8) ~[paper-1.21.jar:1.21-27-76c2f16]
	at net.minecraft.commands.execution.CommandQueueEntry.execute(CommandQueueEntry.java:5) ~[paper-1.21.jar:1.21-27-76c2f16]
	at net.minecraft.commands.execution.ExecutionContext.runCommandQueue(ExecutionContext.java:103) ~[paper-1.21.jar:1.21-27-76c2f16]
	at net.minecraft.commands.Commands.executeCommandInContext(Commands.java:446) ~[paper-1.21.jar:1.21-27-76c2f16]
	at net.minecraft.commands.Commands.performCommand(Commands.java:353) ~[paper-1.21.jar:1.21-27-76c2f16]
	at net.minecraft.commands.Commands.performCommand(Commands.java:340) ~[paper-1.21.jar:1.21-27-76c2f16]
	at net.minecraft.commands.Commands.performCommand(Commands.java:335) ~[paper-1.21.jar:1.21-27-76c2f16]
	at net.minecraft.server.network.ServerGamePacketListenerImpl.performUnsignedChatCommand(ServerGamePacketListenerImpl.java:2147) ~[paper-1.21.jar:1.21-27-76c2f16]
	at net.minecraft.server.network.ServerGamePacketListenerImpl.lambda$handleChatCommand$11(ServerGamePacketListenerImpl.java:2121) ~[paper-1.21.jar:1.21-27-76c2f16]
	at net.minecraft.server.TickTask.run(TickTask.java:18) ~[paper-1.21.jar:1.21-27-76c2f16]
	at net.minecraft.util.thread.BlockableEventLoop.doRunTask(BlockableEventLoop.java:151) ~[paper-1.21.jar:1.21-27-76c2f16]
	at net.minecraft.util.thread.ReentrantBlockableEventLoop.doRunTask(ReentrantBlockableEventLoop.java:24) ~[paper-1.21.jar:1.21-27-76c2f16]
	at net.minecraft.server.MinecraftServer.doRunTask(MinecraftServer.java:1478) ~[paper-1.21.jar:1.21-27-76c2f16]
	at net.minecraft.server.MinecraftServer.doRunTask(MinecraftServer.java:201) ~[paper-1.21.jar:1.21-27-76c2f16]
	at net.minecraft.util.thread.BlockableEventLoop.pollTask(BlockableEventLoop.java:125) ~[paper-1.21.jar:1.21-27-76c2f16]
	at net.minecraft.server.MinecraftServer.pollTaskInternal(MinecraftServer.java:1456) ~[paper-1.21.jar:1.21-27-76c2f16]
	at net.minecraft.server.MinecraftServer.pollTask(MinecraftServer.java:1449) ~[paper-1.21.jar:1.21-27-76c2f16]
	at net.minecraft.util.thread.BlockableEventLoop.managedBlock(BlockableEventLoop.java:135) ~[paper-1.21.jar:1.21-27-76c2f16]
	at net.minecraft.server.MinecraftServer.managedBlock(MinecraftServer.java:1408) ~[paper-1.21.jar:1.21-27-76c2f16]
	at net.minecraft.server.MinecraftServer.waitUntilNextTick(MinecraftServer.java:1415) ~[paper-1.21.jar:1.21-27-76c2f16]
	at net.minecraft.server.MinecraftServer.runServer(MinecraftServer.java:1260) ~[paper-1.21.jar:1.21-27-76c2f16]
	at net.minecraft.server.MinecraftServer.lambda$spin$0(MinecraftServer.java:329) ~[paper-1.21.jar:1.21-27-76c2f16]
	at java.base/java.lang.Thread.run(Thread.java:1583) ~[?:?]
Caused by: org.yaml.snakeyaml.parser.ParserException: while parsing a block mapping
 in 'reader', line 3, column 3:
      Type: ZOMBIE
      ^
expected <block end>, but found '<block mapping start>'
 in 'reader', line 31, column 5:
        Conditions:
        ^

	at org.yaml.snakeyaml.parser.ParserImpl$ParseBlockMappingKey.produce(ParserImpl.java:654) ~[snakeyaml-2.2.jar:?]
	at org.yaml.snakeyaml.parser.ParserImpl.peekEvent(ParserImpl.java:161) ~[snakeyaml-2.2.jar:?]
	at org.yaml.snakeyaml.comments.CommentEventsCollector$1.peek(CommentEventsCollector.java:57) ~[snakeyaml-2.2.jar:?]
	at org.yaml.snakeyaml.comments.CommentEventsCollector$1.peek(CommentEventsCollector.java:43) ~[snakeyaml-2.2.jar:?]
	at org.yaml.snakeyaml.comments.CommentEventsCollector.collectEvents(CommentEventsCollector.java:136) ~[snakeyaml-2.2.jar:?]
	at org.yaml.snakeyaml.comments.CommentEventsCollector.collectEvents(CommentEventsCollector.java:116) ~[snakeyaml-2.2.jar:?]
	at org.yaml.snakeyaml.composer.Composer.composeSequenceNode(Composer.java:284) ~[snakeyaml-2.2.jar:?]
	at org.yaml.snakeyaml.composer.Composer.composeNode(Composer.java:207) ~[snakeyaml-2.2.jar:?]
	at org.yaml.snakeyaml.composer.Composer.composeValueNode(Composer.java:369) ~[snakeyaml-2.2.jar:?]
	at org.yaml.snakeyaml.composer.Composer.composeMappingChildren(Composer.java:348) ~[snakeyaml-2.2.jar:?]
	at org.yaml.snakeyaml.composer.Composer.composeMappingNode(Composer.java:323) ~[snakeyaml-2.2.jar:?]
	at org.yaml.snakeyaml.composer.Composer.composeNode(Composer.java:209) ~[snakeyaml-2.2.jar:?]
	at org.yaml.snakeyaml.composer.Composer.composeValueNode(Composer.java:369) ~[snakeyaml-2.2.jar:?]
	at org.yaml.snakeyaml.composer.Composer.composeMappingChildren(Composer.java:348) ~[snakeyaml-2.2.jar:?]
	at org.yaml.snakeyaml.composer.Composer.composeMappingNode(Composer.java:323) ~[snakeyaml-2.2.jar:?]
	at org.yaml.snakeyaml.composer.Composer.composeNode(Composer.java:209) ~[snakeyaml-2.2.jar:?]
	at org.yaml.snakeyaml.composer.Composer.getNode(Composer.java:131) ~[snakeyaml-2.2.jar:?]
	at org.yaml.snakeyaml.composer.Composer.getSingleNode(Composer.java:157) ~[snakeyaml-2.2.jar:?]
	at org.yaml.snakeyaml.Yaml.compose(Yaml.java:575) ~[snakeyaml-2.2.jar:?]
	at org.bukkit.configuration.file.YamlConfiguration.loadFromString(YamlConfiguration.java:104) ~[paper-api-1.21-R0.1-SNAPSHOT.jar:?]
	... 40 more
[10:09:06] [Server thread/INFO]: [MythicMobs] Loading Drop Tables...
[10:09:06] [Server thread/INFO]: [MythicMobs] Loading Random Spawns...
[10:09:06] [Server thread/INFO]: [MythicMobs] Loading Spawn Blocks...
[10:09:06] [Server thread/WARN]: [MythicMobs] ✗ Configuration Error in Mechanic summon
[10:09:06] [Server thread/WARN]: [MythicMobs] --| Mob: WarriorZombie | File: /workspaces/server/server/plugins/MythicMobs/mobs/ExampleMobs.yml
[10:09:06] [Server thread/WARN]: [MythicMobs] --| Error Message: The 'type' attribute must be a valid MythicMob or MythicEntity type.
[10:09:06] [Server thread/WARN]: [MythicMobs] --| Mechanic Line: summon{m=ZombieMinion;a=2}
[10:09:06] [Server thread/INFO]: [MythicMobs] ✓ Loaded 9 mobs.
[10:09:06] [Server thread/INFO]: [MythicMobs] ✓ Loaded 3 vanilla mob overrides.
[10:09:06] [Server thread/INFO]: [MythicMobs] ✓ Loaded 0 mob stacks.
[10:09:06] [Server thread/INFO]: [MythicMobs] ✓ Loaded 8 skills.
[10:09:06] [Server thread/INFO]: [MythicMobs] ✓ Loaded 0 random spawns.
[10:09:06] [Server thread/INFO]: [MythicMobs] ✓ Loaded 4 mythic items.
[10:09:06] [Server thread/INFO]: [MythicMobs] ✓ Loaded 3 drop tables.
[10:09:06] [Server thread/INFO]: [MythicMobs] ✓ Loaded 0 mob spawners.
[10:09:06] [Server thread/INFO]: [MythicMobs] Mythic has finished reloading!
[10:11:36] [Craft Scheduler Thread - 177 - AuraSkills/WARN]: [AuraSkills] Invalid player data file name: e9c246cc-bc31-3fef-9a9c-b34d773135e6.yml
[10:13:50] [Server thread/INFO]: Anhahahaha issued server command: /mm reload
[10:13:50] [Server thread/INFO]: [MythicMobs] Saving plugin data...
[10:13:50] [Server thread/INFO]: [MythicMobs] ✓Saving Finished
[10:13:50] [Server thread/INFO]: [MythicMobs] Loading Packs...
[10:13:50] [Server thread/INFO]: [MythicMobs] Loading Items...
[10:13:50] [Server thread/INFO]: [MythicMobs] Loading Item Groups...
[10:13:50] [Server thread/INFO]: [MythicMobs] Loading Skills...
[10:13:50] [Server thread/ERROR]: Cannot load plugins/MythicMobs/mobs/BossBaoVe.yml
org.bukkit.configuration.InvalidConfigurationException: while parsing a block mapping
 in 'reader', line 2, column 3:
      Type: ZOMBIE
      ^
expected <block end>, but found '<block mapping start>'
 in 'reader', line 29, column 5:
        Conditions:
        ^

	at org.bukkit.configuration.file.YamlConfiguration.loadFromString(YamlConfiguration.java:111) ~[paper-api-1.21-R0.1-SNAPSHOT.jar:?]
	at org.bukkit.configuration.file.FileConfiguration.load(FileConfiguration.java:160) ~[paper-api-1.21-R0.1-SNAPSHOT.jar:?]
	at org.bukkit.configuration.file.FileConfiguration.load(FileConfiguration.java:128) ~[paper-api-1.21-R0.1-SNAPSHOT.jar:?]
	at org.bukkit.configuration.file.YamlConfiguration.loadConfiguration(YamlConfiguration.java:309) ~[paper-api-1.21-R0.1-SNAPSHOT.jar:?]
	at MythicMobs-5.9.0.jar/io.lumine.mythic.core.config.IOLoader.reloadCustomConfig(IOLoader.java:80) ~[MythicMobs-5.9.0.jar:?]
	at MythicMobs-5.9.0.jar/io.lumine.mythic.core.config.IOLoader.<init>(IOLoader.java:56) ~[MythicMobs-5.9.0.jar:?]
	at MythicMobs-5.9.0.jar/io.lumine.mythic.core.config.IOHandler.getSaveLoad(IOHandler.java:46) ~[MythicMobs-5.9.0.jar:?]
	at MythicMobs-5.9.0.jar/io.lumine.mythic.core.mobs.MobExecutor.loadMobs(MobExecutor.java:113) ~[MythicMobs-5.9.0.jar:?]
	at MythicMobs-5.9.0.jar/io.lumine.mythic.core.config.ConfigExecutor.load(ConfigExecutor.java:455) ~[MythicMobs-5.9.0.jar:?]
	at MythicMobs-5.9.0.jar/io.lumine.mythic.core.config.ConfigExecutor.load(ConfigExecutor.java:52) ~[MythicMobs-5.9.0.jar:?]
	at MythicMobs-5.9.0.jar/io.lumine.mythic.bukkit.utils.plugin.ReloadableModule.reload(ReloadableModule.java:19) ~[MythicMobs-5.9.0.jar:?]
	at MythicMobs-5.9.0.jar/io.lumine.mythic.bukkit.commands.ReloadCommand.doReloadPart1(ReloadCommand.java:121) ~[MythicMobs-5.9.0.jar:?]
	at MythicMobs-5.9.0.jar/io.lumine.mythic.bukkit.commands.ReloadCommand.onCommand(ReloadCommand.java:68) ~[MythicMobs-5.9.0.jar:?]
	at MythicMobs-5.9.0.jar/io.lumine.mythic.bukkit.utils.commands.Command.onCommand(Command.java:64) ~[MythicMobs-5.9.0.jar:?]
	at MythicMobs-5.9.0.jar/io.lumine.mythic.bukkit.utils.commands.Command.onCommand(Command.java:55) ~[MythicMobs-5.9.0.jar:?]
	at org.bukkit.command.PluginCommand.execute(PluginCommand.java:45) ~[paper-api-1.21-R0.1-SNAPSHOT.jar:?]
	at io.papermc.paper.command.brigadier.bukkit.BukkitCommandNode$BukkitBrigCommand.run(BukkitCommandNode.java:91) ~[paper-1.21.jar:1.21-27-76c2f16]
	at com.mojang.brigadier.context.ContextChain.runExecutable(ContextChain.java:73) ~[brigadier-1.2.9.jar:?]
	at net.minecraft.commands.execution.tasks.ExecuteCommand.execute(ExecuteCommand.java:31) ~[paper-1.21.jar:1.21-27-76c2f16]
	at net.minecraft.commands.execution.tasks.ExecuteCommand.execute(ExecuteCommand.java:19) ~[paper-1.21.jar:1.21-27-76c2f16]
	at net.minecraft.commands.execution.UnboundEntryAction.lambda$bind$0(UnboundEntryAction.java:8) ~[paper-1.21.jar:1.21-27-76c2f16]
	at net.minecraft.commands.execution.CommandQueueEntry.execute(CommandQueueEntry.java:5) ~[paper-1.21.jar:1.21-27-76c2f16]
	at net.minecraft.commands.execution.ExecutionContext.runCommandQueue(ExecutionContext.java:103) ~[paper-1.21.jar:1.21-27-76c2f16]
	at net.minecraft.commands.Commands.executeCommandInContext(Commands.java:446) ~[paper-1.21.jar:1.21-27-76c2f16]
	at net.minecraft.commands.Commands.performCommand(Commands.java:353) ~[paper-1.21.jar:1.21-27-76c2f16]
	at net.minecraft.commands.Commands.performCommand(Commands.java:340) ~[paper-1.21.jar:1.21-27-76c2f16]
	at net.minecraft.commands.Commands.performCommand(Commands.java:335) ~[paper-1.21.jar:1.21-27-76c2f16]
	at net.minecraft.server.network.ServerGamePacketListenerImpl.performUnsignedChatCommand(ServerGamePacketListenerImpl.java:2147) ~[paper-1.21.jar:1.21-27-76c2f16]
	at net.minecraft.server.network.ServerGamePacketListenerImpl.lambda$handleChatCommand$11(ServerGamePacketListenerImpl.java:2121) ~[paper-1.21.jar:1.21-27-76c2f16]
	at net.minecraft.server.TickTask.run(TickTask.java:18) ~[paper-1.21.jar:1.21-27-76c2f16]
	at net.minecraft.util.thread.BlockableEventLoop.doRunTask(BlockableEventLoop.java:151) ~[paper-1.21.jar:1.21-27-76c2f16]
	at net.minecraft.util.thread.ReentrantBlockableEventLoop.doRunTask(ReentrantBlockableEventLoop.java:24) ~[paper-1.21.jar:1.21-27-76c2f16]
	at net.minecraft.server.MinecraftServer.doRunTask(MinecraftServer.java:1478) ~[paper-1.21.jar:1.21-27-76c2f16]
	at net.minecraft.server.MinecraftServer.doRunTask(MinecraftServer.java:201) ~[paper-1.21.jar:1.21-27-76c2f16]
	at net.minecraft.util.thread.BlockableEventLoop.pollTask(BlockableEventLoop.java:125) ~[paper-1.21.jar:1.21-27-76c2f16]
	at net.minecraft.server.MinecraftServer.pollTaskInternal(MinecraftServer.java:1456) ~[paper-1.21.jar:1.21-27-76c2f16]
	at net.minecraft.server.MinecraftServer.pollTask(MinecraftServer.java:1449) ~[paper-1.21.jar:1.21-27-76c2f16]
	at net.minecraft.util.thread.BlockableEventLoop.managedBlock(BlockableEventLoop.java:135) ~[paper-1.21.jar:1.21-27-76c2f16]
	at net.minecraft.server.MinecraftServer.managedBlock(MinecraftServer.java:1408) ~[paper-1.21.jar:1.21-27-76c2f16]
	at net.minecraft.server.MinecraftServer.waitUntilNextTick(MinecraftServer.java:1415) ~[paper-1.21.jar:1.21-27-76c2f16]
	at net.minecraft.server.MinecraftServer.runServer(MinecraftServer.java:1260) ~[paper-1.21.jar:1.21-27-76c2f16]
	at net.minecraft.server.MinecraftServer.lambda$spin$0(MinecraftServer.java:329) ~[paper-1.21.jar:1.21-27-76c2f16]
	at java.base/java.lang.Thread.run(Thread.java:1583) ~[?:?]
Caused by: org.yaml.snakeyaml.parser.ParserException: while parsing a block mapping
 in 'reader', line 2, column 3:
      Type: ZOMBIE
      ^
expected <block end>, but found '<block mapping start>'
 in 'reader', line 29, column 5:
        Conditions:
        ^

	at org.yaml.snakeyaml.parser.ParserImpl$ParseBlockMappingKey.produce(ParserImpl.java:654) ~[snakeyaml-2.2.jar:?]
	at org.yaml.snakeyaml.parser.ParserImpl.peekEvent(ParserImpl.java:161) ~[snakeyaml-2.2.jar:?]
	at org.yaml.snakeyaml.comments.CommentEventsCollector$1.peek(CommentEventsCollector.java:57) ~[snakeyaml-2.2.jar:?]
	at org.yaml.snakeyaml.comments.CommentEventsCollector$1.peek(CommentEventsCollector.java:43) ~[snakeyaml-2.2.jar:?]
	at org.yaml.snakeyaml.comments.CommentEventsCollector.collectEvents(CommentEventsCollector.java:136) ~[snakeyaml-2.2.jar:?]
	at org.yaml.snakeyaml.comments.CommentEventsCollector.collectEvents(CommentEventsCollector.java:116) ~[snakeyaml-2.2.jar:?]
	at org.yaml.snakeyaml.composer.Composer.composeSequenceNode(Composer.java:284) ~[snakeyaml-2.2.jar:?]
	at org.yaml.snakeyaml.composer.Composer.composeNode(Composer.java:207) ~[snakeyaml-2.2.jar:?]
	at org.yaml.snakeyaml.composer.Composer.composeValueNode(Composer.java:369) ~[snakeyaml-2.2.jar:?]
	at org.yaml.snakeyaml.composer.Composer.composeMappingChildren(Composer.java:348) ~[snakeyaml-2.2.jar:?]
	at org.yaml.snakeyaml.composer.Composer.composeMappingNode(Composer.java:323) ~[snakeyaml-2.2.jar:?]
	at org.yaml.snakeyaml.composer.Composer.composeNode(Composer.java:209) ~[snakeyaml-2.2.jar:?]
	at org.yaml.snakeyaml.composer.Composer.composeValueNode(Composer.java:369) ~[snakeyaml-2.2.jar:?]
	at org.yaml.snakeyaml.composer.Composer.composeMappingChildren(Composer.java:348) ~[snakeyaml-2.2.jar:?]
	at org.yaml.snakeyaml.composer.Composer.composeMappingNode(Composer.java:323) ~[snakeyaml-2.2.jar:?]
	at org.yaml.snakeyaml.composer.Composer.composeNode(Composer.java:209) ~[snakeyaml-2.2.jar:?]
	at org.yaml.snakeyaml.composer.Composer.getNode(Composer.java:131) ~[snakeyaml-2.2.jar:?]
	at org.yaml.snakeyaml.composer.Composer.getSingleNode(Composer.java:157) ~[snakeyaml-2.2.jar:?]
	at org.yaml.snakeyaml.Yaml.compose(Yaml.java:575) ~[snakeyaml-2.2.jar:?]
	at org.bukkit.configuration.file.YamlConfiguration.loadFromString(YamlConfiguration.java:104) ~[paper-api-1.21-R0.1-SNAPSHOT.jar:?]
	... 42 more
[10:13:50] [Server thread/WARN]: [MythicMobs] Error loading mob 'SkeletalKnight'. Enable debugging for a stack trace.
[10:13:50] [Server thread/WARN]: org.bukkit.configuration.InvalidConfigurationException: while parsing a block mapping
[10:13:50] [Server thread/WARN]:  in 'reader', line 2, column 3:
[10:13:50] [Server thread/WARN]:       Type: ZOMBIE
[10:13:50] [Server thread/WARN]:       ^
[10:13:50] [Server thread/WARN]: expected <block end>, but found '<block mapping start>'
[10:13:50] [Server thread/WARN]:  in 'reader', line 29, column 5:
[10:13:50] [Server thread/WARN]:         Conditions:
[10:13:50] [Server thread/WARN]:         ^
[10:13:50] [Server thread/WARN]: 
[10:13:50] [Server thread/WARN]: 	at org.bukkit.configuration.file.YamlConfiguration.loadFromString(YamlConfiguration.java:111)
[10:13:50] [Server thread/WARN]: 	at org.bukkit.configuration.file.FileConfiguration.load(FileConfiguration.java:160)
[10:13:50] [Server thread/WARN]: 	at org.bukkit.configuration.file.FileConfiguration.load(FileConfiguration.java:128)
[10:13:50] [Server thread/WARN]: 	at MythicMobs-5.9.0.jar//io.lumine.mythic.core.config.MythicConfigImpl.<init>(MythicConfigImpl.java:56)
[10:13:50] [Server thread/WARN]: 	at MythicMobs-5.9.0.jar//io.lumine.mythic.core.config.MythicConfigImpl.<init>(MythicConfigImpl.java:47)
[10:13:50] [Server thread/WARN]: 	at MythicMobs-5.9.0.jar//io.lumine.mythic.core.mobs.MobExecutor.loadMobs(MobExecutor.java:124)
[10:13:50] [Server thread/WARN]: 	at MythicMobs-5.9.0.jar//io.lumine.mythic.core.config.ConfigExecutor.load(ConfigExecutor.java:455)
[10:13:50] [Server thread/WARN]: 	at MythicMobs-5.9.0.jar//io.lumine.mythic.core.config.ConfigExecutor.load(ConfigExecutor.java:52)
[10:13:50] [Server thread/WARN]: 	at MythicMobs-5.9.0.jar//io.lumine.mythic.bukkit.utils.plugin.ReloadableModule.reload(ReloadableModule.java:19)
[10:13:50] [Server thread/WARN]: 	at MythicMobs-5.9.0.jar//io.lumine.mythic.bukkit.commands.ReloadCommand.doReloadPart1(ReloadCommand.java:121)
[10:13:50] [Server thread/WARN]: 	at MythicMobs-5.9.0.jar//io.lumine.mythic.bukkit.commands.ReloadCommand.onCommand(ReloadCommand.java:68)
[10:13:50] [Server thread/WARN]: 	at MythicMobs-5.9.0.jar//io.lumine.mythic.bukkit.utils.commands.Command.onCommand(Command.java:64)
[10:13:50] [Server thread/WARN]: 	at MythicMobs-5.9.0.jar//io.lumine.mythic.bukkit.utils.commands.Command.onCommand(Command.java:55)
[10:13:50] [Server thread/WARN]: 	at org.bukkit.command.PluginCommand.execute(PluginCommand.java:45)
[10:13:50] [Server thread/WARN]: 	at io.papermc.paper.command.brigadier.bukkit.BukkitCommandNode$BukkitBrigCommand.run(BukkitCommandNode.java:91)
[10:13:50] [Server thread/WARN]: 	at com.mojang.brigadier.context.ContextChain.runExecutable(ContextChain.java:73)
[10:13:50] [Server thread/WARN]: 	at net.minecraft.commands.execution.tasks.ExecuteCommand.execute(ExecuteCommand.java:31)
[10:13:50] [Server thread/WARN]: 	at net.minecraft.commands.execution.tasks.ExecuteCommand.execute(ExecuteCommand.java:19)
[10:13:50] [Server thread/WARN]: 	at net.minecraft.commands.execution.UnboundEntryAction.lambda$bind$0(UnboundEntryAction.java:8)
[10:13:50] [Server thread/WARN]: 	at net.minecraft.commands.execution.CommandQueueEntry.execute(CommandQueueEntry.java:5)
[10:13:50] [Server thread/WARN]: 	at net.minecraft.commands.execution.ExecutionContext.runCommandQueue(ExecutionContext.java:103)
[10:13:50] [Server thread/WARN]: 	at net.minecraft.commands.Commands.executeCommandInContext(Commands.java:446)
[10:13:50] [Server thread/WARN]: 	at net.minecraft.commands.Commands.performCommand(Commands.java:353)
[10:13:50] [Server thread/WARN]: 	at net.minecraft.commands.Commands.performCommand(Commands.java:340)
[10:13:50] [Server thread/WARN]: 	at net.minecraft.commands.Commands.performCommand(Commands.java:335)
[10:13:50] [Server thread/WARN]: 	at net.minecraft.server.network.ServerGamePacketListenerImpl.performUnsignedChatCommand(ServerGamePacketListenerImpl.java:2147)
[10:13:50] [Server thread/WARN]: 	at net.minecraft.server.network.ServerGamePacketListenerImpl.lambda$handleChatCommand$11(ServerGamePacketListenerImpl.java:2121)
[10:13:50] [Server thread/WARN]: 	at net.minecraft.server.TickTask.run(TickTask.java:18)
[10:13:50] [Server thread/WARN]: 	at net.minecraft.util.thread.BlockableEventLoop.doRunTask(BlockableEventLoop.java:151)
[10:13:50] [Server thread/WARN]: 	at net.minecraft.util.thread.ReentrantBlockableEventLoop.doRunTask(ReentrantBlockableEventLoop.java:24)
[10:13:50] [Server thread/WARN]: 	at net.minecraft.server.MinecraftServer.doRunTask(MinecraftServer.java:1478)
[10:13:50] [Server thread/WARN]: 	at net.minecraft.server.MinecraftServer.doRunTask(MinecraftServer.java:201)
[10:13:50] [Server thread/WARN]: 	at net.minecraft.util.thread.BlockableEventLoop.pollTask(BlockableEventLoop.java:125)
[10:13:50] [Server thread/WARN]: 	at net.minecraft.server.MinecraftServer.pollTaskInternal(MinecraftServer.java:1456)
[10:13:50] [Server thread/WARN]: 	at net.minecraft.server.MinecraftServer.pollTask(MinecraftServer.java:1449)
[10:13:50] [Server thread/WARN]: 	at net.minecraft.util.thread.BlockableEventLoop.managedBlock(BlockableEventLoop.java:135)
[10:13:50] [Server thread/WARN]: 	at net.minecraft.server.MinecraftServer.managedBlock(MinecraftServer.java:1408)
[10:13:50] [Server thread/WARN]: 	at net.minecraft.server.MinecraftServer.waitUntilNextTick(MinecraftServer.java:1415)
[10:13:50] [Server thread/WARN]: 	at net.minecraft.server.MinecraftServer.runServer(MinecraftServer.java:1260)
[10:13:50] [Server thread/WARN]: 	at net.minecraft.server.MinecraftServer.lambda$spin$0(MinecraftServer.java:329)
[10:13:50] [Server thread/WARN]: 	at java.base/java.lang.Thread.run(Thread.java:1583)
[10:13:50] [Server thread/WARN]: Caused by: while parsing a block mapping
[10:13:50] [Server thread/WARN]:  in 'reader', line 2, column 3:
[10:13:50] [Server thread/WARN]:       Type: ZOMBIE
[10:13:50] [Server thread/WARN]:       ^
[10:13:50] [Server thread/WARN]: expected <block end>, but found '<block mapping start>'
[10:13:50] [Server thread/WARN]:  in 'reader', line 29, column 5:
[10:13:50] [Server thread/WARN]:         Conditions:
[10:13:50] [Server thread/WARN]:         ^
[10:13:50] [Server thread/WARN]: 
[10:13:50] [Server thread/WARN]: 	at org.yaml.snakeyaml.parser.ParserImpl$ParseBlockMappingKey.produce(ParserImpl.java:654)
[10:13:50] [Server thread/WARN]: 	at org.yaml.snakeyaml.parser.ParserImpl.peekEvent(ParserImpl.java:161)
[10:13:50] [Server thread/WARN]: 	at org.yaml.snakeyaml.comments.CommentEventsCollector$1.peek(CommentEventsCollector.java:57)
[10:13:50] [Server thread/WARN]: 	at org.yaml.snakeyaml.comments.CommentEventsCollector$1.peek(CommentEventsCollector.java:43)
[10:13:50] [Server thread/WARN]: 	at org.yaml.snakeyaml.comments.CommentEventsCollector.collectEvents(CommentEventsCollector.java:136)
[10:13:50] [Server thread/WARN]: 	at org.yaml.snakeyaml.comments.CommentEventsCollector.collectEvents(CommentEventsCollector.java:116)
[10:13:50] [Server thread/WARN]: 	at org.yaml.snakeyaml.composer.Composer.composeSequenceNode(Composer.java:284)
[10:13:50] [Server thread/WARN]: 	at org.yaml.snakeyaml.composer.Composer.composeNode(Composer.java:207)
[10:13:50] [Server thread/WARN]: 	at org.yaml.snakeyaml.composer.Composer.composeValueNode(Composer.java:369)
[10:13:50] [Server thread/WARN]: 	at org.yaml.snakeyaml.composer.Composer.composeMappingChildren(Composer.java:348)
[10:13:50] [Server thread/WARN]: 	at org.yaml.snakeyaml.composer.Composer.composeMappingNode(Composer.java:323)
[10:13:50] [Server thread/WARN]: 	at org.yaml.snakeyaml.composer.Composer.composeNode(Composer.java:209)
[10:13:50] [Server thread/WARN]: 	at org.yaml.snakeyaml.composer.Composer.composeValueNode(Composer.java:369)
[10:13:50] [Server thread/WARN]: 	at org.yaml.snakeyaml.composer.Composer.composeMappingChildren(Composer.java:348)
[10:13:50] [Server thread/WARN]: 	at org.yaml.snakeyaml.composer.Composer.composeMappingNode(Composer.java:323)
[10:13:50] [Server thread/WARN]: 	at org.yaml.snakeyaml.composer.Composer.composeNode(Composer.java:209)
[10:13:50] [Server thread/WARN]: 	at org.yaml.snakeyaml.composer.Composer.getNode(Composer.java:131)
[10:13:50] [Server thread/WARN]: 	at org.yaml.snakeyaml.composer.Composer.getSingleNode(Composer.java:157)
[10:13:50] [Server thread/WARN]: 	at org.yaml.snakeyaml.Yaml.compose(Yaml.java:575)
[10:13:50] [Server thread/WARN]: 	at org.bukkit.configuration.file.YamlConfiguration.loadFromString(YamlConfiguration.java:104)
[10:13:50] [Server thread/WARN]: 	... 40 more
[10:13:50] [Server thread/ERROR]: Cannot load /workspaces/server/server/plugins/MythicMobs/mobs/BossBaoVe.yml
org.bukkit.configuration.InvalidConfigurationException: while parsing a block mapping
 in 'reader', line 2, column 3:
      Type: ZOMBIE
      ^
expected <block end>, but found '<block mapping start>'
 in 'reader', line 29, column 5:
        Conditions:
        ^

	at org.bukkit.configuration.file.YamlConfiguration.loadFromString(YamlConfiguration.java:111) ~[paper-api-1.21-R0.1-SNAPSHOT.jar:?]
	at org.bukkit.configuration.file.FileConfiguration.load(FileConfiguration.java:160) ~[paper-api-1.21-R0.1-SNAPSHOT.jar:?]
	at org.bukkit.configuration.file.FileConfiguration.load(FileConfiguration.java:128) ~[paper-api-1.21-R0.1-SNAPSHOT.jar:?]
	at org.bukkit.configuration.file.YamlConfiguration.loadConfiguration(YamlConfiguration.java:309) ~[paper-api-1.21-R0.1-SNAPSHOT.jar:?]
	at MythicMobs-5.9.0.jar/io.lumine.mythic.bukkit.utils.config.properties.types.NodeListProp.getNodes(NodeListProp.java:43) ~[MythicMobs-5.9.0.jar:?]
	at MythicMobs-5.9.0.jar/io.lumine.mythic.core.mobs.MobExecutor.loadMobs(MobExecutor.java:126) ~[MythicMobs-5.9.0.jar:?]
	at MythicMobs-5.9.0.jar/io.lumine.mythic.core.config.ConfigExecutor.load(ConfigExecutor.java:455) ~[MythicMobs-5.9.0.jar:?]
	at MythicMobs-5.9.0.jar/io.lumine.mythic.core.config.ConfigExecutor.load(ConfigExecutor.java:52) ~[MythicMobs-5.9.0.jar:?]
	at MythicMobs-5.9.0.jar/io.lumine.mythic.bukkit.utils.plugin.ReloadableModule.reload(ReloadableModule.java:19) ~[MythicMobs-5.9.0.jar:?]
	at MythicMobs-5.9.0.jar/io.lumine.mythic.bukkit.commands.ReloadCommand.doReloadPart1(ReloadCommand.java:121) ~[MythicMobs-5.9.0.jar:?]
	at MythicMobs-5.9.0.jar/io.lumine.mythic.bukkit.commands.ReloadCommand.onCommand(ReloadCommand.java:68) ~[MythicMobs-5.9.0.jar:?]
	at MythicMobs-5.9.0.jar/io.lumine.mythic.bukkit.utils.commands.Command.onCommand(Command.java:64) ~[MythicMobs-5.9.0.jar:?]
	at MythicMobs-5.9.0.jar/io.lumine.mythic.bukkit.utils.commands.Command.onCommand(Command.java:55) ~[MythicMobs-5.9.0.jar:?]
	at org.bukkit.command.PluginCommand.execute(PluginCommand.java:45) ~[paper-api-1.21-R0.1-SNAPSHOT.jar:?]
	at io.papermc.paper.command.brigadier.bukkit.BukkitCommandNode$BukkitBrigCommand.run(BukkitCommandNode.java:91) ~[paper-1.21.jar:1.21-27-76c2f16]
	at com.mojang.brigadier.context.ContextChain.runExecutable(ContextChain.java:73) ~[brigadier-1.2.9.jar:?]
	at net.minecraft.commands.execution.tasks.ExecuteCommand.execute(ExecuteCommand.java:31) ~[paper-1.21.jar:1.21-27-76c2f16]
	at net.minecraft.commands.execution.tasks.ExecuteCommand.execute(ExecuteCommand.java:19) ~[paper-1.21.jar:1.21-27-76c2f16]
	at net.minecraft.commands.execution.UnboundEntryAction.lambda$bind$0(UnboundEntryAction.java:8) ~[paper-1.21.jar:1.21-27-76c2f16]
	at net.minecraft.commands.execution.CommandQueueEntry.execute(CommandQueueEntry.java:5) ~[paper-1.21.jar:1.21-27-76c2f16]
	at net.minecraft.commands.execution.ExecutionContext.runCommandQueue(ExecutionContext.java:103) ~[paper-1.21.jar:1.21-27-76c2f16]
	at net.minecraft.commands.Commands.executeCommandInContext(Commands.java:446) ~[paper-1.21.jar:1.21-27-76c2f16]
	at net.minecraft.commands.Commands.performCommand(Commands.java:353) ~[paper-1.21.jar:1.21-27-76c2f16]
	at net.minecraft.commands.Commands.performCommand(Commands.java:340) ~[paper-1.21.jar:1.21-27-76c2f16]
	at net.minecraft.commands.Commands.performCommand(Commands.java:335) ~[paper-1.21.jar:1.21-27-76c2f16]
	at net.minecraft.server.network.ServerGamePacketListenerImpl.performUnsignedChatCommand(ServerGamePacketListenerImpl.java:2147) ~[paper-1.21.jar:1.21-27-76c2f16]
	at net.minecraft.server.network.ServerGamePacketListenerImpl.lambda$handleChatCommand$11(ServerGamePacketListenerImpl.java:2121) ~[paper-1.21.jar:1.21-27-76c2f16]
	at net.minecraft.server.TickTask.run(TickTask.java:18) ~[paper-1.21.jar:1.21-27-76c2f16]
	at net.minecraft.util.thread.BlockableEventLoop.doRunTask(BlockableEventLoop.java:151) ~[paper-1.21.jar:1.21-27-76c2f16]
	at net.minecraft.util.thread.ReentrantBlockableEventLoop.doRunTask(ReentrantBlockableEventLoop.java:24) ~[paper-1.21.jar:1.21-27-76c2f16]
	at net.minecraft.server.MinecraftServer.doRunTask(MinecraftServer.java:1478) ~[paper-1.21.jar:1.21-27-76c2f16]
	at net.minecraft.server.MinecraftServer.doRunTask(MinecraftServer.java:201) ~[paper-1.21.jar:1.21-27-76c2f16]
	at net.minecraft.util.thread.BlockableEventLoop.pollTask(BlockableEventLoop.java:125) ~[paper-1.21.jar:1.21-27-76c2f16]
	at net.minecraft.server.MinecraftServer.pollTaskInternal(MinecraftServer.java:1456) ~[paper-1.21.jar:1.21-27-76c2f16]
	at net.minecraft.server.MinecraftServer.pollTask(MinecraftServer.java:1449) ~[paper-1.21.jar:1.21-27-76c2f16]
	at net.minecraft.util.thread.BlockableEventLoop.managedBlock(BlockableEventLoop.java:135) ~[paper-1.21.jar:1.21-27-76c2f16]
	at net.minecraft.server.MinecraftServer.managedBlock(MinecraftServer.java:1408) ~[paper-1.21.jar:1.21-27-76c2f16]
	at net.minecraft.server.MinecraftServer.waitUntilNextTick(MinecraftServer.java:1415) ~[paper-1.21.jar:1.21-27-76c2f16]
	at net.minecraft.server.MinecraftServer.runServer(MinecraftServer.java:1260) ~[paper-1.21.jar:1.21-27-76c2f16]
	at net.minecraft.server.MinecraftServer.lambda$spin$0(MinecraftServer.java:329) ~[paper-1.21.jar:1.21-27-76c2f16]
	at java.base/java.lang.Thread.run(Thread.java:1583) ~[?:?]
Caused by: org.yaml.snakeyaml.parser.ParserException: while parsing a block mapping
 in 'reader', line 2, column 3:
      Type: ZOMBIE
      ^
expected <block end>, but found '<block mapping start>'
 in 'reader', line 29, column 5:
        Conditions:
        ^

	at org.yaml.snakeyaml.parser.ParserImpl$ParseBlockMappingKey.produce(ParserImpl.java:654) ~[snakeyaml-2.2.jar:?]
	at org.yaml.snakeyaml.parser.ParserImpl.peekEvent(ParserImpl.java:161) ~[snakeyaml-2.2.jar:?]
	at org.yaml.snakeyaml.comments.CommentEventsCollector$1.peek(CommentEventsCollector.java:57) ~[snakeyaml-2.2.jar:?]
	at org.yaml.snakeyaml.comments.CommentEventsCollector$1.peek(CommentEventsCollector.java:43) ~[snakeyaml-2.2.jar:?]
	at org.yaml.snakeyaml.comments.CommentEventsCollector.collectEvents(CommentEventsCollector.java:136) ~[snakeyaml-2.2.jar:?]
	at org.yaml.snakeyaml.comments.CommentEventsCollector.collectEvents(CommentEventsCollector.java:116) ~[snakeyaml-2.2.jar:?]
	at org.yaml.snakeyaml.composer.Composer.composeSequenceNode(Composer.java:284) ~[snakeyaml-2.2.jar:?]
	at org.yaml.snakeyaml.composer.Composer.composeNode(Composer.java:207) ~[snakeyaml-2.2.jar:?]
	at org.yaml.snakeyaml.composer.Composer.composeValueNode(Composer.java:369) ~[snakeyaml-2.2.jar:?]
	at org.yaml.snakeyaml.composer.Composer.composeMappingChildren(Composer.java:348) ~[snakeyaml-2.2.jar:?]
	at org.yaml.snakeyaml.composer.Composer.composeMappingNode(Composer.java:323) ~[snakeyaml-2.2.jar:?]
	at org.yaml.snakeyaml.composer.Composer.composeNode(Composer.java:209) ~[snakeyaml-2.2.jar:?]
	at org.yaml.snakeyaml.composer.Composer.composeValueNode(Composer.java:369) ~[snakeyaml-2.2.jar:?]
	at org.yaml.snakeyaml.composer.Composer.composeMappingChildren(Composer.java:348) ~[snakeyaml-2.2.jar:?]
	at org.yaml.snakeyaml.composer.Composer.composeMappingNode(Composer.java:323) ~[snakeyaml-2.2.jar:?]
	at org.yaml.snakeyaml.composer.Composer.composeNode(Composer.java:209) ~[snakeyaml-2.2.jar:?]
	at org.yaml.snakeyaml.composer.Composer.getNode(Composer.java:131) ~[snakeyaml-2.2.jar:?]
	at org.yaml.snakeyaml.composer.Composer.getSingleNode(Composer.java:157) ~[snakeyaml-2.2.jar:?]
	at org.yaml.snakeyaml.Yaml.compose(Yaml.java:575) ~[snakeyaml-2.2.jar:?]
	at org.bukkit.configuration.file.YamlConfiguration.loadFromString(YamlConfiguration.java:104) ~[paper-api-1.21-R0.1-SNAPSHOT.jar:?]
	... 40 more
[10:13:50] [Server thread/INFO]: [MythicMobs] Loading Drop Tables...
[10:13:50] [Server thread/INFO]: [MythicMobs] Loading Random Spawns...
[10:13:50] [Server thread/INFO]: [MythicMobs] Loading Spawn Blocks...
[10:13:50] [Server thread/WARN]: [MythicMobs] ✗ Configuration Error in Mechanic summon
[10:13:50] [Server thread/WARN]: [MythicMobs] --| Mob: WarriorZombie | File: /workspaces/server/server/plugins/MythicMobs/mobs/ExampleMobs.yml
[10:13:50] [Server thread/WARN]: [MythicMobs] --| Error Message: The 'type' attribute must be a valid MythicMob or MythicEntity type.
[10:13:50] [Server thread/WARN]: [MythicMobs] --| Mechanic Line: summon{m=ZombieMinion;a=2}
[10:13:50] [Server thread/INFO]: [MythicMobs] ✓ Loaded 9 mobs.
[10:13:50] [Server thread/INFO]: [MythicMobs] ✓ Loaded 3 vanilla mob overrides.
[10:13:50] [Server thread/INFO]: [MythicMobs] ✓ Loaded 0 mob stacks.
[10:13:50] [Server thread/INFO]: [MythicMobs] ✓ Loaded 8 skills.
[10:13:50] [Server thread/INFO]: [MythicMobs] ✓ Loaded 0 random spawns.
[10:13:50] [Server thread/INFO]: [MythicMobs] ✓ Loaded 4 mythic items.
[10:13:50] [Server thread/INFO]: [MythicMobs] ✓ Loaded 3 drop tables.
[10:13:50] [Server thread/INFO]: [MythicMobs] ✓ Loaded 0 mob spawners.
[10:13:50] [Server thread/INFO]: [MythicMobs] Mythic has finished reloading!
[10:16:36] [Craft Scheduler Thread - 192 - AuraSkills/WARN]: [AuraSkills] Invalid player data file name: e9c246cc-bc31-3fef-9a9c-b34d773135e6.yml
[10:16:46] [Server thread/INFO]: [Mythic] Reloading plugin...
[10:16:46] [Server thread/INFO]: [MythicMobs] Saving plugin data...
[10:16:46] [Server thread/INFO]: [MythicMobs] ✓Saving Finished
[10:16:47] [Server thread/INFO]: [MythicMobs] Loading Packs...
[10:16:47] [Server thread/INFO]: [MythicMobs] Loading Items...
[10:16:47] [Server thread/INFO]: [MythicMobs] Loading Item Groups...
[10:16:47] [Server thread/INFO]: [MythicMobs] Loading Skills...
[10:16:47] [Server thread/WARN]: [MythicMobs] Error loading mob 'SkeletalKnight'. Enable debugging for a stack trace.
[10:16:47] [Server thread/INFO]: [MythicMobs] Loading Drop Tables...
[10:16:47] [Server thread/INFO]: [MythicMobs] Loading Random Spawns...
[10:16:47] [Server thread/INFO]: [MythicMobs] Loading Spawn Blocks...
[10:16:47] [Server thread/WARN]: [MythicMobs] ✗ Configuration Error in Mechanic summon
[10:16:47] [Server thread/WARN]: [MythicMobs] --| Mob: WarriorZombie | File: /workspaces/server/server/plugins/MythicMobs/mobs/ExampleMobs.yml
[10:16:47] [Server thread/WARN]: [MythicMobs] --| Error Message: The 'type' attribute must be a valid MythicMob or MythicEntity type.
[10:16:47] [Server thread/WARN]: [MythicMobs] --| Mechanic Line: summon{m=ZombieMinion;a=2}
[10:16:47] [Server thread/WARN]: [MythicMobs] ✗ Configuration Error in Mechanic summon
[10:16:47] [Server thread/WARN]: [MythicMobs] --| Mob: BossBaoVe | File: /workspaces/server/server/plugins/MythicMobs/mobs/BossBaoVe.yml
[10:16:47] [Server thread/WARN]: [MythicMobs] --| Error Message: The 'type' attribute must be a valid MythicMob or MythicEntity type.
[10:16:47] [Server thread/WARN]: [MythicMobs] --| Mechanic Line: summon{m=LinhBaoVe;a=1}
[10:16:47] [Server thread/INFO]: [MythicMobs] ✓ Loaded 10 mobs.
[10:16:47] [Server thread/INFO]: [MythicMobs] ✓ Loaded 3 vanilla mob overrides.
[10:16:47] [Server thread/INFO]: [MythicMobs] ✓ Loaded 0 mob stacks.
[10:16:47] [Server thread/INFO]: [MythicMobs] ✓ Loaded 8 skills.
[10:16:47] [Server thread/INFO]: [MythicMobs] ✓ Loaded 0 random spawns.
[10:16:47] [Server thread/INFO]: [MythicMobs] ✓ Loaded 4 mythic items.
[10:16:47] [Server thread/INFO]: [MythicMobs] ✓ Loaded 3 drop tables.
[10:16:47] [Server thread/INFO]: [MythicMobs] ✓ Loaded 0 mob spawners.
[10:16:47] [Server thread/INFO]: [Mythic] Mythic has finished reloading!
[10:16:47] [Server thread/INFO]: [MythicMobs] Mythic has finished reloading!
[10:17:32] [Server thread/INFO]: [Mythic] Reloading plugin...
[10:17:32] [Server thread/INFO]: [MythicMobs] Saving plugin data...
[10:17:32] [Server thread/INFO]: [MythicMobs] ✓Saving Finished
[10:17:32] [Server thread/INFO]: [MythicMobs] Loading Packs...
[10:17:32] [Server thread/INFO]: [MythicMobs] Loading Items...
[10:17:32] [Server thread/INFO]: [MythicMobs] Loading Item Groups...
[10:17:32] [Server thread/INFO]: [MythicMobs] Loading Skills...
[10:17:32] [Server thread/WARN]: [MythicMobs] Error loading mob 'SkeletalKnight'. Enable debugging for a stack trace.
[10:17:32] [Server thread/INFO]: [MythicMobs] Loading Drop Tables...
[10:17:32] [Server thread/INFO]: [MythicMobs] Loading Random Spawns...
[10:17:32] [Server thread/INFO]: [MythicMobs] Loading Spawn Blocks...
[10:17:32] [Server thread/WARN]: [MythicMobs] ✗ Configuration Error in Mechanic summon
[10:17:32] [Server thread/WARN]: [MythicMobs] --| Mob: WarriorZombie | File: /workspaces/server/server/plugins/MythicMobs/mobs/ExampleMobs.yml
[10:17:32] [Server thread/WARN]: [MythicMobs] --| Error Message: The 'type' attribute must be a valid MythicMob or MythicEntity type.
[10:17:32] [Server thread/WARN]: [MythicMobs] --| Mechanic Line: summon{m=ZombieMinion;a=2}
[10:17:32] [Server thread/WARN]: [MythicMobs] ✗ Configuration Error in Mechanic summon
[10:17:32] [Server thread/WARN]: [MythicMobs] --| Mob: BossBaoVe | File: /workspaces/server/server/plugins/MythicMobs/mobs/BossBaoVe.yml
[10:17:32] [Server thread/WARN]: [MythicMobs] --| Error Message: The 'type' attribute must be a valid MythicMob or MythicEntity type.
[10:17:32] [Server thread/WARN]: [MythicMobs] --| Mechanic Line: summon{m=SummonSkeletons;a=1}
[10:17:32] [Server thread/INFO]: [MythicMobs] ✓ Loaded 10 mobs.
[10:17:32] [Server thread/INFO]: [MythicMobs] ✓ Loaded 3 vanilla mob overrides.
[10:17:32] [Server thread/INFO]: [MythicMobs] ✓ Loaded 0 mob stacks.
[10:17:32] [Server thread/INFO]: [MythicMobs] ✓ Loaded 8 skills.
[10:17:32] [Server thread/INFO]: [MythicMobs] ✓ Loaded 0 random spawns.
[10:17:32] [Server thread/INFO]: [MythicMobs] ✓ Loaded 4 mythic items.
[10:17:32] [Server thread/INFO]: [MythicMobs] ✓ Loaded 3 drop tables.
[10:17:32] [Server thread/INFO]: [MythicMobs] ✓ Loaded 0 mob spawners.
[10:17:32] [Server thread/INFO]: [Mythic] Mythic has finished reloading!
[10:17:32] [Server thread/INFO]: [MythicMobs] Mythic has finished reloading!
[10:18:44] [Server thread/INFO]: [Mythic] Reloading plugin...
[10:18:44] [Server thread/INFO]: [MythicMobs] Saving plugin data...
[10:18:44] [Server thread/INFO]: [MythicMobs] ✓Saving Finished
[10:18:45] [Server thread/INFO]: [MythicMobs] Loading Packs...
[10:18:45] [Server thread/INFO]: [MythicMobs] Loading Items...
[10:18:45] [Server thread/INFO]: [MythicMobs] Loading Item Groups...
[10:18:45] [Server thread/INFO]: [MythicMobs] Loading Skills...
[10:18:45] [Server thread/WARN]: [MythicMobs] Error loading mob 'SkeletalKnight'. Enable debugging for a stack trace.
[10:18:45] [Server thread/INFO]: [MythicMobs] Loading Drop Tables...
[10:18:45] [Server thread/INFO]: [MythicMobs] Loading Random Spawns...
[10:18:45] [Server thread/INFO]: [MythicMobs] Loading Spawn Blocks...
[10:18:45] [Server thread/WARN]: [MythicMobs] ✗ Configuration Error in Mechanic summon
[10:18:45] [Server thread/WARN]: [MythicMobs] --| Mob: WarriorZombie | File: /workspaces/server/server/plugins/MythicMobs/mobs/ExampleMobs.yml
[10:18:45] [Server thread/WARN]: [MythicMobs] --| Error Message: The 'type' attribute must be a valid MythicMob or MythicEntity type.
[10:18:45] [Server thread/WARN]: [MythicMobs] --| Mechanic Line: summon{m=ZombieMinion;a=2}
[10:18:45] [Server thread/INFO]: [MythicMobs] ✓ Loaded 10 mobs.
[10:18:45] [Server thread/INFO]: [MythicMobs] ✓ Loaded 3 vanilla mob overrides.
[10:18:45] [Server thread/INFO]: [MythicMobs] ✓ Loaded 0 mob stacks.
[10:18:45] [Server thread/INFO]: [MythicMobs] ✓ Loaded 8 skills.
[10:18:45] [Server thread/INFO]: [MythicMobs] ✓ Loaded 0 random spawns.
[10:18:45] [Server thread/INFO]: [MythicMobs] ✓ Loaded 4 mythic items.
[10:18:45] [Server thread/INFO]: [MythicMobs] ✓ Loaded 3 drop tables.
[10:18:45] [Server thread/INFO]: [MythicMobs] ✓ Loaded 0 mob spawners.
[10:18:45] [Server thread/INFO]: [Mythic] Mythic has finished reloading!
[10:18:45] [Server thread/INFO]: [MythicMobs] Mythic has finished reloading!
[10:18:45] [Server thread/WARN]: [MythicMobs] ✗ Configuration Error in Mechanic CustomMechanic:NULL
[10:18:45] [Server thread/WARN]: [MythicMobs] --| Mob: BossBaoVe | File: /workspaces/server/server/plugins/MythicMobs/mobs/BossBaoVe.yml
[10:18:45] [Server thread/WARN]: [MythicMobs] --| Error Message: Failed to load custom mechanic ATTACK
[10:18:45] [Server thread/WARN]: [MythicMobs] --| Mechanic Line: attack
[10:19:08] [Server thread/INFO]: [Mythic] Reloading plugin...
[10:19:08] [Server thread/INFO]: [MythicMobs] Saving plugin data...
[10:19:08] [Server thread/INFO]: [MythicMobs] ✓Saving Finished
[10:19:08] [Server thread/INFO]: [MythicMobs] Loading Packs...
[10:19:08] [Server thread/INFO]: [MythicMobs] Loading Items...
[10:19:08] [Server thread/INFO]: [MythicMobs] Loading Item Groups...
[10:19:08] [Server thread/INFO]: [MythicMobs] Loading Skills...
[10:19:08] [Server thread/WARN]: [MythicMobs] Error loading mob 'SkeletalKnight'. Enable debugging for a stack trace.
[10:19:08] [Server thread/INFO]: [MythicMobs] Loading Drop Tables...
[10:19:08] [Server thread/INFO]: [MythicMobs] Loading Random Spawns...
[10:19:08] [Server thread/INFO]: [MythicMobs] Loading Spawn Blocks...
[10:19:08] [Server thread/WARN]: [MythicMobs] ✗ Configuration Error in Mechanic summon
[10:19:08] [Server thread/WARN]: [MythicMobs] --| Mob: WarriorZombie | File: /workspaces/server/server/plugins/MythicMobs/mobs/ExampleMobs.yml
[10:19:08] [Server thread/WARN]: [MythicMobs] --| Error Message: The 'type' attribute must be a valid MythicMob or MythicEntity type.
[10:19:08] [Server thread/WARN]: [MythicMobs] --| Mechanic Line: summon{m=ZombieMinion;a=2}
[10:19:08] [Server thread/INFO]: [MythicMobs] ✓ Loaded 10 mobs.
[10:19:08] [Server thread/INFO]: [MythicMobs] ✓ Loaded 3 vanilla mob overrides.
[10:19:08] [Server thread/INFO]: [MythicMobs] ✓ Loaded 0 mob stacks.
[10:19:08] [Server thread/INFO]: [MythicMobs] ✓ Loaded 8 skills.
[10:19:08] [Server thread/INFO]: [MythicMobs] ✓ Loaded 0 random spawns.
[10:19:08] [Server thread/INFO]: [MythicMobs] ✓ Loaded 4 mythic items.
[10:19:08] [Server thread/INFO]: [MythicMobs] ✓ Loaded 3 drop tables.
[10:19:08] [Server thread/INFO]: [MythicMobs] ✓ Loaded 0 mob spawners.
[10:19:08] [Server thread/INFO]: [Mythic] Mythic has finished reloading!
[10:19:08] [Server thread/INFO]: [MythicMobs] Mythic has finished reloading!
[10:19:08] [Server thread/WARN]: [MythicMobs] ✗ Configuration Error in Mechanic CustomMechanic:NULL
[10:19:08] [Server thread/WARN]: [MythicMobs] --| Mob: BossBaoVe | File: /workspaces/server/server/plugins/MythicMobs/mobs/BossBaoVe.yml
[10:19:08] [Server thread/WARN]: [MythicMobs] --| Error Message: Failed to load custom mechanic ATTACK
[10:19:08] [Server thread/WARN]: [MythicMobs] --| Mechanic Line: attack
[10:20:50] [Server thread/INFO]: Villager Villager['Villager'/8572, uuid='c3e5e230-fe47-433d-9773-e333cfeb5148', l='ServerLevel[world]', x=-328.52, y=64.00, z=219.66, cpos=[-21, 13], tl=207561, v=true] died, message: 'Villager was slain by Zombie'
[10:21:13] [Server thread/INFO]: Named entity Zombie['Kẻ Bảo Vệ Lãnh Địa'/8772, uuid='5ab6ed41-18ea-4093-9a90-e873a894dca3', l='ServerLevel[world]', x=-355.39, y=69.00, z=289.32, cpos=[-23, 18], tl=22095, v=true] died: Kẻ Bảo Vệ Lãnh Địa was slain by Iron Golem
[10:21:36] [Craft Scheduler Thread - 212 - AuraSkills/WARN]: [AuraSkills] Invalid player data file name: e9c246cc-bc31-3fef-9a9c-b34d773135e6.yml
[10:22:05] [Server thread/INFO]: Villager Villager['Villager'/8601, uuid='205a8102-2a52-416b-8248-f8534142b777', l='ServerLevel[world]', x=-354.65, y=70.25, z=349.66, cpos=[-23, 21], tl=251028, v=true] died, message: 'Villager was slain by Zombie'
[10:22:38] [Server thread/INFO]: Villager Villager['Villager'/6353, uuid='ba460e79-f77f-43df-b11e-6b71ac82a1f6', l='ServerLevel[world]', x=232.06, y=64.00, z=75.06, cpos=[14, 4], tl=102344, v=true] died, message: 'Villager was slain by Zombie'
[10:23:04] [Server thread/INFO]: [Mythic] Reloading plugin...
[10:23:04] [Server thread/INFO]: [MythicMobs] Saving plugin data...
[10:23:04] [Server thread/INFO]: [MythicMobs] ✓Saving Finished
[10:23:04] [Server thread/INFO]: [MythicMobs] Loading Packs...
[10:23:04] [Server thread/INFO]: [MythicMobs] Loading Items...
[10:23:04] [Server thread/INFO]: [MythicMobs] Loading Item Groups...
[10:23:04] [Server thread/INFO]: [MythicMobs] Loading Skills...
[10:23:04] [Server thread/WARN]: [MythicMobs] Error loading mob 'SkeletalKnight'. Enable debugging for a stack trace.
[10:23:04] [Server thread/INFO]: [MythicMobs] Loading Drop Tables...
[10:23:04] [Server thread/INFO]: [MythicMobs] Loading Random Spawns...
[10:23:04] [Server thread/INFO]: [MythicMobs] Loading Spawn Blocks...
[10:23:04] [Server thread/WARN]: [MythicMobs] ✗ Configuration Error in Mechanic summon
[10:23:04] [Server thread/WARN]: [MythicMobs] --| Mob: WarriorZombie | File: /workspaces/server/server/plugins/MythicMobs/mobs/ExampleMobs.yml
[10:23:04] [Server thread/WARN]: [MythicMobs] --| Error Message: The 'type' attribute must be a valid MythicMob or MythicEntity type.
[10:23:04] [Server thread/WARN]: [MythicMobs] --| Mechanic Line: summon{m=ZombieMinion;a=2}
[10:23:04] [Server thread/INFO]: [MythicMobs] ✓ Loaded 10 mobs.
[10:23:04] [Server thread/INFO]: [MythicMobs] ✓ Loaded 3 vanilla mob overrides.
[10:23:04] [Server thread/INFO]: [MythicMobs] ✓ Loaded 0 mob stacks.
[10:23:04] [Server thread/INFO]: [MythicMobs] ✓ Loaded 8 skills.
[10:23:04] [Server thread/INFO]: [MythicMobs] ✓ Loaded 0 random spawns.
[10:23:04] [Server thread/INFO]: [MythicMobs] ✓ Loaded 4 mythic items.
[10:23:04] [Server thread/INFO]: [MythicMobs] ✓ Loaded 3 drop tables.
[10:23:04] [Server thread/INFO]: [MythicMobs] ✓ Loaded 0 mob spawners.
[10:23:04] [Server thread/INFO]: [Mythic] Mythic has finished reloading!
[10:23:04] [Server thread/INFO]: [MythicMobs] Mythic has finished reloading!
[10:23:04] [Server thread/WARN]: [MythicMobs] ✗ Configuration Error in Mechanic CustomMechanic:NULL
[10:23:04] [Server thread/WARN]: [MythicMobs] --| Mob: BossBaoVe | File: /workspaces/server/server/plugins/MythicMobs/mobs/BossBaoVe.yml
[10:23:04] [Server thread/WARN]: [MythicMobs] --| Error Message: Failed to load custom mechanic ATTACK
[10:23:04] [Server thread/WARN]: [MythicMobs] --| Mechanic Line: attack
[10:26:36] [Craft Scheduler Thread - 229 - AuraSkills/WARN]: [AuraSkills] Invalid player data file name: e9c246cc-bc31-3fef-9a9c-b34d773135e6.yml
[10:31:36] [Craft Scheduler Thread - 243 - AuraSkills/WARN]: [AuraSkills] Invalid player data file name: e9c246cc-bc31-3fef-9a9c-b34d773135e6.yml
[10:34:22] [Server thread/INFO]: [Mythic] Reloading plugin...
[10:34:22] [Server thread/INFO]: [MythicMobs] Saving plugin data...
[10:34:22] [Server thread/INFO]: [MythicMobs] ✓Saving Finished
[10:34:22] [Server thread/INFO]: [MythicMobs] Loading Packs...
[10:34:23] [Server thread/INFO]: [MythicMobs] Loading Items...
[10:34:23] [Server thread/INFO]: [MythicMobs] Loading Item Groups...
[10:34:23] [Server thread/INFO]: [MythicMobs] Loading Skills...
[10:34:23] [Server thread/WARN]: [MythicMobs] Error loading mob 'SkeletalKnight'. Enable debugging for a stack trace.
[10:34:23] [Server thread/INFO]: [MythicMobs] Loading Drop Tables...
[10:34:23] [Server thread/INFO]: [MythicMobs] Loading Random Spawns...
[10:34:23] [Server thread/INFO]: [MythicMobs] Loading Spawn Blocks...
[10:34:23] [Server thread/WARN]: [MythicMobs] ✗ Configuration Error in Mechanic summon
[10:34:23] [Server thread/WARN]: [MythicMobs] --| Mob: WarriorZombie | File: /workspaces/server/server/plugins/MythicMobs/mobs/ExampleMobs.yml
[10:34:23] [Server thread/WARN]: [MythicMobs] --| Error Message: The 'type' attribute must be a valid MythicMob or MythicEntity type.
[10:34:23] [Server thread/WARN]: [MythicMobs] --| Mechanic Line: summon{m=ZombieMinion;a=2}
[10:34:23] [Server thread/INFO]: [MythicMobs] ✓ Loaded 10 mobs.
[10:34:23] [Server thread/INFO]: [MythicMobs] ✓ Loaded 3 vanilla mob overrides.
[10:34:23] [Server thread/INFO]: [MythicMobs] ✓ Loaded 0 mob stacks.
[10:34:23] [Server thread/INFO]: [MythicMobs] ✓ Loaded 10 skills.
[10:34:23] [Server thread/INFO]: [MythicMobs] ✓ Loaded 0 random spawns.
[10:34:23] [Server thread/INFO]: [MythicMobs] ✓ Loaded 4 mythic items.
[10:34:23] [Server thread/INFO]: [MythicMobs] ✓ Loaded 3 drop tables.
[10:34:23] [Server thread/INFO]: [MythicMobs] ✓ Loaded 0 mob spawners.
[10:34:23] [Server thread/INFO]: [Mythic] Mythic has finished reloading!
[10:34:23] [Server thread/INFO]: [MythicMobs] Mythic has finished reloading!
[10:34:23] [Server thread/WARN]: [MythicMobs] ✗ Configuration Error in Mechanic CustomMechanic:NULL
[10:34:23] [Server thread/WARN]: [MythicMobs] --| Mob: BossBaoVe | File: /workspaces/server/server/plugins/MythicMobs/mobs/BossBaoVe.yml
[10:34:23] [Server thread/WARN]: [MythicMobs] --| Error Message: Failed to load custom mechanic TELEPORTTOPLAYER
[10:34:23] [Server thread/WARN]: [MythicMobs] --| Mechanic Line: TeleportToPlayer
[10:34:23] [Server thread/WARN]: [MythicMobs] ✗ Configuration Error in Mechanic CustomMechanic:NULL
[10:34:23] [Server thread/WARN]: [MythicMobs] --| Mob: BossBaoVe | File: /workspaces/server/server/plugins/MythicMobs/mobs/BossBaoVe.yml
[10:34:23] [Server thread/WARN]: [MythicMobs] --| Error Message: Failed to load custom mechanic DAMAGETARGET
[10:34:23] [Server thread/WARN]: [MythicMobs] --| Mechanic Line: DamageTarget
[10:34:57] [Server thread/INFO]: [Mythic] Reloading plugin...
[10:34:57] [Server thread/INFO]: [MythicMobs] Saving plugin data...
[10:34:57] [Server thread/INFO]: [MythicMobs] ✓Saving Finished
[10:34:57] [Server thread/INFO]: [MythicMobs] Loading Packs...
[10:34:57] [Server thread/INFO]: [MythicMobs] Loading Items...
[10:34:57] [Server thread/INFO]: [MythicMobs] Loading Item Groups...
[10:34:57] [Server thread/INFO]: [MythicMobs] Loading Skills...
[10:34:57] [Server thread/ERROR]: Cannot load plugins/MythicMobs/skills/ExampleSkills.yml
org.bukkit.configuration.InvalidConfigurationException: while parsing a block collection
 in 'reader', line 58, column 5:
        - teleport @target ~onTimer:80
        ^
expected <block end>, but found '<block mapping start>'
 in 'reader', line 59, column 8:
           Conditions:
           ^

	at org.bukkit.configuration.file.YamlConfiguration.loadFromString(YamlConfiguration.java:111) ~[paper-api-1.21-R0.1-SNAPSHOT.jar:?]
	at org.bukkit.configuration.file.FileConfiguration.load(FileConfiguration.java:160) ~[paper-api-1.21-R0.1-SNAPSHOT.jar:?]
	at org.bukkit.configuration.file.FileConfiguration.load(FileConfiguration.java:128) ~[paper-api-1.21-R0.1-SNAPSHOT.jar:?]
	at org.bukkit.configuration.file.YamlConfiguration.loadConfiguration(YamlConfiguration.java:309) ~[paper-api-1.21-R0.1-SNAPSHOT.jar:?]
	at MythicMobs-5.9.0.jar/io.lumine.mythic.core.config.IOLoader.reloadCustomConfig(IOLoader.java:80) ~[MythicMobs-5.9.0.jar:?]
	at MythicMobs-5.9.0.jar/io.lumine.mythic.core.config.IOLoader.<init>(IOLoader.java:49) ~[MythicMobs-5.9.0.jar:?]
	at MythicMobs-5.9.0.jar/io.lumine.mythic.core.skills.SkillExecutor.loadSkills(SkillExecutor.java:90) ~[MythicMobs-5.9.0.jar:?]
	at MythicMobs-5.9.0.jar/io.lumine.mythic.core.config.ConfigExecutor.load(ConfigExecutor.java:453) ~[MythicMobs-5.9.0.jar:?]
	at MythicMobs-5.9.0.jar/io.lumine.mythic.core.config.ConfigExecutor.load(ConfigExecutor.java:52) ~[MythicMobs-5.9.0.jar:?]
	at MythicMobs-5.9.0.jar/io.lumine.mythic.bukkit.utils.plugin.ReloadableModule.reload(ReloadableModule.java:19) ~[MythicMobs-5.9.0.jar:?]
	at MythicMobs-5.9.0.jar/io.lumine.mythic.bukkit.commands.ReloadCommand.doReloadPart1(ReloadCommand.java:121) ~[MythicMobs-5.9.0.jar:?]
	at MythicMobs-5.9.0.jar/io.lumine.mythic.bukkit.commands.ReloadCommand.onCommand(ReloadCommand.java:68) ~[MythicMobs-5.9.0.jar:?]
	at MythicMobs-5.9.0.jar/io.lumine.mythic.bukkit.utils.commands.Command.onCommand(Command.java:64) ~[MythicMobs-5.9.0.jar:?]
	at MythicMobs-5.9.0.jar/io.lumine.mythic.bukkit.utils.commands.Command.onCommand(Command.java:55) ~[MythicMobs-5.9.0.jar:?]
	at org.bukkit.command.PluginCommand.execute(PluginCommand.java:45) ~[paper-api-1.21-R0.1-SNAPSHOT.jar:?]
	at org.bukkit.command.SimpleCommandMap.dispatch(SimpleCommandMap.java:165) ~[paper-api-1.21-R0.1-SNAPSHOT.jar:?]
	at org.bukkit.craftbukkit.CraftServer.dispatchCommand(CraftServer.java:989) ~[paper-1.21.jar:1.21-27-76c2f16]
	at org.bukkit.craftbukkit.CraftServer.dispatchServerCommand(CraftServer.java:974) ~[paper-1.21.jar:1.21-27-76c2f16]
	at net.minecraft.server.dedicated.DedicatedServer.handleConsoleInputs(DedicatedServer.java:524) ~[paper-1.21.jar:1.21-27-76c2f16]
	at net.minecraft.server.dedicated.DedicatedServer.tickChildren(DedicatedServer.java:472) ~[paper-1.21.jar:1.21-27-76c2f16]
	at net.minecraft.server.MinecraftServer.tickServer(MinecraftServer.java:1538) ~[paper-1.21.jar:1.21-27-76c2f16]
	at net.minecraft.server.MinecraftServer.runServer(MinecraftServer.java:1246) ~[paper-1.21.jar:1.21-27-76c2f16]
	at net.minecraft.server.MinecraftServer.lambda$spin$0(MinecraftServer.java:329) ~[paper-1.21.jar:1.21-27-76c2f16]
	at java.base/java.lang.Thread.run(Thread.java:1583) ~[?:?]
Caused by: org.yaml.snakeyaml.parser.ParserException: while parsing a block collection
 in 'reader', line 58, column 5:
        - teleport @target ~onTimer:80
        ^
expected <block end>, but found '<block mapping start>'
 in 'reader', line 59, column 8:
           Conditions:
           ^

	at org.yaml.snakeyaml.parser.ParserImpl$ParseBlockSequenceEntryKey.produce(ParserImpl.java:548) ~[snakeyaml-2.2.jar:?]
	at org.yaml.snakeyaml.parser.ParserImpl.peekEvent(ParserImpl.java:161) ~[snakeyaml-2.2.jar:?]
	at org.yaml.snakeyaml.comments.CommentEventsCollector$1.peek(CommentEventsCollector.java:57) ~[snakeyaml-2.2.jar:?]
	at org.yaml.snakeyaml.comments.CommentEventsCollector$1.peek(CommentEventsCollector.java:43) ~[snakeyaml-2.2.jar:?]
	at org.yaml.snakeyaml.comments.CommentEventsCollector.collectEvents(CommentEventsCollector.java:136) ~[snakeyaml-2.2.jar:?]
	at org.yaml.snakeyaml.comments.CommentEventsCollector.collectEvents(CommentEventsCollector.java:116) ~[snakeyaml-2.2.jar:?]
	at org.yaml.snakeyaml.composer.Composer.composeScalarNode(Composer.java:241) ~[snakeyaml-2.2.jar:?]
	at org.yaml.snakeyaml.composer.Composer.composeNode(Composer.java:205) ~[snakeyaml-2.2.jar:?]
	at org.yaml.snakeyaml.composer.Composer.composeSequenceNode(Composer.java:277) ~[snakeyaml-2.2.jar:?]
	at org.yaml.snakeyaml.composer.Composer.composeNode(Composer.java:207) ~[snakeyaml-2.2.jar:?]
	at org.yaml.snakeyaml.composer.Composer.composeValueNode(Composer.java:369) ~[snakeyaml-2.2.jar:?]
	at org.yaml.snakeyaml.composer.Composer.composeMappingChildren(Composer.java:348) ~[snakeyaml-2.2.jar:?]
	at org.yaml.snakeyaml.composer.Composer.composeMappingNode(Composer.java:323) ~[snakeyaml-2.2.jar:?]
	at org.yaml.snakeyaml.composer.Composer.composeNode(Composer.java:209) ~[snakeyaml-2.2.jar:?]
	at org.yaml.snakeyaml.composer.Composer.composeValueNode(Composer.java:369) ~[snakeyaml-2.2.jar:?]
	at org.yaml.snakeyaml.composer.Composer.composeMappingChildren(Composer.java:348) ~[snakeyaml-2.2.jar:?]
	at org.yaml.snakeyaml.composer.Composer.composeMappingNode(Composer.java:323) ~[snakeyaml-2.2.jar:?]
	at org.yaml.snakeyaml.composer.Composer.composeNode(Composer.java:209) ~[snakeyaml-2.2.jar:?]
	at org.yaml.snakeyaml.composer.Composer.getNode(Composer.java:131) ~[snakeyaml-2.2.jar:?]
	at org.yaml.snakeyaml.composer.Composer.getSingleNode(Composer.java:157) ~[snakeyaml-2.2.jar:?]
	at org.yaml.snakeyaml.Yaml.compose(Yaml.java:575) ~[snakeyaml-2.2.jar:?]
	at org.bukkit.configuration.file.YamlConfiguration.loadFromString(YamlConfiguration.java:104) ~[paper-api-1.21-R0.1-SNAPSHOT.jar:?]
	... 23 more
[10:34:57] [Server thread/WARN]: org.bukkit.configuration.InvalidConfigurationException: while parsing a block collection
[10:34:57] [Server thread/WARN]:  in 'reader', line 58, column 5:
[10:34:57] [Server thread/WARN]:         - teleport @target ~onTimer:80
[10:34:57] [Server thread/WARN]:         ^
[10:34:57] [Server thread/WARN]: expected <block end>, but found '<block mapping start>'
[10:34:57] [Server thread/WARN]:  in 'reader', line 59, column 8:
[10:34:57] [Server thread/WARN]:            Conditions:
[10:34:57] [Server thread/WARN]:            ^
[10:34:57] [Server thread/WARN]: 
[10:34:57] [Server thread/WARN]: 	at org.bukkit.configuration.file.YamlConfiguration.loadFromString(YamlConfiguration.java:111)
[10:34:57] [Server thread/WARN]: 	at org.bukkit.configuration.file.FileConfiguration.load(FileConfiguration.java:160)
[10:34:57] [Server thread/WARN]: 	at org.bukkit.configuration.file.FileConfiguration.load(FileConfiguration.java:128)
[10:34:57] [Server thread/WARN]: 	at MythicMobs-5.9.0.jar//io.lumine.mythic.core.config.MythicConfigImpl.<init>(MythicConfigImpl.java:56)
[10:34:57] [Server thread/WARN]: 	at MythicMobs-5.9.0.jar//io.lumine.mythic.core.config.MythicConfigImpl.<init>(MythicConfigImpl.java:47)
[10:34:57] [Server thread/WARN]: 	at MythicMobs-5.9.0.jar//io.lumine.mythic.core.skills.SkillExecutor.loadSkills(SkillExecutor.java:97)
[10:34:57] [Server thread/WARN]: 	at MythicMobs-5.9.0.jar//io.lumine.mythic.core.config.ConfigExecutor.load(ConfigExecutor.java:453)
[10:34:57] [Server thread/WARN]: 	at MythicMobs-5.9.0.jar//io.lumine.mythic.core.config.ConfigExecutor.load(ConfigExecutor.java:52)
[10:34:57] [Server thread/WARN]: 	at MythicMobs-5.9.0.jar//io.lumine.mythic.bukkit.utils.plugin.ReloadableModule.reload(ReloadableModule.java:19)
[10:34:57] [Server thread/WARN]: 	at MythicMobs-5.9.0.jar//io.lumine.mythic.bukkit.commands.ReloadCommand.doReloadPart1(ReloadCommand.java:121)
[10:34:57] [Server thread/WARN]: 	at MythicMobs-5.9.0.jar//io.lumine.mythic.bukkit.commands.ReloadCommand.onCommand(ReloadCommand.java:68)
[10:34:57] [Server thread/WARN]: 	at MythicMobs-5.9.0.jar//io.lumine.mythic.bukkit.utils.commands.Command.onCommand(Command.java:64)
[10:34:57] [Server thread/WARN]: 	at MythicMobs-5.9.0.jar//io.lumine.mythic.bukkit.utils.commands.Command.onCommand(Command.java:55)
[10:34:57] [Server thread/WARN]: 	at org.bukkit.command.PluginCommand.execute(PluginCommand.java:45)
[10:34:57] [Server thread/WARN]: 	at org.bukkit.command.SimpleCommandMap.dispatch(SimpleCommandMap.java:165)
[10:34:57] [Server thread/WARN]: 	at org.bukkit.craftbukkit.CraftServer.dispatchCommand(CraftServer.java:989)
[10:34:57] [Server thread/WARN]: 	at org.bukkit.craftbukkit.CraftServer.dispatchServerCommand(CraftServer.java:974)
[10:34:57] [Server thread/WARN]: 	at net.minecraft.server.dedicated.DedicatedServer.handleConsoleInputs(DedicatedServer.java:524)
[10:34:57] [Server thread/WARN]: 	at net.minecraft.server.dedicated.DedicatedServer.tickChildren(DedicatedServer.java:472)
[10:34:57] [Server thread/WARN]: 	at net.minecraft.server.MinecraftServer.tickServer(MinecraftServer.java:1538)
[10:34:57] [Server thread/WARN]: 	at net.minecraft.server.MinecraftServer.runServer(MinecraftServer.java:1246)
[10:34:57] [Server thread/WARN]: 	at net.minecraft.server.MinecraftServer.lambda$spin$0(MinecraftServer.java:329)
[10:34:57] [Server thread/WARN]: 	at java.base/java.lang.Thread.run(Thread.java:1583)
[10:34:57] [Server thread/WARN]: Caused by: while parsing a block collection
[10:34:57] [Server thread/WARN]:  in 'reader', line 58, column 5:
[10:34:57] [Server thread/WARN]:         - teleport @target ~onTimer:80
[10:34:57] [Server thread/WARN]:         ^
[10:34:57] [Server thread/WARN]: expected <block end>, but found '<block mapping start>'
[10:34:57] [Server thread/WARN]:  in 'reader', line 59, column 8:
[10:34:57] [Server thread/WARN]:            Conditions:
[10:34:57] [Server thread/WARN]:            ^
[10:34:57] [Server thread/WARN]: 
[10:34:57] [Server thread/WARN]: 	at org.yaml.snakeyaml.parser.ParserImpl$ParseBlockSequenceEntryKey.produce(ParserImpl.java:548)
[10:34:57] [Server thread/WARN]: 	at org.yaml.snakeyaml.parser.ParserImpl.peekEvent(ParserImpl.java:161)
[10:34:57] [Server thread/WARN]: 	at org.yaml.snakeyaml.comments.CommentEventsCollector$1.peek(CommentEventsCollector.java:57)
[10:34:57] [Server thread/WARN]: 	at org.yaml.snakeyaml.comments.CommentEventsCollector$1.peek(CommentEventsCollector.java:43)
[10:34:57] [Server thread/WARN]: 	at org.yaml.snakeyaml.comments.CommentEventsCollector.collectEvents(CommentEventsCollector.java:136)
[10:34:57] [Server thread/WARN]: 	at org.yaml.snakeyaml.comments.CommentEventsCollector.collectEvents(CommentEventsCollector.java:116)
[10:34:57] [Server thread/WARN]: 	at org.yaml.snakeyaml.composer.Composer.composeScalarNode(Composer.java:241)
[10:34:57] [Server thread/WARN]: 	at org.yaml.snakeyaml.composer.Composer.composeNode(Composer.java:205)
[10:34:57] [Server thread/WARN]: 	at org.yaml.snakeyaml.composer.Composer.composeSequenceNode(Composer.java:277)
[10:34:57] [Server thread/WARN]: 	at org.yaml.snakeyaml.composer.Composer.composeNode(Composer.java:207)
[10:34:57] [Server thread/WARN]: 	at org.yaml.snakeyaml.composer.Composer.composeValueNode(Composer.java:369)
[10:34:57] [Server thread/WARN]: 	at org.yaml.snakeyaml.composer.Composer.composeMappingChildren(Composer.java:348)
[10:34:57] [Server thread/WARN]: 	at org.yaml.snakeyaml.composer.Composer.composeMappingNode(Composer.java:323)
[10:34:57] [Server thread/WARN]: 	at org.yaml.snakeyaml.composer.Composer.composeNode(Composer.java:209)
[10:34:57] [Server thread/WARN]: 	at org.yaml.snakeyaml.composer.Composer.composeValueNode(Composer.java:369)
[10:34:57] [Server thread/WARN]: 	at org.yaml.snakeyaml.composer.Composer.composeMappingChildren(Composer.java:348)
[10:34:57] [Server thread/WARN]: 	at org.yaml.snakeyaml.composer.Composer.composeMappingNode(Composer.java:323)
[10:34:57] [Server thread/WARN]: 	at org.yaml.snakeyaml.composer.Composer.composeNode(Composer.java:209)
[10:34:57] [Server thread/WARN]: 	at org.yaml.snakeyaml.composer.Composer.getNode(Composer.java:131)
[10:34:57] [Server thread/WARN]: 	at org.yaml.snakeyaml.composer.Composer.getSingleNode(Composer.java:157)
[10:34:57] [Server thread/WARN]: 	at org.yaml.snakeyaml.Yaml.compose(Yaml.java:575)
[10:34:57] [Server thread/WARN]: 	at org.bukkit.configuration.file.YamlConfiguration.loadFromString(YamlConfiguration.java:104)
[10:34:57] [Server thread/WARN]: 	... 22 more
[10:34:57] [Server thread/ERROR]: Cannot load /workspaces/server/server/plugins/MythicMobs/skills/ExampleSkills.yml
org.bukkit.configuration.InvalidConfigurationException: while parsing a block collection
 in 'reader', line 58, column 5:
        - teleport @target ~onTimer:80
        ^
expected <block end>, but found '<block mapping start>'
 in 'reader', line 59, column 8:
           Conditions:
           ^

	at org.bukkit.configuration.file.YamlConfiguration.loadFromString(YamlConfiguration.java:111) ~[paper-api-1.21-R0.1-SNAPSHOT.jar:?]
	at org.bukkit.configuration.file.FileConfiguration.load(FileConfiguration.java:160) ~[paper-api-1.21-R0.1-SNAPSHOT.jar:?]
	at org.bukkit.configuration.file.FileConfiguration.load(FileConfiguration.java:128) ~[paper-api-1.21-R0.1-SNAPSHOT.jar:?]
	at org.bukkit.configuration.file.YamlConfiguration.loadConfiguration(YamlConfiguration.java:309) ~[paper-api-1.21-R0.1-SNAPSHOT.jar:?]
	at MythicMobs-5.9.0.jar/io.lumine.mythic.bukkit.utils.config.properties.types.NodeListProp.getNodes(NodeListProp.java:43) ~[MythicMobs-5.9.0.jar:?]
	at MythicMobs-5.9.0.jar/io.lumine.mythic.core.skills.SkillExecutor.loadSkills(SkillExecutor.java:99) ~[MythicMobs-5.9.0.jar:?]
	at MythicMobs-5.9.0.jar/io.lumine.mythic.core.config.ConfigExecutor.load(ConfigExecutor.java:453) ~[MythicMobs-5.9.0.jar:?]
	at MythicMobs-5.9.0.jar/io.lumine.mythic.core.config.ConfigExecutor.load(ConfigExecutor.java:52) ~[MythicMobs-5.9.0.jar:?]
	at MythicMobs-5.9.0.jar/io.lumine.mythic.bukkit.utils.plugin.ReloadableModule.reload(ReloadableModule.java:19) ~[MythicMobs-5.9.0.jar:?]
	at MythicMobs-5.9.0.jar/io.lumine.mythic.bukkit.commands.ReloadCommand.doReloadPart1(ReloadCommand.java:121) ~[MythicMobs-5.9.0.jar:?]
	at MythicMobs-5.9.0.jar/io.lumine.mythic.bukkit.commands.ReloadCommand.onCommand(ReloadCommand.java:68) ~[MythicMobs-5.9.0.jar:?]
	at MythicMobs-5.9.0.jar/io.lumine.mythic.bukkit.utils.commands.Command.onCommand(Command.java:64) ~[MythicMobs-5.9.0.jar:?]
	at MythicMobs-5.9.0.jar/io.lumine.mythic.bukkit.utils.commands.Command.onCommand(Command.java:55) ~[MythicMobs-5.9.0.jar:?]
	at org.bukkit.command.PluginCommand.execute(PluginCommand.java:45) ~[paper-api-1.21-R0.1-SNAPSHOT.jar:?]
	at org.bukkit.command.SimpleCommandMap.dispatch(SimpleCommandMap.java:165) ~[paper-api-1.21-R0.1-SNAPSHOT.jar:?]
	at org.bukkit.craftbukkit.CraftServer.dispatchCommand(CraftServer.java:989) ~[paper-1.21.jar:1.21-27-76c2f16]
	at org.bukkit.craftbukkit.CraftServer.dispatchServerCommand(CraftServer.java:974) ~[paper-1.21.jar:1.21-27-76c2f16]
	at net.minecraft.server.dedicated.DedicatedServer.handleConsoleInputs(DedicatedServer.java:524) ~[paper-1.21.jar:1.21-27-76c2f16]
	at net.minecraft.server.dedicated.DedicatedServer.tickChildren(DedicatedServer.java:472) ~[paper-1.21.jar:1.21-27-76c2f16]
	at net.minecraft.server.MinecraftServer.tickServer(MinecraftServer.java:1538) ~[paper-1.21.jar:1.21-27-76c2f16]
	at net.minecraft.server.MinecraftServer.runServer(MinecraftServer.java:1246) ~[paper-1.21.jar:1.21-27-76c2f16]
	at net.minecraft.server.MinecraftServer.lambda$spin$0(MinecraftServer.java:329) ~[paper-1.21.jar:1.21-27-76c2f16]
	at java.base/java.lang.Thread.run(Thread.java:1583) ~[?:?]
Caused by: org.yaml.snakeyaml.parser.ParserException: while parsing a block collection
 in 'reader', line 58, column 5:
        - teleport @target ~onTimer:80
        ^
expected <block end>, but found '<block mapping start>'
 in 'reader', line 59, column 8:
           Conditions:
           ^

	at org.yaml.snakeyaml.parser.ParserImpl$ParseBlockSequenceEntryKey.produce(ParserImpl.java:548) ~[snakeyaml-2.2.jar:?]
	at org.yaml.snakeyaml.parser.ParserImpl.peekEvent(ParserImpl.java:161) ~[snakeyaml-2.2.jar:?]
	at org.yaml.snakeyaml.comments.CommentEventsCollector$1.peek(CommentEventsCollector.java:57) ~[snakeyaml-2.2.jar:?]
	at org.yaml.snakeyaml.comments.CommentEventsCollector$1.peek(CommentEventsCollector.java:43) ~[snakeyaml-2.2.jar:?]
	at org.yaml.snakeyaml.comments.CommentEventsCollector.collectEvents(CommentEventsCollector.java:136) ~[snakeyaml-2.2.jar:?]
	at org.yaml.snakeyaml.comments.CommentEventsCollector.collectEvents(CommentEventsCollector.java:116) ~[snakeyaml-2.2.jar:?]
	at org.yaml.snakeyaml.composer.Composer.composeScalarNode(Composer.java:241) ~[snakeyaml-2.2.jar:?]
	at org.yaml.snakeyaml.composer.Composer.composeNode(Composer.java:205) ~[snakeyaml-2.2.jar:?]
	at org.yaml.snakeyaml.composer.Composer.composeSequenceNode(Composer.java:277) ~[snakeyaml-2.2.jar:?]
	at org.yaml.snakeyaml.composer.Composer.composeNode(Composer.java:207) ~[snakeyaml-2.2.jar:?]
	at org.yaml.snakeyaml.composer.Composer.composeValueNode(Composer.java:369) ~[snakeyaml-2.2.jar:?]
	at org.yaml.snakeyaml.composer.Composer.composeMappingChildren(Composer.java:348) ~[snakeyaml-2.2.jar:?]
	at org.yaml.snakeyaml.composer.Composer.composeMappingNode(Composer.java:323) ~[snakeyaml-2.2.jar:?]
	at org.yaml.snakeyaml.composer.Composer.composeNode(Composer.java:209) ~[snakeyaml-2.2.jar:?]
	at org.yaml.snakeyaml.composer.Composer.composeValueNode(Composer.java:369) ~[snakeyaml-2.2.jar:?]
	at org.yaml.snakeyaml.composer.Composer.composeMappingChildren(Composer.java:348) ~[snakeyaml-2.2.jar:?]
	at org.yaml.snakeyaml.composer.Composer.composeMappingNode(Composer.java:323) ~[snakeyaml-2.2.jar:?]
	at org.yaml.snakeyaml.composer.Composer.composeNode(Composer.java:209) ~[snakeyaml-2.2.jar:?]
	at org.yaml.snakeyaml.composer.Composer.getNode(Composer.java:131) ~[snakeyaml-2.2.jar:?]
	at org.yaml.snakeyaml.composer.Composer.getSingleNode(Composer.java:157) ~[snakeyaml-2.2.jar:?]
	at org.yaml.snakeyaml.Yaml.compose(Yaml.java:575) ~[snakeyaml-2.2.jar:?]
	at org.bukkit.configuration.file.YamlConfiguration.loadFromString(YamlConfiguration.java:104) ~[paper-api-1.21-R0.1-SNAPSHOT.jar:?]
	... 22 more
[10:34:57] [Server thread/WARN]: [MythicMobs] Error loading mob 'SkeletalKnight'. Enable debugging for a stack trace.
[10:34:57] [Server thread/INFO]: [MythicMobs] Loading Drop Tables...
[10:34:57] [Server thread/INFO]: [MythicMobs] Loading Random Spawns...
[10:34:57] [Server thread/INFO]: [MythicMobs] Loading Spawn Blocks...
[10:34:57] [Server thread/WARN]: [MythicMobs] ✗ Configuration Error in Mechanic metaskill
[10:34:57] [Server thread/WARN]: [MythicMobs] --| Mob: SkeletonKing | File: /workspaces/server/server/plugins/MythicMobs/mobs/ExampleMobs.yml
[10:34:57] [Server thread/WARN]: [MythicMobs] --| Error Message: Could not find MetaSkill SummonSkeletons
[10:34:57] [Server thread/WARN]: [MythicMobs] --| Mechanic Line: skill{s=SummonSkeletons}
[10:34:57] [Server thread/WARN]: [MythicMobs] ✗ Configuration Error in Mechanic metaskill
[10:34:57] [Server thread/WARN]: [MythicMobs] --| Mob: SkeletonKing | File: /workspaces/server/server/plugins/MythicMobs/mobs/ExampleMobs.yml
[10:34:57] [Server thread/WARN]: [MythicMobs] --| Error Message: Could not find MetaSkill SmashAttack
[10:34:57] [Server thread/WARN]: [MythicMobs] --| Mechanic Line: skill{s=SmashAttack}
[10:34:57] [Server thread/WARN]: [MythicMobs] ✗ Configuration Error in Mechanic metaskill
[10:34:57] [Server thread/WARN]: [MythicMobs] --| Mob: AngrySludge | File: /workspaces/server/server/plugins/MythicMobs/mobs/ExampleMobs.yml
[10:34:57] [Server thread/WARN]: [MythicMobs] --| Error Message: Could not find MetaSkill AngrySludgePoison
[10:34:57] [Server thread/WARN]: [MythicMobs] --| Mechanic Line: skill{s=AngrySludgePoison}
[10:34:57] [Server thread/WARN]: [MythicMobs] ✗ Configuration Error in Mechanic summon
[10:34:57] [Server thread/WARN]: [MythicMobs] --| Mob: WarriorZombie | File: /workspaces/server/server/plugins/MythicMobs/mobs/ExampleMobs.yml
[10:34:57] [Server thread/WARN]: [MythicMobs] --| Error Message: The 'type' attribute must be a valid MythicMob or MythicEntity type.
[10:34:57] [Server thread/WARN]: [MythicMobs] --| Mechanic Line: summon{m=ZombieMinion;a=2}
[10:34:57] [Server thread/WARN]: [MythicMobs] ✗ Configuration Error in Mechanic metaskill
[10:34:57] [Server thread/WARN]: [MythicMobs] --| Mob: ChuaTeDatCam | File: /workspaces/server/server/plugins/MythicMobs/mobs/ExampleMobs.yml
[10:34:57] [Server thread/WARN]: [MythicMobs] --| Error Message: Could not find MetaSkill LightningBurst
[10:34:57] [Server thread/WARN]: [MythicMobs] --| Mechanic Line: skill{s=LightningBurst}
[10:34:57] [Server thread/WARN]: [MythicMobs] ✗ Configuration Error in Mechanic metaskill
[10:34:57] [Server thread/WARN]: [MythicMobs] --| Mob: ChuaTeDatCam | File: /workspaces/server/server/plugins/MythicMobs/mobs/ExampleMobs.yml
[10:34:57] [Server thread/WARN]: [MythicMobs] --| Error Message: Could not find MetaSkill BlindingStrike
[10:34:57] [Server thread/WARN]: [MythicMobs] --| Mechanic Line: skill{s=BlindingStrike}
[10:34:57] [Server thread/WARN]: [MythicMobs] ✗ Configuration Error in Mechanic metaskill
[10:34:57] [Server thread/WARN]: [MythicMobs] --| Mob: ChuaTeDatCam | File: /workspaces/server/server/plugins/MythicMobs/mobs/ExampleMobs.yml
[10:34:57] [Server thread/WARN]: [MythicMobs] --| Error Message: Could not find MetaSkill SummonLightning
[10:34:57] [Server thread/WARN]: [MythicMobs] --| Mechanic Line: skill{s=SummonLightning}
[10:34:57] [Server thread/WARN]: [MythicMobs] ✗ Configuration Error in Mechanic metaskill
[10:34:57] [Server thread/WARN]: [MythicMobs] --| Mob: ChuaTeDatCam | File: /workspaces/server/server/plugins/MythicMobs/mobs/ExampleMobs.yml
[10:34:57] [Server thread/WARN]: [MythicMobs] --| Error Message: Could not find MetaSkill ChainLightning
[10:34:57] [Server thread/WARN]: [MythicMobs] --| Mechanic Line: skill{s=ChainLightning}
[10:34:57] [Server thread/INFO]: [MythicMobs] ✓ Loaded 10 mobs.
[10:34:57] [Server thread/INFO]: [MythicMobs] ✓ Loaded 3 vanilla mob overrides.
[10:34:57] [Server thread/INFO]: [MythicMobs] ✓ Loaded 0 mob stacks.
[10:34:57] [Server thread/INFO]: [MythicMobs] ✓ Loaded 0 skills.
[10:34:57] [Server thread/INFO]: [MythicMobs] ✓ Loaded 0 random spawns.
[10:34:57] [Server thread/INFO]: [MythicMobs] ✓ Loaded 4 mythic items.
[10:34:57] [Server thread/INFO]: [MythicMobs] ✓ Loaded 3 drop tables.
[10:34:57] [Server thread/INFO]: [MythicMobs] ✓ Loaded 0 mob spawners.
[10:34:57] [Server thread/INFO]: [Mythic] Mythic has finished reloading!
[10:34:57] [Server thread/INFO]: [MythicMobs] Mythic has finished reloading!
[10:34:57] [Server thread/WARN]: [MythicMobs] ✗ Configuration Error in Mechanic CustomMechanic:NULL
[10:34:57] [Server thread/WARN]: [MythicMobs] --| Mob: BossBaoVe | File: /workspaces/server/server/plugins/MythicMobs/mobs/BossBaoVe.yml
[10:34:57] [Server thread/WARN]: [MythicMobs] --| Error Message: Failed to load custom mechanic TELEPORTTOPLAYER
[10:34:57] [Server thread/WARN]: [MythicMobs] --| Mechanic Line: TeleportToPlayer
[10:34:57] [Server thread/WARN]: [MythicMobs] ✗ Configuration Error in Mechanic CustomMechanic:NULL
[10:34:57] [Server thread/WARN]: [MythicMobs] --| Mob: BossBaoVe | File: /workspaces/server/server/plugins/MythicMobs/mobs/BossBaoVe.yml
[10:34:57] [Server thread/WARN]: [MythicMobs] --| Error Message: Failed to load custom mechanic DAMAGETARGET
[10:34:57] [Server thread/WARN]: [MythicMobs] --| Mechanic Line: DamageTarget
[10:36:36] [Craft Scheduler Thread - 259 - AuraSkills/WARN]: [AuraSkills] Invalid player data file name: e9c246cc-bc31-3fef-9a9c-b34d773135e6.yml
[10:37:48] [Server thread/INFO]: Anhahahaha issued server command: /tp gzzzgzzz
[10:37:58] [Server thread/INFO]: Anhahahaha issued server command: /gamemode survival
[10:38:43] [Server thread/INFO]: Anhahahaha issued server command: /tp gzzzgzzz
[10:40:23] [Server thread/INFO]: Anhahahaha issued server command: /give Anhahahaha pigbrcage 1
[10:40:31] [Server thread/INFO]: gzzzgzzz was slain by Piglin Brute
[10:40:43] [Server thread/INFO]: Anhahahaha issued server command: /tp gzzzgzzz Anhahahaha
[10:40:48] [Server thread/INFO]: Anhahahaha was slain by Piglin Brute
[10:40:50] [Server thread/INFO]: gzzzgzzz was slain by Piglin Brute
[10:40:55] [Server thread/INFO]: Anhahahaha issued server command: /tp gzzzgzzz
[10:41:05] [Server thread/WARN]: gzzzgzzz was kicked for floating too long!
[10:41:05] [Server thread/INFO]: gzzzgzzz lost connection: Flying is not enabled on this server
[10:41:05] [Server thread/INFO]: gzzzgzzz left the game
[10:41:11] [User Authenticator #5/INFO]: UUID of player gzzzgzzz is 8c223a65-d373-31d6-bc84-f381519ddd1b
[10:41:14] [Server thread/INFO]: gzzzgzzz joined the game
[10:41:14] [Server thread/INFO]: gzzzgzzz[/[0:0:0:0:0:0:0:1%0]:43938] logged in with entity id 17132 at ([world]88.46876197942231, 70.82191423007752, 51.82832551907555)
[10:41:18] [Server thread/WARN]: gzzzgzzz was kicked for floating too long!
[10:41:18] [Server thread/INFO]: gzzzgzzz lost connection: Flying is not enabled on this server
[10:41:18] [Server thread/INFO]: gzzzgzzz left the game
[10:41:22] [User Authenticator #5/INFO]: UUID of player gzzzgzzz is 8c223a65-d373-31d6-bc84-f381519ddd1b
[10:41:24] [Server thread/INFO]: gzzzgzzz joined the game
[10:41:24] [Server thread/INFO]: gzzzgzzz[/[0:0:0:0:0:0:0:1%0]:49724] logged in with entity id 17148 at ([world]105.63438459558554, 69.8221057120265, 55.05503200176741)
[10:41:36] [Craft Scheduler Thread - 276 - AuraSkills/WARN]: [AuraSkills] Invalid player data file name: e9c246cc-bc31-3fef-9a9c-b34d773135e6.yml
[10:41:38] [Server thread/INFO]: Anhahahaha was slain by Zombie
[10:41:49] [Server thread/WARN]: gzzzgzzz moved wrongly!
[10:42:24] [Server thread/WARN]: gzzzgzzz moved wrongly!
[10:42:27] [Server thread/WARN]: gzzzgzzz moved wrongly!
[10:42:35] [Server thread/WARN]: gzzzgzzz moved wrongly!
[10:43:00] [Server thread/WARN]: gzzzgzzz was kicked for floating too long!
[10:43:00] [Server thread/INFO]: gzzzgzzz lost connection: Flying is not enabled on this server
[10:43:00] [Server thread/INFO]: gzzzgzzz left the game
[10:43:04] [User Authenticator #6/INFO]: UUID of player gzzzgzzz is 8c223a65-d373-31d6-bc84-f381519ddd1b
[10:43:06] [Server thread/INFO]: gzzzgzzz joined the game
[10:43:06] [Server thread/INFO]: gzzzgzzz[/[0:0:0:0:0:0:0:1%0]:39634] logged in with entity id 17692 at ([world]191.5081176266725, 67.13829202988035, 73.57086001232446)
[10:43:26] [Server thread/WARN]: gzzzgzzz moved wrongly!
[10:43:43] [Server thread/WARN]: gzzzgzzz was kicked for floating too long!
[10:43:43] [Server thread/INFO]: gzzzgzzz lost connection: Flying is not enabled on this server
[10:43:43] [Server thread/INFO]: gzzzgzzz left the game
[10:43:45] [User Authenticator #6/INFO]: UUID of player gzzzgzzz is 8c223a65-d373-31d6-bc84-f381519ddd1b
[10:43:47] [Server thread/INFO]: gzzzgzzz joined the game
[10:43:47] [Server thread/INFO]: gzzzgzzz[/[0:0:0:0:0:0:0:1%0]:44626] logged in with entity id 17845 at ([world]217.15161419233146, 63.05491737580506, 62.034902268899664)
[10:44:09] [Server thread/INFO]: gzzzgzzz was slain by Zombie
[10:46:36] [Craft Scheduler Thread - 296 - AuraSkills/WARN]: [AuraSkills] Invalid player data file name: e9c246cc-bc31-3fef-9a9c-b34d773135e6.yml
[10:47:26] [Server thread/INFO]: Anhahahaha issued server command: /gamemode creative
[10:49:09] [Server thread/ERROR]: Tried to load invalid item: 'Item must not be minecraft:air'
[10:49:09] [Server thread/ERROR]: Tried to load invalid item: 'Item must not be minecraft:air'
[10:49:09] [Server thread/ERROR]: Tried to load invalid item: 'Item must not be minecraft:air'
[10:49:45] [Server thread/INFO]: gzzzgzzz lost connection: Disconnected
[10:49:45] [Server thread/INFO]: gzzzgzzz left the game
[10:49:48] [User Authenticator #7/INFO]: UUID of player gzzzgzzz is 8c223a65-d373-31d6-bc84-f381519ddd1b
[10:49:51] [Server thread/INFO]: gzzzgzzz joined the game
[10:49:51] [Server thread/INFO]: gzzzgzzz[/[0:0:0:0:0:0:0:1%0]:56528] logged in with entity id 20337 at ([world]162.53927800768588, 53.0, 90.69999998807907)
[10:51:36] [Craft Scheduler Thread - 313 - AuraSkills/WARN]: [AuraSkills] Invalid player data file name: e9c246cc-bc31-3fef-9a9c-b34d773135e6.yml
[10:53:54] [Server thread/INFO]: gzzzgzzz issued server command: /home
[10:53:54] [Server thread/INFO]: [Essentials] gzzzgzzz was denied access to command.
[10:55:39] [Server thread/INFO]: gzzzgzzz lost connection: Disconnected
[10:55:39] [Server thread/INFO]: gzzzgzzz left the game
[10:55:41] [User Authenticator #8/INFO]: UUID of player gzzzgzzz is 8c223a65-d373-31d6-bc84-f381519ddd1b
[10:55:44] [Server thread/INFO]: gzzzgzzz joined the game
[10:55:44] [Server thread/INFO]: gzzzgzzz[/[0:0:0:0:0:0:0:1%0]:42158] logged in with entity id 21551 at ([world]71.76142981388149, 69.0, 143.12590761258642)
[10:56:07] [Server thread/INFO]: gzzzgzzz was blown up by Creeper
[10:56:22] [Server thread/WARN]: gzzzgzzz was kicked for floating too long!
[10:56:22] [Server thread/INFO]: gzzzgzzz lost connection: Flying is not enabled on this server
[10:56:23] [Server thread/INFO]: gzzzgzzz left the game
[10:56:25] [User Authenticator #8/INFO]: UUID of player gzzzgzzz is 8c223a65-d373-31d6-bc84-f381519ddd1b
[10:56:27] [Server thread/INFO]: gzzzgzzz joined the game
[10:56:27] [Server thread/INFO]: gzzzgzzz[/[0:0:0:0:0:0:0:1%0]:41852] logged in with entity id 22159 at ([world]8.076967681298731, 69.8314503384764, 173.88087416082158)
[10:56:31] [Server thread/WARN]: gzzzgzzz moved wrongly!
[10:56:36] [Craft Scheduler Thread - 328 - AuraSkills/WARN]: [AuraSkills] Invalid player data file name: e9c246cc-bc31-3fef-9a9c-b34d773135e6.yml
[10:56:49] [Server thread/WARN]: gzzzgzzz moved wrongly!
[10:56:55] [Server thread/WARN]: gzzzgzzz moved wrongly!
[10:56:59] [Server thread/WARN]: gzzzgzzz moved wrongly!
[10:57:12] [Server thread/WARN]: gzzzgzzz moved wrongly!
[10:57:41] [Server thread/WARN]: gzzzgzzz moved wrongly!
[11:01:36] [Craft Scheduler Thread - 350 - AuraSkills/WARN]: [AuraSkills] Invalid player data file name: e9c246cc-bc31-3fef-9a9c-b34d773135e6.yml
[11:04:28] [Server thread/INFO]: [AuraSkills] Loaded 21 message files
[11:04:28] [Server thread/INFO]: [AuraSkills] Loaded 126 config options in 2 ms
[11:04:28] [Server thread/INFO]: [AuraSkills] Loaded 3 blocked/disabled worlds
[11:04:29] [Server thread/INFO]: [AuraSkills] Loaded 11 skills with 312 total sources
[11:04:29] [Server thread/INFO]: [AuraSkills] Loaded 9 stats and 17 traits
[11:04:29] [Server thread/INFO]: [AuraSkills] Loaded 36 pattern rewards and 0 level rewards
[11:04:29] [Server thread/INFO]: [AuraSkills] Loaded 53 loot entries in 4 pools and 2 tables
[11:04:29] [Server thread/INFO]: [AuraSkills] Loaded 6 menus
[11:04:29] [Server thread/INFO]: [Khả năng] Đã tải lại thiết lập!
[11:04:44] [Server thread/INFO]: Anhahahaha issued server command: /bossbar
[11:04:53] [Server thread/INFO]: Anhahahaha issued server command: /bossmenu
[11:05:18] [Server thread/INFO]: [AuraSkills] Loaded 21 message files
[11:05:18] [Server thread/INFO]: [AuraSkills] Loaded 126 config options in 1 ms
[11:05:18] [Server thread/INFO]: [AuraSkills] Loaded 3 blocked/disabled worlds
[11:05:18] [Server thread/INFO]: [AuraSkills] Loaded 11 skills with 312 total sources
[11:05:18] [Server thread/INFO]: [AuraSkills] Loaded 9 stats and 17 traits
[11:05:18] [Server thread/INFO]: [AuraSkills] Loaded 36 pattern rewards and 0 level rewards
[11:05:18] [Server thread/INFO]: [AuraSkills] Loaded 53 loot entries in 4 pools and 2 tables
[11:05:18] [Server thread/INFO]: [AuraSkills] Loaded 6 menus
[11:05:18] [Server thread/INFO]: [Khả năng] Đã tải lại thiết lập!
[11:05:26] [Server thread/INFO]: Anhahahaha issued server command: /skript enable /-custom/-bossmenu.sk
[11:06:36] [Craft Scheduler Thread - 364 - AuraSkills/WARN]: [AuraSkills] Invalid player data file name: e9c246cc-bc31-3fef-9a9c-b34d773135e6.yml
[11:08:20] [Server thread/WARN]: gzzzgzzz moved wrongly!
[11:09:00] [Server thread/INFO]: Anhahahaha issued server command: /mm mobs spawn BossBaoVe
[11:09:07] [Server thread/INFO]: Anhahahaha issued server command: /tp gzzzgzzz
[11:09:39] [Server thread/INFO]: Anhahahaha issued server command: /tp -78,111,-820
[11:09:45] [Server thread/INFO]: Anhahahaha issued server command: /tp Anhahahaha -78,111,-820
[11:10:05] [Server thread/INFO]: Anhahahaha issued server command: /tp -78 111 -820
[11:10:43] [Server thread/INFO]: Anhahahaha issued server command: /tp gzzzgzzz Anhahahaha
[11:10:43] [Server thread/INFO]: gzzzgzzz was slain by Kẻ Bảo Vệ Lãnh Địa
[11:10:54] [Server thread/INFO]: Anhahahaha issued server command: /tp gzzzgzzz Anhahahaha
[11:11:05] [Server thread/INFO]: gzzzgzzz was slain by Kẻ Bảo Vệ Lãnh Địa
[11:11:08] [Server thread/INFO]: Anhahahaha issued server command: /tp gzzzgzzz Anhahahaha
[11:11:17] [Server thread/INFO]: gzzzgzzz was slain by Kẻ Bảo Vệ Lãnh Địa
[11:11:21] [Server thread/INFO]: Anhahahaha issued server command: /tp gzzzgzzz Anhahahaha
[11:11:31] [Server thread/INFO]: gzzzgzzz was slain by Kẻ Bảo Vệ Lãnh Địa
[11:11:36] [Craft Scheduler Thread - 383 - AuraSkills/WARN]: [AuraSkills] Invalid player data file name: e9c246cc-bc31-3fef-9a9c-b34d773135e6.yml
[11:11:46] [Server thread/INFO]: Anhahahaha issued server command: /tp gzzzgzzz Anhahahaha
[11:14:52] [Server thread/INFO]: Named entity Zombie['Kẻ Bảo Vệ Lãnh Địa'/28987, uuid='c8c3924a-9975-46f1-b9db-92d46c3437e1', l='ServerLevel[world]', x=-76.80, y=111.00, z=-818.54, cpos=[-5, -52], tl=5988, v=true] died: Kẻ Bảo Vệ Lãnh Địa was slain by gzzzgzzz
[11:16:36] [Craft Scheduler Thread - 401 - AuraSkills/WARN]: [AuraSkills] Invalid player data file name: e9c246cc-bc31-3fef-9a9c-b34d773135e6.yml
[11:18:48] [Server thread/INFO]: Anhahahaha issued server command: /give gzzzgzzz diamond_block 1
[11:19:46] [Server thread/INFO]: Anhahahaha issued server command: /mm mobs killall
[11:20:00] [Server thread/INFO]: Anhahahaha issued server command: /mm mobs spawn BossBaoVe
[11:20:06] [Server thread/INFO]: Anhahahaha issued server command: /mm mobs killall
[11:20:11] [Server thread/INFO]: Anhahahaha issued server command: /mm reload
[11:20:11] [Server thread/INFO]: [MythicMobs] Saving plugin data...
[11:20:11] [Server thread/INFO]: [MythicMobs] ✓Saving Finished
[11:20:11] [Server thread/INFO]: [MythicMobs] Loading Packs...
[11:20:11] [Server thread/INFO]: [MythicMobs] Loading Items...
[11:20:11] [Server thread/INFO]: [MythicMobs] Loading Item Groups...
[11:20:11] [Server thread/INFO]: [MythicMobs] Loading Skills...
[11:20:11] [Server thread/WARN]: [MythicMobs] Error loading mob 'SkeletalKnight'. Enable debugging for a stack trace.
[11:20:12] [Server thread/INFO]: [MythicMobs] Loading Drop Tables...
[11:20:12] [Server thread/INFO]: [MythicMobs] Loading Random Spawns...
[11:20:12] [Server thread/INFO]: [MythicMobs] Loading Spawn Blocks...
[11:20:12] [Server thread/WARN]: [MythicMobs] ✗ Configuration Error in Mechanic summon
[11:20:12] [Server thread/WARN]: [MythicMobs] --| Skill: SummonPiglets | File: /workspaces/server/server/plugins/MythicMobs/skills/ExampleSkills.yml
[11:20:12] [Server thread/WARN]: [MythicMobs] --| Error Message: The 'type' attribute must be a valid MythicMob or MythicEntity type.
[11:20:12] [Server thread/WARN]: [MythicMobs] --| Mechanic Line: summon{m=BabyPiglet;a=3;y=0.5;spread=2}
[11:20:12] [Server thread/WARN]: [MythicMobs] ✗ Configuration Error in Mechanic summon
[11:20:12] [Server thread/WARN]: [MythicMobs] --| Mob: WarriorZombie | File: /workspaces/server/server/plugins/MythicMobs/mobs/ExampleMobs.yml
[11:20:12] [Server thread/WARN]: [MythicMobs] --| Error Message: The 'type' attribute must be a valid MythicMob or MythicEntity type.
[11:20:12] [Server thread/WARN]: [MythicMobs] --| Mechanic Line: summon{m=ZombieMinion;a=2}
[11:20:12] [Server thread/INFO]: [MythicMobs] ✓ Loaded 10 mobs.
[11:20:12] [Server thread/INFO]: [MythicMobs] ✓ Loaded 3 vanilla mob overrides.
[11:20:12] [Server thread/INFO]: [MythicMobs] ✓ Loaded 0 mob stacks.
[11:20:12] [Server thread/INFO]: [MythicMobs] ✓ Loaded 10 skills.
[11:20:12] [Server thread/INFO]: [MythicMobs] ✓ Loaded 0 random spawns.
[11:20:12] [Server thread/INFO]: [MythicMobs] ✓ Loaded 4 mythic items.
[11:20:12] [Server thread/INFO]: [MythicMobs] ✓ Loaded 4 drop tables.
[11:20:12] [Server thread/INFO]: [MythicMobs] ✓ Loaded 0 mob spawners.
[11:20:12] [Server thread/INFO]: [MythicMobs] Mythic has finished reloading!
[11:20:12] [Server thread/WARN]: [MythicMobs] ✗ Configuration Error in Mechanic CustomMechanic:NULL
[11:20:12] [Server thread/WARN]: [MythicMobs] --| Mob: BossBaoVe | File: /workspaces/server/server/plugins/MythicMobs/mobs/BossBaoVe.yml
[11:20:12] [Server thread/WARN]: [MythicMobs] --| Error Message: Failed to load custom mechanic ATTACK
[11:20:12] [Server thread/WARN]: [MythicMobs] --| Mechanic Line: attack
[11:20:12] [Server thread/WARN]: [MythicMobs] ✗ Configuration Error in Mechanic CustomMechanic:NULL
[11:20:12] [Server thread/WARN]: [MythicMobs] --| Mob: BossBaoVe | File: /workspaces/server/server/plugins/MythicMobs/mobs/BossBaoVe.yml
[11:20:12] [Server thread/WARN]: [MythicMobs] --| Error Message: Failed to load custom mechanic SUMMONPIGLETS
[11:20:12] [Server thread/WARN]: [MythicMobs] --| Mechanic Line: SummonPiglets
[11:20:12] [Server thread/WARN]: [MythicMobs] ✗ Configuration Error in Mechanic CustomMechanic:NULL
[11:20:12] [Server thread/WARN]: [MythicMobs] --| Mob: BossBaoVe | File: /workspaces/server/server/plugins/MythicMobs/mobs/BossBaoVe.yml
[11:20:12] [Server thread/WARN]: [MythicMobs] --| Error Message: Failed to load custom mechanic CHAINLIGHTNING
[11:20:12] [Server thread/WARN]: [MythicMobs] --| Mechanic Line: ChainLightning
[11:20:12] [Server thread/WARN]: [MythicMobs] ✗ Configuration Error in Mechanic CustomMechanic:NULL
[11:20:12] [Server thread/WARN]: [MythicMobs] --| Mob: BossBaoVe | File: /workspaces/server/server/plugins/MythicMobs/mobs/BossBaoVe.yml
[11:20:12] [Server thread/WARN]: [MythicMobs] --| Error Message: Failed to load custom mechanic SHOOTTNT
[11:20:12] [Server thread/WARN]: [MythicMobs] --| Mechanic Line: ShootTNT
[11:21:36] [Craft Scheduler Thread - 417 - AuraSkills/WARN]: [AuraSkills] Invalid player data file name: e9c246cc-bc31-3fef-9a9c-b34d773135e6.yml
[11:22:15] [Server thread/INFO]: Anhahahaha issued server command: /mm mobs spawn BossBaoVe
[11:22:32] [Server thread/INFO]: Anhahahaha issued server command: /gamemode survival
[11:22:41] [Server thread/INFO]: Anhahahaha issued server command: /gamemode creative
[11:23:26] [Server thread/INFO]: Anhahahaha issued server command: /mm mobs killall
[11:23:36] [Server thread/INFO]: Anhahahaha issued server command: /mm debug
[11:24:10] [Server thread/INFO]: Anhahahaha issued server command: /mm spawners activate
[11:24:10] [Server thread/ERROR]: Command exception: /mm spawners activate
org.bukkit.command.CommandException: Unhandled exception executing command 'mm' in plugin MythicMobs v5.9.0-${CI_COMMIT_SHORT_SHA}
	at org.bukkit.command.PluginCommand.execute(PluginCommand.java:47) ~[paper-api-1.21-R0.1-SNAPSHOT.jar:?]
	at io.papermc.paper.command.brigadier.bukkit.BukkitCommandNode$BukkitBrigCommand.run(BukkitCommandNode.java:91) ~[paper-1.21.jar:1.21-27-76c2f16]
	at com.mojang.brigadier.context.ContextChain.runExecutable(ContextChain.java:73) ~[brigadier-1.2.9.jar:?]
	at net.minecraft.commands.execution.tasks.ExecuteCommand.execute(ExecuteCommand.java:31) ~[paper-1.21.jar:1.21-27-76c2f16]
	at net.minecraft.commands.execution.tasks.ExecuteCommand.execute(ExecuteCommand.java:19) ~[paper-1.21.jar:1.21-27-76c2f16]
	at net.minecraft.commands.execution.UnboundEntryAction.lambda$bind$0(UnboundEntryAction.java:8) ~[paper-1.21.jar:1.21-27-76c2f16]
	at net.minecraft.commands.execution.CommandQueueEntry.execute(CommandQueueEntry.java:5) ~[paper-1.21.jar:1.21-27-76c2f16]
	at net.minecraft.commands.execution.ExecutionContext.runCommandQueue(ExecutionContext.java:103) ~[paper-1.21.jar:1.21-27-76c2f16]
	at net.minecraft.commands.Commands.executeCommandInContext(Commands.java:446) ~[paper-1.21.jar:1.21-27-76c2f16]
	at net.minecraft.commands.Commands.performCommand(Commands.java:353) ~[paper-1.21.jar:1.21-27-76c2f16]
	at net.minecraft.commands.Commands.performCommand(Commands.java:340) ~[paper-1.21.jar:1.21-27-76c2f16]
	at net.minecraft.commands.Commands.performCommand(Commands.java:335) ~[paper-1.21.jar:1.21-27-76c2f16]
	at net.minecraft.server.network.ServerGamePacketListenerImpl.performUnsignedChatCommand(ServerGamePacketListenerImpl.java:2147) ~[paper-1.21.jar:1.21-27-76c2f16]
	at net.minecraft.server.network.ServerGamePacketListenerImpl.lambda$handleChatCommand$11(ServerGamePacketListenerImpl.java:2121) ~[paper-1.21.jar:1.21-27-76c2f16]
	at net.minecraft.server.TickTask.run(TickTask.java:18) ~[paper-1.21.jar:1.21-27-76c2f16]
	at net.minecraft.util.thread.BlockableEventLoop.doRunTask(BlockableEventLoop.java:151) ~[paper-1.21.jar:1.21-27-76c2f16]
	at net.minecraft.util.thread.ReentrantBlockableEventLoop.doRunTask(ReentrantBlockableEventLoop.java:24) ~[paper-1.21.jar:1.21-27-76c2f16]
	at net.minecraft.server.MinecraftServer.doRunTask(MinecraftServer.java:1478) ~[paper-1.21.jar:1.21-27-76c2f16]
	at net.minecraft.server.MinecraftServer.doRunTask(MinecraftServer.java:201) ~[paper-1.21.jar:1.21-27-76c2f16]
	at net.minecraft.util.thread.BlockableEventLoop.pollTask(BlockableEventLoop.java:125) ~[paper-1.21.jar:1.21-27-76c2f16]
	at net.minecraft.server.MinecraftServer.pollTaskInternal(MinecraftServer.java:1456) ~[paper-1.21.jar:1.21-27-76c2f16]
	at net.minecraft.server.MinecraftServer.pollTask(MinecraftServer.java:1449) ~[paper-1.21.jar:1.21-27-76c2f16]
	at net.minecraft.util.thread.BlockableEventLoop.managedBlock(BlockableEventLoop.java:135) ~[paper-1.21.jar:1.21-27-76c2f16]
	at net.minecraft.server.MinecraftServer.managedBlock(MinecraftServer.java:1408) ~[paper-1.21.jar:1.21-27-76c2f16]
	at net.minecraft.server.MinecraftServer.waitUntilNextTick(MinecraftServer.java:1415) ~[paper-1.21.jar:1.21-27-76c2f16]
	at net.minecraft.server.MinecraftServer.runServer(MinecraftServer.java:1260) ~[paper-1.21.jar:1.21-27-76c2f16]
	at net.minecraft.server.MinecraftServer.lambda$spin$0(MinecraftServer.java:329) ~[paper-1.21.jar:1.21-27-76c2f16]
	at java.base/java.lang.Thread.run(Thread.java:1583) ~[?:?]
Caused by: java.lang.ArrayIndexOutOfBoundsException: Index 0 out of bounds for length 0
	at MythicMobs-5.9.0.jar/io.lumine.mythic.bukkit.commands.spawners.ActivateCommand.onCommand(ActivateCommand.java:27) ~[MythicMobs-5.9.0.jar:?]
	at MythicMobs-5.9.0.jar/io.lumine.mythic.bukkit.utils.commands.Command.onCommand(Command.java:64) ~[MythicMobs-5.9.0.jar:?]
	at MythicMobs-5.9.0.jar/io.lumine.mythic.bukkit.utils.commands.Command.onCommand(Command.java:55) ~[MythicMobs-5.9.0.jar:?]
	at MythicMobs-5.9.0.jar/io.lumine.mythic.bukkit.utils.commands.Command.onCommand(Command.java:55) ~[MythicMobs-5.9.0.jar:?]
	at org.bukkit.command.PluginCommand.execute(PluginCommand.java:45) ~[paper-api-1.21-R0.1-SNAPSHOT.jar:?]
	... 27 more
[11:24:28] [Server thread/INFO]: Anhahahaha issued server command: /mm spawners activate BossBaoVe
[11:24:28] [Server thread/ERROR]: Command exception: /mm spawners activate BossBaoVe
org.bukkit.command.CommandException: Unhandled exception executing command 'mm' in plugin MythicMobs v5.9.0-${CI_COMMIT_SHORT_SHA}
	at org.bukkit.command.PluginCommand.execute(PluginCommand.java:47) ~[paper-api-1.21-R0.1-SNAPSHOT.jar:?]
	at io.papermc.paper.command.brigadier.bukkit.BukkitCommandNode$BukkitBrigCommand.run(BukkitCommandNode.java:91) ~[paper-1.21.jar:1.21-27-76c2f16]
	at com.mojang.brigadier.context.ContextChain.runExecutable(ContextChain.java:73) ~[brigadier-1.2.9.jar:?]
	at net.minecraft.commands.execution.tasks.ExecuteCommand.execute(ExecuteCommand.java:31) ~[paper-1.21.jar:1.21-27-76c2f16]
	at net.minecraft.commands.execution.tasks.ExecuteCommand.execute(ExecuteCommand.java:19) ~[paper-1.21.jar:1.21-27-76c2f16]
	at net.minecraft.commands.execution.UnboundEntryAction.lambda$bind$0(UnboundEntryAction.java:8) ~[paper-1.21.jar:1.21-27-76c2f16]
	at net.minecraft.commands.execution.CommandQueueEntry.execute(CommandQueueEntry.java:5) ~[paper-1.21.jar:1.21-27-76c2f16]
	at net.minecraft.commands.execution.ExecutionContext.runCommandQueue(ExecutionContext.java:103) ~[paper-1.21.jar:1.21-27-76c2f16]
	at net.minecraft.commands.Commands.executeCommandInContext(Commands.java:446) ~[paper-1.21.jar:1.21-27-76c2f16]
	at net.minecraft.commands.Commands.performCommand(Commands.java:353) ~[paper-1.21.jar:1.21-27-76c2f16]
	at net.minecraft.commands.Commands.performCommand(Commands.java:340) ~[paper-1.21.jar:1.21-27-76c2f16]
	at net.minecraft.commands.Commands.performCommand(Commands.java:335) ~[paper-1.21.jar:1.21-27-76c2f16]
	at net.minecraft.server.network.ServerGamePacketListenerImpl.performUnsignedChatCommand(ServerGamePacketListenerImpl.java:2147) ~[paper-1.21.jar:1.21-27-76c2f16]
	at net.minecraft.server.network.ServerGamePacketListenerImpl.lambda$handleChatCommand$11(ServerGamePacketListenerImpl.java:2121) ~[paper-1.21.jar:1.21-27-76c2f16]
	at net.minecraft.server.TickTask.run(TickTask.java:18) ~[paper-1.21.jar:1.21-27-76c2f16]
	at net.minecraft.util.thread.BlockableEventLoop.doRunTask(BlockableEventLoop.java:151) ~[paper-1.21.jar:1.21-27-76c2f16]
	at net.minecraft.util.thread.ReentrantBlockableEventLoop.doRunTask(ReentrantBlockableEventLoop.java:24) ~[paper-1.21.jar:1.21-27-76c2f16]
	at net.minecraft.server.MinecraftServer.doRunTask(MinecraftServer.java:1478) ~[paper-1.21.jar:1.21-27-76c2f16]
	at net.minecraft.server.MinecraftServer.doRunTask(MinecraftServer.java:201) ~[paper-1.21.jar:1.21-27-76c2f16]
	at net.minecraft.util.thread.BlockableEventLoop.pollTask(BlockableEventLoop.java:125) ~[paper-1.21.jar:1.21-27-76c2f16]
	at net.minecraft.server.MinecraftServer.pollTaskInternal(MinecraftServer.java:1456) ~[paper-1.21.jar:1.21-27-76c2f16]
	at net.minecraft.server.MinecraftServer.pollTask(MinecraftServer.java:1449) ~[paper-1.21.jar:1.21-27-76c2f16]
	at net.minecraft.util.thread.BlockableEventLoop.managedBlock(BlockableEventLoop.java:135) ~[paper-1.21.jar:1.21-27-76c2f16]
	at net.minecraft.server.MinecraftServer.managedBlock(MinecraftServer.java:1408) ~[paper-1.21.jar:1.21-27-76c2f16]
	at net.minecraft.server.MinecraftServer.waitUntilNextTick(MinecraftServer.java:1415) ~[paper-1.21.jar:1.21-27-76c2f16]
	at net.minecraft.server.MinecraftServer.runServer(MinecraftServer.java:1260) ~[paper-1.21.jar:1.21-27-76c2f16]
	at net.minecraft.server.MinecraftServer.lambda$spin$0(MinecraftServer.java:329) ~[paper-1.21.jar:1.21-27-76c2f16]
	at java.base/java.lang.Thread.run(Thread.java:1583) ~[?:?]
Caused by: java.lang.NullPointerException: Cannot invoke "io.lumine.mythic.core.spawning.spawners.MythicSpawner.ActivateSpawner()" because "ms" is null
	at MythicMobs-5.9.0.jar/io.lumine.mythic.bukkit.commands.spawners.ActivateCommand.onCommand(ActivateCommand.java:58) ~[MythicMobs-5.9.0.jar:?]
	at MythicMobs-5.9.0.jar/io.lumine.mythic.bukkit.utils.commands.Command.onCommand(Command.java:64) ~[MythicMobs-5.9.0.jar:?]
	at MythicMobs-5.9.0.jar/io.lumine.mythic.bukkit.utils.commands.Command.onCommand(Command.java:55) ~[MythicMobs-5.9.0.jar:?]
	at MythicMobs-5.9.0.jar/io.lumine.mythic.bukkit.utils.commands.Command.onCommand(Command.java:55) ~[MythicMobs-5.9.0.jar:?]
	at org.bukkit.command.PluginCommand.execute(PluginCommand.java:45) ~[paper-api-1.21-R0.1-SNAPSHOT.jar:?]
	... 27 more
[11:25:01] [Server thread/INFO]: Anhahahaha issued server command: /mm spawners addspawncondition
[11:25:13] [Server thread/INFO]: Anhahahaha issued server command: /mm spawners info
[11:25:34] [Server thread/INFO]: Anhahahaha issued server command: /mm
[11:26:36] [Craft Scheduler Thread - 437 - AuraSkills/WARN]: [AuraSkills] Invalid player data file name: e9c246cc-bc31-3fef-9a9c-b34d773135e6.yml
[11:27:57] [Server thread/INFO]: Anhahahaha issued server command: /tp gzzzgzzz Anhahahaha
[11:28:31] [Server thread/WARN]: gzzzgzzz moved wrongly!
[11:28:33] [Server thread/WARN]: gzzzgzzz moved wrongly!
[11:28:42] [Server thread/WARN]: gzzzgzzz moved wrongly!
[11:28:43] [Server thread/WARN]: gzzzgzzz moved wrongly!
[11:28:43] [Server thread/WARN]: gzzzgzzz moved wrongly!
[11:28:46] [Server thread/WARN]: gzzzgzzz moved wrongly!
[11:28:55] [Server thread/INFO]: Anhahahaha issued server command: /mm reload
[11:28:55] [Server thread/INFO]: [MythicMobs] Saving plugin data...
[11:28:55] [Server thread/INFO]: [MythicMobs] ✓Saving Finished
[11:28:55] [Server thread/INFO]: [MythicMobs] Loading Packs...
[11:28:56] [Server thread/INFO]: [MythicMobs] Loading Items...
[11:28:56] [Server thread/INFO]: [MythicMobs] Loading Item Groups...
[11:28:56] [Server thread/INFO]: [MythicMobs] Loading Skills...
[11:28:56] [Server thread/WARN]: [MythicMobs] Error loading mob 'SkeletalKnight'. Enable debugging for a stack trace.
[11:28:56] [Server thread/INFO]: [MythicMobs] Loading Drop Tables...
[11:28:56] [Server thread/INFO]: [MythicMobs] Loading Random Spawns...
[11:28:56] [Server thread/INFO]: [MythicMobs] Loading Spawn Blocks...
[11:28:56] [Server thread/WARN]: [MythicMobs] ✗ Configuration Error in Mechanic summon
[11:28:56] [Server thread/WARN]: [MythicMobs] --| Skill: SummonPiglets | File: /workspaces/server/server/plugins/MythicMobs/skills/ExampleSkills.yml
[11:28:56] [Server thread/WARN]: [MythicMobs] --| Error Message: The 'type' attribute must be a valid MythicMob or MythicEntity type.
[11:28:56] [Server thread/WARN]: [MythicMobs] --| Mechanic Line: summon{m=BabyPiglet;a=3;y=0.5;spread=2}
[11:28:56] [Server thread/WARN]: [MythicMobs] ✗ Configuration Error in Mechanic summon
[11:28:56] [Server thread/WARN]: [MythicMobs] --| Mob: WarriorZombie | File: /workspaces/server/server/plugins/MythicMobs/mobs/ExampleMobs.yml
[11:28:56] [Server thread/WARN]: [MythicMobs] --| Error Message: The 'type' attribute must be a valid MythicMob or MythicEntity type.
[11:28:56] [Server thread/WARN]: [MythicMobs] --| Mechanic Line: summon{m=ZombieMinion;a=2}
[11:28:56] [Server thread/INFO]: [MythicMobs] ✓ Loaded 10 mobs.
[11:28:56] [Server thread/INFO]: [MythicMobs] ✓ Loaded 3 vanilla mob overrides.
[11:28:56] [Server thread/INFO]: [MythicMobs] ✓ Loaded 0 mob stacks.
[11:28:56] [Server thread/INFO]: [MythicMobs] ✓ Loaded 10 skills.
[11:28:56] [Server thread/INFO]: [MythicMobs] ✓ Loaded 0 random spawns.
[11:28:56] [Server thread/INFO]: [MythicMobs] ✓ Loaded 4 mythic items.
[11:28:56] [Server thread/INFO]: [MythicMobs] ✓ Loaded 4 drop tables.
[11:28:56] [Server thread/INFO]: [MythicMobs] ✓ Loaded 0 mob spawners.
[11:28:56] [Server thread/INFO]: [MythicMobs] Mythic has finished reloading!
[11:28:56] [Server thread/WARN]: [MythicMobs] ✗ Configuration Error in Mechanic CustomMechanic:NULL
[11:28:56] [Server thread/WARN]: [MythicMobs] --| Mob: BossBaoVe | File: /workspaces/server/server/plugins/MythicMobs/mobs/BossBaoVe.yml
[11:28:56] [Server thread/WARN]: [MythicMobs] --| Error Message: Failed to load custom mechanic ATTACK
[11:28:56] [Server thread/WARN]: [MythicMobs] --| Mechanic Line: attack
[11:28:56] [Server thread/WARN]: [MythicMobs] ✗ Configuration Error in Mechanic CustomMechanic:NULL
[11:28:56] [Server thread/WARN]: [MythicMobs] --| Mob: BossBaoVe | File: /workspaces/server/server/plugins/MythicMobs/mobs/BossBaoVe.yml
[11:28:56] [Server thread/WARN]: [MythicMobs] --| Error Message: Failed to load custom mechanic SUMMONPIGLETS
[11:28:56] [Server thread/WARN]: [MythicMobs] --| Mechanic Line: SummonPiglets
[11:28:56] [Server thread/WARN]: [MythicMobs] ✗ Configuration Error in Mechanic CustomMechanic:NULL
[11:28:56] [Server thread/WARN]: [MythicMobs] --| Mob: BossBaoVe | File: /workspaces/server/server/plugins/MythicMobs/mobs/BossBaoVe.yml
[11:28:56] [Server thread/WARN]: [MythicMobs] --| Error Message: Failed to load custom mechanic CHAINLIGHTNING
[11:28:56] [Server thread/WARN]: [MythicMobs] --| Mechanic Line: ChainLightning
[11:28:56] [Server thread/WARN]: [MythicMobs] ✗ Configuration Error in Mechanic CustomMechanic:NULL
[11:28:56] [Server thread/WARN]: [MythicMobs] --| Mob: BossBaoVe | File: /workspaces/server/server/plugins/MythicMobs/mobs/BossBaoVe.yml
[11:28:56] [Server thread/WARN]: [MythicMobs] --| Error Message: Failed to load custom mechanic SHOOTTNT
[11:28:56] [Server thread/WARN]: [MythicMobs] --| Mechanic Line: ShootTNT
[11:29:06] [Server thread/WARN]: gzzzgzzz moved wrongly!
[11:29:52] [Server thread/INFO]: Anhahahaha issued server command: /skript disable all
[11:30:03] [Server thread/INFO]: Anhahahaha issued server command: /skript enable /-examples/-clearlag.sk
[11:30:56] [Server thread/INFO]: [Mythic] Reloading plugin...
[11:30:56] [Server thread/INFO]: [MythicMobs] Saving plugin data...
[11:30:56] [Server thread/INFO]: [MythicMobs] ✓Saving Finished
[11:30:56] [Server thread/INFO]: [MythicMobs] Loading Packs...
[11:30:56] [Server thread/INFO]: [MythicMobs] Loading Items...
[11:30:56] [Server thread/INFO]: [MythicMobs] Loading Item Groups...
[11:30:56] [Server thread/INFO]: [MythicMobs] Loading Skills...
[11:30:56] [Server thread/WARN]: [MythicMobs] Error loading mob 'SkeletalKnight'. Enable debugging for a stack trace.
[11:30:56] [Server thread/INFO]: [MythicMobs] Loading Drop Tables...
[11:30:56] [Server thread/INFO]: [MythicMobs] Loading Random Spawns...
[11:30:56] [Server thread/INFO]: [MythicMobs] Loading Spawn Blocks...
[11:30:56] [Server thread/WARN]: [MythicMobs] ✗ Configuration Error in Mechanic summon
[11:30:56] [Server thread/WARN]: [MythicMobs] --| Skill: SummonPiglets | File: /workspaces/server/server/plugins/MythicMobs/skills/ExampleSkills.yml
[11:30:56] [Server thread/WARN]: [MythicMobs] --| Error Message: The 'type' attribute must be a valid MythicMob or MythicEntity type.
[11:30:56] [Server thread/WARN]: [MythicMobs] --| Mechanic Line: summon{m=BabyPiglet;a=3;y=0.5;spread=2}
[11:30:56] [Server thread/WARN]: [MythicMobs] ✗ Configuration Error in Mechanic summon
[11:30:56] [Server thread/WARN]: [MythicMobs] --| Mob: WarriorZombie | File: /workspaces/server/server/plugins/MythicMobs/mobs/ExampleMobs.yml
[11:30:56] [Server thread/WARN]: [MythicMobs] --| Error Message: The 'type' attribute must be a valid MythicMob or MythicEntity type.
[11:30:56] [Server thread/WARN]: [MythicMobs] --| Mechanic Line: summon{m=ZombieMinion;a=2}
[11:30:56] [Server thread/INFO]: [MythicMobs] ✓ Loaded 10 mobs.
[11:30:56] [Server thread/INFO]: [MythicMobs] ✓ Loaded 3 vanilla mob overrides.
[11:30:56] [Server thread/INFO]: [MythicMobs] ✓ Loaded 0 mob stacks.
[11:30:56] [Server thread/INFO]: [MythicMobs] ✓ Loaded 10 skills.
[11:30:56] [Server thread/INFO]: [MythicMobs] ✓ Loaded 0 random spawns.
[11:30:56] [Server thread/INFO]: [MythicMobs] ✓ Loaded 4 mythic items.
[11:30:56] [Server thread/INFO]: [MythicMobs] ✓ Loaded 4 drop tables.
[11:30:56] [Server thread/INFO]: [MythicMobs] ✓ Loaded 1 mob spawners.
[11:30:56] [Server thread/INFO]: [Mythic] Mythic has finished reloading!
[11:30:56] [Server thread/INFO]: [MythicMobs] Mythic has finished reloading!
[11:31:28] [Server thread/WARN]: gzzzgzzz moved wrongly!
[11:31:36] [Craft Scheduler Thread - 455 - AuraSkills/WARN]: [AuraSkills] Invalid player data file name: e9c246cc-bc31-3fef-9a9c-b34d773135e6.yml
[11:31:40] [Server thread/WARN]: Can't keep up! Is the server overloaded? Running 3613ms or 72 ticks behind
[11:31:51] [Server thread/INFO]: Anhahahaha issued server command: /mm spawners activate BossSpawner
[11:32:15] [Server thread/WARN]: gzzzgzzz moved wrongly!
[11:33:06] [Server thread/INFO]: BÁC AN DỌN RÁC • Dọn lag trong 15 giây
[11:33:21] [Server thread/INFO]: BÁC AN DỌN RÁC • Đã xóa 8 vật phẩm rơi
[11:34:47] [Server thread/INFO]: Anhahahaha issued server command: /mm spawner spawn BossSpawner
[11:35:18] [Server thread/INFO]: Anhahahaha issued server command: /mm skills all
[11:35:19] [Server thread/ERROR]: Tried to load invalid item: 'Item must not be minecraft:air'
[11:35:19] [Server thread/ERROR]: Tried to load invalid item: 'Item must not be minecraft:air'
[11:36:06] [Server thread/INFO]: BÁC AN DỌN RÁC • Dọn lag trong 15 giây
[11:36:21] [Server thread/INFO]: BÁC AN DỌN RÁC • Đã xóa 9 vật phẩm rơi
[11:36:40] [Craft Scheduler Thread - 472 - AuraSkills/WARN]: [AuraSkills] Invalid player data file name: e9c246cc-bc31-3fef-9a9c-b34d773135e6.yml
[11:36:42] [Server thread/WARN]: Can't keep up! Is the server overloaded? Running 2627ms or 52 ticks behind
[11:36:47] [Server thread/WARN]: gzzzgzzz was kicked for floating too long!
[11:36:47] [Server thread/INFO]: gzzzgzzz lost connection: Flying is not enabled on this server
[11:36:47] [Server thread/INFO]: gzzzgzzz left the game
[11:36:50] [User Authenticator #9/INFO]: UUID of player gzzzgzzz is 8c223a65-d373-31d6-bc84-f381519ddd1b
[11:36:54] [Server thread/INFO]: gzzzgzzz joined the game
[11:36:54] [Server thread/INFO]: gzzzgzzz[/[0:0:0:0:0:0:0:1%0]:35574] logged in with entity id 37182 at ([world]32.46415241072164, 70.99511982563551, -1679.8447525777667)
[11:36:57] [Server thread/INFO]: Anhahahaha issued server command: /mm spawners create Boss1
[11:37:03] [Server thread/WARN]: gzzzgzzz moved wrongly!
[11:37:11] [Server thread/INFO]: Anhahahaha issued server command: /mm spawners create Boss1 BossBaoVe
[11:37:12] [Server thread/WARN]: gzzzgzzz moved wrongly!
[11:37:18] [Server thread/WARN]: gzzzgzzz was kicked for floating too long!
[11:37:18] [Server thread/INFO]: gzzzgzzz lost connection: Flying is not enabled on this server
[11:37:18] [Server thread/INFO]: gzzzgzzz left the game
[11:37:19] [User Authenticator #9/INFO]: UUID of player gzzzgzzz is 8c223a65-d373-31d6-bc84-f381519ddd1b
[11:37:22] [Server thread/INFO]: gzzzgzzz joined the game
[11:37:22] [Server thread/INFO]: gzzzgzzz[/[0:0:0:0:0:0:0:1%0]:47680] logged in with entity id 37678 at ([world]60.2169102022123, 74.48644351344632, -1518.761322618047)
[11:37:26] [Server thread/WARN]: gzzzgzzz was kicked for floating too long!
[11:37:26] [Server thread/INFO]: gzzzgzzz lost connection: Flying is not enabled on this server
[11:37:26] [Server thread/INFO]: gzzzgzzz left the game
[11:37:28] [User Authenticator #9/INFO]: UUID of player gzzzgzzz is 8c223a65-d373-31d6-bc84-f381519ddd1b
[11:37:30] [Server thread/INFO]: gzzzgzzz joined the game
[11:37:30] [Server thread/INFO]: gzzzgzzz[/[0:0:0:0:0:0:0:1%0]:42440] logged in with entity id 37814 at ([world]46.815545272065414, 83.14207156315982, -1496.3684289932637)
[11:37:50] [Server thread/WARN]: gzzzgzzz moved wrongly!
[11:37:55] [Server thread/WARN]: gzzzgzzz moved wrongly!
[11:38:10] [Server thread/WARN]: gzzzgzzz moved wrongly!
[11:38:14] [Server thread/WARN]: gzzzgzzz moved wrongly!
[11:38:15] [Server thread/WARN]: gzzzgzzz moved wrongly!
[11:38:19] [Server thread/WARN]: gzzzgzzz moved wrongly!
[11:38:37] [Server thread/INFO]: gzzzgzzz issued server command: /toggleplace
[11:39:09] [Server thread/INFO]: BÁC AN DỌN RÁC • Dọn lag trong 15 giây
[11:39:24] [Server thread/INFO]: BÁC AN DỌN RÁC • Đã xóa 5 vật phẩm rơi
[11:39:41] [Server thread/WARN]: gzzzgzzz moved wrongly!
[11:41:28] [Server thread/INFO]: Anhahahaha issued server command: /gamemode survival
[11:41:42] [Craft Scheduler Thread - 489 - AuraSkills/WARN]: [AuraSkills] Invalid player data file name: e9c246cc-bc31-3fef-9a9c-b34d773135e6.yml
[11:41:44] [Server thread/INFO]: Anhahahaha was slain by Kẻ Bảo Vệ Lãnh Địa
[11:41:50] [Server thread/INFO]: Anhahahaha issued server command: /tp gzzzgzzz
[11:41:58] [Server thread/INFO]: Anhahahaha was slain by gzzzgzzz
[11:42:05] [Server thread/INFO]: Anhahahaha issued server command: /tp gzzzgzzz Anhahahaha
[11:42:09] [Server thread/INFO]: BÁC AN DỌN RÁC • Dọn lag trong 15 giây
[11:42:15] [Server thread/INFO]: Anhahahaha was slain by gzzzgzzz
[11:42:24] [Server thread/INFO]: BÁC AN DỌN RÁC • Đã xóa 1 vật phẩm rơi
[11:43:08] [Server thread/INFO]: Anhahahaha was slain by gzzzgzzz
[11:43:11] [Server thread/WARN]: gzzzgzzz moved wrongly!
[11:43:24] [Server thread/INFO]: Anhahahaha issued server command: /mm skills all
[11:43:33] [Server thread/INFO]: Anhahahaha issued server command: /gamemode creative
[11:44:01] [Server thread/INFO]: Anhahahaha issued server command: /mm mobs spawn SkeletalMinion
[11:44:19] [Server thread/WARN]: gzzzgzzz was kicked for floating too long!
[11:44:19] [Server thread/INFO]: gzzzgzzz lost connection: Flying is not enabled on this server
[11:44:19] [Server thread/INFO]: gzzzgzzz left the game
[11:44:21] [User Authenticator #10/INFO]: UUID of player gzzzgzzz is 8c223a65-d373-31d6-bc84-f381519ddd1b
[11:44:24] [Server thread/INFO]: gzzzgzzz joined the game
[11:44:24] [Server thread/INFO]: gzzzgzzz[/[0:0:0:0:0:0:0:1%0]:59558] logged in with entity id 40384 at ([world]-7.401877217335633, 69.72403723946061, 113.6025010828619)
[11:44:37] [Server thread/WARN]: gzzzgzzz was kicked for floating too long!
[11:44:37] [Server thread/INFO]: gzzzgzzz lost connection: Flying is not enabled on this server
[11:44:37] [Server thread/INFO]: gzzzgzzz left the game
[11:44:39] [User Authenticator #10/INFO]: UUID of player gzzzgzzz is 8c223a65-d373-31d6-bc84-f381519ddd1b
[11:44:41] [Server thread/INFO]: gzzzgzzz joined the game
[11:44:41] [Server thread/INFO]: gzzzgzzz[/[0:0:0:0:0:0:0:1%0]:39964] logged in with entity id 40449 at ([world]1.7242524722460744, 67.28089823123858, 145.0207602379961)
[11:44:44] [Server thread/INFO]: Anhahahaha issued server command: /tp -86 114 -807.256
[11:44:59] [Server thread/INFO]: Anhahahaha issued server command: /mm mobs killall
[11:45:03] [Server thread/WARN]: gzzzgzzz moved wrongly!
[11:45:04] [Server thread/WARN]: gzzzgzzz moved wrongly!
[11:45:09] [Server thread/INFO]: BÁC AN DỌN RÁC • Dọn lag trong 15 giây
[11:45:24] [Server thread/INFO]: BÁC AN DỌN RÁC • Đã xóa 15 vật phẩm rơi
[11:45:40] [Server thread/WARN]: gzzzgzzz moved wrongly!
[11:46:12] [Server thread/WARN]: gzzzgzzz moved wrongly!
[11:46:15] [Server thread/INFO]: Anhahahaha issued server command: /mm spawners delete Boss1
[11:46:16] [Server thread/WARN]: gzzzgzzz moved wrongly!
[11:46:18] [Server thread/WARN]: gzzzgzzz moved wrongly!
[11:46:36] [Server thread/INFO]: Anhahahaha issued server command: /mm spawners create Boss1 BossBaoVe
[11:46:42] [Craft Scheduler Thread - 501 - AuraSkills/WARN]: [AuraSkills] Invalid player data file name: e9c246cc-bc31-3fef-9a9c-b34d773135e6.yml
[11:47:03] [Server thread/WARN]: gzzzgzzz was kicked for floating too long!
[11:47:03] [Server thread/INFO]: gzzzgzzz lost connection: Flying is not enabled on this server
[11:47:03] [Server thread/INFO]: gzzzgzzz left the game
[11:47:04] [User Authenticator #11/INFO]: UUID of player gzzzgzzz is 8c223a65-d373-31d6-bc84-f381519ddd1b
[11:47:07] [Server thread/INFO]: gzzzgzzz joined the game
[11:47:07] [Server thread/INFO]: gzzzgzzz[/[0:0:0:0:0:0:0:1%0]:38118] logged in with entity id 41852 at ([world]-324.43189029946615, 69.49666942240746, 286.85009457031293)
[11:47:09] [Server thread/WARN]: gzzzgzzz moved wrongly!
[11:47:16] [Server thread/INFO]: Villager Villager['Villager'/41158, uuid='4e5d2545-e116-4233-98d6-c28395f0d6c9', l='ServerLevel[world]', x=-322.66, y=31.00, z=304.34, cpos=[-21, 19], tl=257665, v=true] died, message: 'Villager hit the ground too hard'
[11:47:22] [Server thread/WARN]: gzzzgzzz moved wrongly!
[11:48:01] [Server thread/INFO]: Anhahahaha issued server command: /tp gzzzgzzz Anhahahaha
[11:48:09] [Server thread/INFO]: BÁC AN DỌN RÁC • Dọn lag trong 15 giây
[11:48:24] [Server thread/INFO]: BÁC AN DỌN RÁC • Đã xóa 4 vật phẩm rơi
[11:49:37] [Server thread/INFO]: [Mythic] Reloading plugin...
[11:49:37] [Server thread/INFO]: [MythicMobs] Saving plugin data...
[11:49:37] [Server thread/INFO]: [MythicMobs] ✓Saving Finished
[11:49:37] [Server thread/INFO]: [MythicMobs] Loading Packs...
[11:49:38] [Server thread/INFO]: [MythicMobs] Loading Items...
[11:49:38] [Server thread/INFO]: [MythicMobs] Loading Item Groups...
[11:49:38] [Server thread/INFO]: [MythicMobs] Loading Skills...
[11:49:38] [Server thread/WARN]: [MythicMobs] Error loading mob 'SkeletalKnight'. Enable debugging for a stack trace.
[11:49:38] [Server thread/INFO]: [MythicMobs] Loading Drop Tables...
[11:49:38] [Server thread/INFO]: [MythicMobs] Loading Random Spawns...
[11:49:38] [Server thread/INFO]: [MythicMobs] Loading Spawn Blocks...
[11:49:38] [Server thread/WARN]: [MythicMobs] ✗ Configuration Error in Mechanic summon
[11:49:38] [Server thread/WARN]: [MythicMobs] --| Skill: SummonPiglets | File: /workspaces/server/server/plugins/MythicMobs/skills/ExampleSkills.yml
[11:49:38] [Server thread/WARN]: [MythicMobs] --| Error Message: The 'type' attribute must be a valid MythicMob or MythicEntity type.
[11:49:38] [Server thread/WARN]: [MythicMobs] --| Mechanic Line: summon{m=BabyPiglet;a=3;y=0.5;spread=2}
[11:49:38] [Server thread/WARN]: [MythicMobs] ✗ Configuration Error in Mechanic summon
[11:49:38] [Server thread/WARN]: [MythicMobs] --| Mob: WarriorZombie | File: /workspaces/server/server/plugins/MythicMobs/mobs/ExampleMobs.yml
[11:49:38] [Server thread/WARN]: [MythicMobs] --| Error Message: The 'type' attribute must be a valid MythicMob or MythicEntity type.
[11:49:38] [Server thread/WARN]: [MythicMobs] --| Mechanic Line: summon{m=ZombieMinion;a=2}
[11:49:38] [Server thread/INFO]: [MythicMobs] ✓ Loaded 10 mobs.
[11:49:38] [Server thread/INFO]: [MythicMobs] ✓ Loaded 3 vanilla mob overrides.
[11:49:38] [Server thread/INFO]: [MythicMobs] ✓ Loaded 0 mob stacks.
[11:49:38] [Server thread/INFO]: [MythicMobs] ✓ Loaded 10 skills.
[11:49:38] [Server thread/INFO]: [MythicMobs] ✓ Loaded 0 random spawns.
[11:49:38] [Server thread/INFO]: [MythicMobs] ✓ Loaded 4 mythic items.
[11:49:38] [Server thread/INFO]: [MythicMobs] ✓ Loaded 4 drop tables.
[11:49:38] [Server thread/INFO]: [MythicMobs] ✓ Loaded 2 mob spawners.
[11:49:38] [Server thread/INFO]: [Mythic] Mythic has finished reloading!
[11:49:38] [Server thread/INFO]: [MythicMobs] Mythic has finished reloading!
[11:49:38] [Server thread/WARN]: [MythicMobs] ✗ Configuration Error in Mechanic CustomMechanic:NULL
[11:49:38] [Server thread/WARN]: [MythicMobs] --| Mob: BossBaoVe | File: /workspaces/server/server/plugins/MythicMobs/mobs/BossBaoVe.yml
[11:49:38] [Server thread/WARN]: [MythicMobs] --| Error Message: Failed to load custom mechanic ATTACK
[11:49:38] [Server thread/WARN]: [MythicMobs] --| Mechanic Line: attack
[11:49:38] [Server thread/WARN]: [MythicMobs] ✗ Configuration Error in Mechanic CustomMechanic:NULL
[11:49:38] [Server thread/WARN]: [MythicMobs] --| Mob: BossBaoVe | File: /workspaces/server/server/plugins/MythicMobs/mobs/BossBaoVe.yml
[11:49:38] [Server thread/WARN]: [MythicMobs] --| Error Message: Failed to load custom mechanic SUMMONPIGLETS
[11:49:38] [Server thread/WARN]: [MythicMobs] --| Mechanic Line: SummonPiglets
[11:49:38] [Server thread/WARN]: [MythicMobs] ✗ Configuration Error in Mechanic CustomMechanic:NULL
[11:49:38] [Server thread/WARN]: [MythicMobs] --| Mob: BossBaoVe | File: /workspaces/server/server/plugins/MythicMobs/mobs/BossBaoVe.yml
[11:49:38] [Server thread/WARN]: [MythicMobs] --| Error Message: Failed to load custom mechanic CHAINLIGHTNING
[11:49:38] [Server thread/WARN]: [MythicMobs] --| Mechanic Line: ChainLightning
[11:49:38] [Server thread/WARN]: [MythicMobs] ✗ Configuration Error in Mechanic CustomMechanic:NULL
[11:49:38] [Server thread/WARN]: [MythicMobs] --| Mob: BossBaoVe | File: /workspaces/server/server/plugins/MythicMobs/mobs/BossBaoVe.yml
[11:49:38] [Server thread/WARN]: [MythicMobs] --| Error Message: Failed to load custom mechanic SHOOTTNT
[11:49:38] [Server thread/WARN]: [MythicMobs] --| Mechanic Line: ShootTNT
[11:49:47] [Server thread/INFO]: Named entity Zombie['Kẻ Bảo Vệ Lãnh Địa'/41758, uuid='b9b8242c-9780-4dbd-84d4-66b9df332ebc', l='ServerLevel[world]', x=-83.37, y=116.00, z=-815.69, cpos=[-6, -51], tl=3592, v=true] died: Kẻ Bảo Vệ Lãnh Địa was slain by gzzzgzzz
[11:50:17] [Server thread/INFO]: [Mythic] Reloading plugin...
[11:50:17] [Server thread/INFO]: [MythicMobs] Saving plugin data...
[11:50:17] [Server thread/INFO]: [MythicMobs] ✓Saving Finished
[11:50:17] [Server thread/INFO]: [MythicMobs] Loading Packs...
[11:50:18] [Server thread/INFO]: [MythicMobs] Loading Items...
[11:50:18] [Server thread/INFO]: [MythicMobs] Loading Item Groups...
[11:50:18] [Server thread/INFO]: [MythicMobs] Loading Skills...
[11:50:18] [Server thread/WARN]: [MythicMobs] Error loading mob 'SkeletalKnight'. Enable debugging for a stack trace.
[11:50:18] [Server thread/INFO]: [MythicMobs] Loading Drop Tables...
[11:50:18] [Server thread/INFO]: [MythicMobs] Loading Random Spawns...
[11:50:18] [Server thread/INFO]: [MythicMobs] Loading Spawn Blocks...
[11:50:18] [Server thread/WARN]: [MythicMobs] ✗ Configuration Error in Mechanic summon
[11:50:18] [Server thread/WARN]: [MythicMobs] --| Skill: SummonPiglets | File: /workspaces/server/server/plugins/MythicMobs/skills/ExampleSkills.yml
[11:50:18] [Server thread/WARN]: [MythicMobs] --| Error Message: The 'type' attribute must be a valid MythicMob or MythicEntity type.
[11:50:18] [Server thread/WARN]: [MythicMobs] --| Mechanic Line: summon{m=BabyPiglet;a=3;y=0.5;spread=2}
[11:50:18] [Server thread/WARN]: [MythicMobs] ✗ Configuration Error in Mechanic summon
[11:50:18] [Server thread/WARN]: [MythicMobs] --| Mob: WarriorZombie | File: /workspaces/server/server/plugins/MythicMobs/mobs/ExampleMobs.yml
[11:50:18] [Server thread/WARN]: [MythicMobs] --| Error Message: The 'type' attribute must be a valid MythicMob or MythicEntity type.
[11:50:18] [Server thread/WARN]: [MythicMobs] --| Mechanic Line: summon{m=ZombieMinion;a=2}
[11:50:18] [Server thread/INFO]: [MythicMobs] ✓ Loaded 10 mobs.
[11:50:18] [Server thread/INFO]: [MythicMobs] ✓ Loaded 3 vanilla mob overrides.
[11:50:18] [Server thread/INFO]: [MythicMobs] ✓ Loaded 0 mob stacks.
[11:50:18] [Server thread/INFO]: [MythicMobs] ✓ Loaded 10 skills.
[11:50:18] [Server thread/INFO]: [MythicMobs] ✓ Loaded 0 random spawns.
[11:50:18] [Server thread/INFO]: [MythicMobs] ✓ Loaded 4 mythic items.
[11:50:18] [Server thread/INFO]: [MythicMobs] ✓ Loaded 4 drop tables.
[11:50:18] [Server thread/INFO]: [MythicMobs] ✓ Loaded 2 mob spawners.
[11:50:18] [Server thread/INFO]: [Mythic] Mythic has finished reloading!
[11:50:18] [Server thread/INFO]: [MythicMobs] Mythic has finished reloading!
[11:50:18] [Server thread/WARN]: [MythicMobs] ✗ Configuration Error in Mechanic CustomMechanic:NULL
[11:50:18] [Server thread/WARN]: [MythicMobs] --| Mob: BossBaoVe | File: /workspaces/server/server/plugins/MythicMobs/mobs/BossBaoVe.yml
[11:50:18] [Server thread/WARN]: [MythicMobs] --| Error Message: Failed to load custom mechanic ATTACK
[11:50:18] [Server thread/WARN]: [MythicMobs] --| Mechanic Line: attack
[11:50:33] [Server thread/INFO]: Named entity Zombie['Kẻ Bảo Vệ Lãnh Địa'/40820, uuid='4275c127-9bde-4d96-9229-5cd040e5dcd8', l='ServerLevel[world]', x=-83.43, y=116.00, z=-816.06, cpos=[-6, -52], tl=6663, v=true] died: Kẻ Bảo Vệ Lãnh Địa was slain by gzzzgzzz
[11:50:53] [Server thread/INFO]: gzzzgzzz lost connection: Disconnected
[11:50:53] [Server thread/INFO]: gzzzgzzz left the game
[11:51:09] [Server thread/INFO]: BÁC AN DỌN RÁC • Dọn lag trong 15 giây
[11:51:24] [Server thread/INFO]: BÁC AN DỌN RÁC • Đã xóa 4 vật phẩm rơi
[11:51:42] [Craft Scheduler Thread - 511 - AuraSkills/WARN]: [AuraSkills] Invalid player data file name: e9c246cc-bc31-3fef-9a9c-b34d773135e6.yml
[11:52:04] [Server thread/INFO]: [Mythic] Reloading plugin...
[11:52:04] [Server thread/INFO]: [MythicMobs] Saving plugin data...
[11:52:04] [Server thread/INFO]: [MythicMobs] ✓Saving Finished
[11:52:04] [Server thread/INFO]: [MythicMobs] Loading Packs...
[11:52:04] [Server thread/INFO]: [MythicMobs] Loading Items...
[11:52:04] [Server thread/INFO]: [MythicMobs] Loading Item Groups...
[11:52:04] [Server thread/INFO]: [MythicMobs] Loading Skills...
[11:52:04] [Server thread/WARN]: [MythicMobs] Error loading mob 'SkeletalKnight'. Enable debugging for a stack trace.
[11:52:04] [Server thread/INFO]: [MythicMobs] Loading Drop Tables...
[11:52:04] [Server thread/INFO]: [MythicMobs] Loading Random Spawns...
[11:52:04] [Server thread/INFO]: [MythicMobs] Loading Spawn Blocks...
[11:52:04] [Server thread/WARN]: [MythicMobs] ✗ Configuration Error in Mechanic summon
[11:52:04] [Server thread/WARN]: [MythicMobs] --| Skill: SummonPiglets | File: /workspaces/server/server/plugins/MythicMobs/skills/ExampleSkills.yml
[11:52:04] [Server thread/WARN]: [MythicMobs] --| Error Message: The 'type' attribute must be a valid MythicMob or MythicEntity type.
[11:52:04] [Server thread/WARN]: [MythicMobs] --| Mechanic Line: summon{m=BabyPiglet;a=3;y=0.5;spread=2}
[11:52:04] [Server thread/WARN]: [MythicMobs] ✗ Configuration Error in Mechanic summon
[11:52:04] [Server thread/WARN]: [MythicMobs] --| Mob: WarriorZombie | File: /workspaces/server/server/plugins/MythicMobs/mobs/ExampleMobs.yml
[11:52:04] [Server thread/WARN]: [MythicMobs] --| Error Message: The 'type' attribute must be a valid MythicMob or MythicEntity type.
[11:52:04] [Server thread/WARN]: [MythicMobs] --| Mechanic Line: summon{m=ZombieMinion;a=2}
[11:52:04] [Server thread/INFO]: [MythicMobs] ✓ Loaded 10 mobs.
[11:52:04] [Server thread/INFO]: [MythicMobs] ✓ Loaded 3 vanilla mob overrides.
[11:52:04] [Server thread/INFO]: [MythicMobs] ✓ Loaded 0 mob stacks.
[11:52:04] [Server thread/INFO]: [MythicMobs] ✓ Loaded 10 skills.
[11:52:04] [Server thread/INFO]: [MythicMobs] ✓ Loaded 0 random spawns.
[11:52:04] [Server thread/INFO]: [MythicMobs] ✓ Loaded 4 mythic items.
[11:52:04] [Server thread/INFO]: [MythicMobs] ✓ Loaded 4 drop tables.
[11:52:04] [Server thread/INFO]: [MythicMobs] ✓ Loaded 2 mob spawners.
[11:52:05] [Server thread/INFO]: [Mythic] Mythic has finished reloading!
[11:52:05] [Server thread/INFO]: [MythicMobs] Mythic has finished reloading!
[11:52:05] [Server thread/WARN]: [MythicMobs] ✗ Configuration Error in Mechanic CustomMechanic:NULL
[11:52:05] [Server thread/WARN]: [MythicMobs] --| Mob: BossBaoVe | File: /workspaces/server/server/plugins/MythicMobs/mobs/BossBaoVe.yml
[11:52:05] [Server thread/WARN]: [MythicMobs] --| Error Message: Failed to load custom mechanic ATTACK
[11:52:05] [Server thread/WARN]: [MythicMobs] --| Mechanic Line: attack
[11:52:12] [Server thread/WARN]: [MythicMobs] The 'type' attribute must be a valid MythicMob or MythicEntity type. Spawned from a placeholder summon mechanic, no MLC available. Mob String: BabyPiglet
[11:52:12] [Server thread/WARN]: [MythicMobs] SummonMechanic: Mob Type BabyPiglet not found
[11:52:32] [Server thread/WARN]: [MythicMobs] The 'type' attribute must be a valid MythicMob or MythicEntity type. Spawned from a placeholder summon mechanic, no MLC available. Mob String: BabyPiglet
[11:52:32] [Server thread/WARN]: [MythicMobs] SummonMechanic: Mob Type BabyPiglet not found
[11:53:12] [Server thread/WARN]: [MythicMobs] The 'type' attribute must be a valid MythicMob or MythicEntity type. Spawned from a placeholder summon mechanic, no MLC available. Mob String: BabyPiglet
[11:53:12] [Server thread/WARN]: [MythicMobs] SummonMechanic: Mob Type BabyPiglet not found
[11:53:14] [Server thread/INFO]: [Mythic] Reloading plugin...
[11:53:14] [Server thread/INFO]: [MythicMobs] Saving plugin data...
[11:53:14] [Server thread/INFO]: [MythicMobs] ✓Saving Finished
[11:53:14] [Server thread/INFO]: [MythicMobs] Loading Packs...
[11:53:14] [Server thread/INFO]: [MythicMobs] Loading Items...
[11:53:14] [Server thread/INFO]: [MythicMobs] Loading Item Groups...
[11:53:14] [Server thread/INFO]: [MythicMobs] Loading Skills...
[11:53:15] [Server thread/WARN]: [MythicMobs] Error loading mob 'SkeletalKnight'. Enable debugging for a stack trace.
[11:53:15] [Server thread/INFO]: [MythicMobs] Loading Drop Tables...
[11:53:15] [Server thread/INFO]: [MythicMobs] Loading Random Spawns...
[11:53:15] [Server thread/INFO]: [MythicMobs] Loading Spawn Blocks...
[11:53:15] [Server thread/WARN]: [MythicMobs] ✗ Configuration Error in Mechanic summon
[11:53:15] [Server thread/WARN]: [MythicMobs] --| Skill: SummonPiglets | File: /workspaces/server/server/plugins/MythicMobs/skills/ExampleSkills.yml
[11:53:15] [Server thread/WARN]: [MythicMobs] --| Error Message: The 'type' attribute must be a valid MythicMob or MythicEntity type.
[11:53:15] [Server thread/WARN]: [MythicMobs] --| Mechanic Line: summon{m=BabyPiglet;a=3;y=0.5;spread=2}
[11:53:15] [Server thread/WARN]: [MythicMobs] ✗ Configuration Error in Mechanic summon
[11:53:15] [Server thread/WARN]: [MythicMobs] --| Mob: WarriorZombie | File: /workspaces/server/server/plugins/MythicMobs/mobs/ExampleMobs.yml
[11:53:15] [Server thread/WARN]: [MythicMobs] --| Error Message: The 'type' attribute must be a valid MythicMob or MythicEntity type.
[11:53:15] [Server thread/WARN]: [MythicMobs] --| Mechanic Line: summon{m=ZombieMinion;a=2}
[11:53:15] [Server thread/INFO]: [MythicMobs] ✓ Loaded 10 mobs.
[11:53:15] [Server thread/INFO]: [MythicMobs] ✓ Loaded 3 vanilla mob overrides.
[11:53:15] [Server thread/INFO]: [MythicMobs] ✓ Loaded 0 mob stacks.
[11:53:15] [Server thread/INFO]: [MythicMobs] ✓ Loaded 10 skills.
[11:53:15] [Server thread/INFO]: [MythicMobs] ✓ Loaded 0 random spawns.
[11:53:15] [Server thread/INFO]: [MythicMobs] ✓ Loaded 4 mythic items.
[11:53:15] [Server thread/INFO]: [MythicMobs] ✓ Loaded 4 drop tables.
[11:53:15] [Server thread/INFO]: [MythicMobs] ✓ Loaded 2 mob spawners.
[11:53:15] [Server thread/INFO]: [Mythic] Mythic has finished reloading!
[11:53:15] [Server thread/INFO]: [MythicMobs] Mythic has finished reloading!
[11:53:15] [Server thread/WARN]: [MythicMobs] ✗ Configuration Error in Mechanic CustomMechanic:NULL
[11:53:15] [Server thread/WARN]: [MythicMobs] --| Mob: BossBaoVe | File: /workspaces/server/server/plugins/MythicMobs/mobs/BossBaoVe.yml
[11:53:15] [Server thread/WARN]: [MythicMobs] --| Error Message: Failed to load custom mechanic ATTACK
[11:53:15] [Server thread/WARN]: [MythicMobs] --| Mechanic Line: attack
[11:53:32] [Server thread/WARN]: [MythicMobs] The 'type' attribute must be a valid MythicMob or MythicEntity type. Spawned from a placeholder summon mechanic, no MLC available. Mob String: BabyPiglet
[11:53:32] [Server thread/WARN]: [MythicMobs] SummonMechanic: Mob Type BabyPiglet not found
[11:53:52] [Server thread/WARN]: [MythicMobs] The 'type' attribute must be a valid MythicMob or MythicEntity type. Spawned from a placeholder summon mechanic, no MLC available. Mob String: BabyPiglet
[11:53:52] [Server thread/WARN]: [MythicMobs] SummonMechanic: Mob Type BabyPiglet not found
[11:54:09] [Server thread/INFO]: BÁC AN DỌN RÁC • Dọn lag trong 15 giây
[11:54:24] [Server thread/INFO]: BÁC AN DỌN RÁC • Đã xóa 1 vật phẩm rơi
[11:54:27] [Server thread/INFO]: [Mythic] Reloading plugin...
[11:54:27] [Server thread/INFO]: [MythicMobs] Saving plugin data...
[11:54:27] [Server thread/INFO]: [MythicMobs] ✓Saving Finished
[11:54:27] [Server thread/INFO]: [MythicMobs] Loading Packs...
[11:54:28] [Server thread/INFO]: [MythicMobs] Loading Items...
[11:54:28] [Server thread/INFO]: [MythicMobs] Loading Item Groups...
[11:54:28] [Server thread/INFO]: [MythicMobs] Loading Skills...
[11:54:28] [Server thread/WARN]: [MythicMobs] Error loading mob 'SkeletalKnight'. Enable debugging for a stack trace.
[11:54:28] [Server thread/INFO]: [MythicMobs] Loading Drop Tables...
[11:54:28] [Server thread/INFO]: [MythicMobs] Loading Random Spawns...
[11:54:28] [Server thread/INFO]: [MythicMobs] Loading Spawn Blocks...
[11:54:28] [Server thread/WARN]: [MythicMobs] ✗ Configuration Error in Mechanic summon
[11:54:28] [Server thread/WARN]: [MythicMobs] --| Skill: SummonPiglets | File: /workspaces/server/server/plugins/MythicMobs/skills/ExampleSkills.yml
[11:54:28] [Server thread/WARN]: [MythicMobs] --| Error Message: The 'type' attribute must be a valid MythicMob or MythicEntity type.
[11:54:28] [Server thread/WARN]: [MythicMobs] --| Mechanic Line: summon{m=BabyPiglet;a=3;y=0.5;spread=2}
[11:54:28] [Server thread/WARN]: [MythicMobs] ✗ Configuration Error in Mechanic summon
[11:54:28] [Server thread/WARN]: [MythicMobs] --| Mob: WarriorZombie | File: /workspaces/server/server/plugins/MythicMobs/mobs/ExampleMobs.yml
[11:54:28] [Server thread/WARN]: [MythicMobs] --| Error Message: The 'type' attribute must be a valid MythicMob or MythicEntity type.
[11:54:28] [Server thread/WARN]: [MythicMobs] --| Mechanic Line: summon{m=ZombieMinion;a=2}
[11:54:28] [Server thread/INFO]: [MythicMobs] ✓ Loaded 10 mobs.
[11:54:28] [Server thread/INFO]: [MythicMobs] ✓ Loaded 3 vanilla mob overrides.
[11:54:28] [Server thread/INFO]: [MythicMobs] ✓ Loaded 0 mob stacks.
[11:54:28] [Server thread/INFO]: [MythicMobs] ✓ Loaded 10 skills.
[11:54:28] [Server thread/INFO]: [MythicMobs] ✓ Loaded 0 random spawns.
[11:54:28] [Server thread/INFO]: [MythicMobs] ✓ Loaded 4 mythic items.
[11:54:28] [Server thread/INFO]: [MythicMobs] ✓ Loaded 4 drop tables.
[11:54:28] [Server thread/INFO]: [MythicMobs] ✓ Loaded 2 mob spawners.
[11:54:28] [Server thread/INFO]: [Mythic] Mythic has finished reloading!
[11:54:28] [Server thread/INFO]: [MythicMobs] Mythic has finished reloading!
[11:54:42] [Server thread/INFO]: [Mythic] Reloading plugin...
[11:54:42] [Server thread/INFO]: [MythicMobs] Saving plugin data...
[11:54:42] [Server thread/INFO]: [MythicMobs] ✓Saving Finished
[11:54:42] [Server thread/INFO]: [MythicMobs] Loading Packs...
[11:54:43] [Server thread/INFO]: [MythicMobs] Loading Items...
[11:54:43] [Server thread/INFO]: [MythicMobs] Loading Item Groups...
[11:54:43] [Server thread/INFO]: [MythicMobs] Loading Skills...
[11:54:43] [Server thread/WARN]: [MythicMobs] Error loading mob 'SkeletalKnight'. Enable debugging for a stack trace.
[11:54:43] [Server thread/INFO]: [MythicMobs] Loading Drop Tables...
[11:54:43] [Server thread/INFO]: [MythicMobs] Loading Random Spawns...
[11:54:43] [Server thread/INFO]: [MythicMobs] Loading Spawn Blocks...
[11:54:43] [Server thread/WARN]: [MythicMobs] ✗ Configuration Error in Mechanic summon
[11:54:43] [Server thread/WARN]: [MythicMobs] --| Skill: SummonPiglets | File: /workspaces/server/server/plugins/MythicMobs/skills/ExampleSkills.yml
[11:54:43] [Server thread/WARN]: [MythicMobs] --| Error Message: The 'type' attribute must be a valid MythicMob or MythicEntity type.
[11:54:43] [Server thread/WARN]: [MythicMobs] --| Mechanic Line: summon{m=BabyPiglet;a=3;y=0.5;spread=2}
[11:54:43] [Server thread/WARN]: [MythicMobs] ✗ Configuration Error in Mechanic summon
[11:54:43] [Server thread/WARN]: [MythicMobs] --| Mob: WarriorZombie | File: /workspaces/server/server/plugins/MythicMobs/mobs/ExampleMobs.yml
[11:54:43] [Server thread/WARN]: [MythicMobs] --| Error Message: The 'type' attribute must be a valid MythicMob or MythicEntity type.
[11:54:43] [Server thread/WARN]: [MythicMobs] --| Mechanic Line: summon{m=ZombieMinion;a=2}
[11:54:43] [Server thread/INFO]: [MythicMobs] ✓ Loaded 10 mobs.
[11:54:43] [Server thread/INFO]: [MythicMobs] ✓ Loaded 3 vanilla mob overrides.
[11:54:43] [Server thread/INFO]: [MythicMobs] ✓ Loaded 0 mob stacks.
[11:54:43] [Server thread/INFO]: [MythicMobs] ✓ Loaded 10 skills.
[11:54:43] [Server thread/INFO]: [MythicMobs] ✓ Loaded 0 random spawns.
[11:54:43] [Server thread/INFO]: [MythicMobs] ✓ Loaded 4 mythic items.
[11:54:43] [Server thread/INFO]: [MythicMobs] ✓ Loaded 4 drop tables.
[11:54:43] [Server thread/INFO]: [MythicMobs] ✓ Loaded 2 mob spawners.
[11:54:43] [Server thread/INFO]: [Mythic] Mythic has finished reloading!
[11:54:43] [Server thread/INFO]: [MythicMobs] Mythic has finished reloading!
[11:54:52] [Server thread/WARN]: [MythicMobs] The 'type' attribute must be a valid MythicMob or MythicEntity type. Spawned from a placeholder summon mechanic, no MLC available. Mob String: BabyPiglet
[11:54:52] [Server thread/WARN]: [MythicMobs] SummonMechanic: Mob Type BabyPiglet not found
[11:55:18] [Server thread/INFO]: [Mythic] Reloading plugin...
[11:55:18] [Server thread/INFO]: [MythicMobs] Saving plugin data...
[11:55:18] [Server thread/INFO]: [MythicMobs] ✓Saving Finished
[11:55:18] [Server thread/INFO]: [MythicMobs] Loading Packs...
[11:55:18] [Server thread/INFO]: [MythicMobs] Loading Items...
[11:55:18] [Server thread/INFO]: [MythicMobs] Loading Item Groups...
[11:55:18] [Server thread/INFO]: [MythicMobs] Loading Skills...
[11:55:18] [Server thread/WARN]: [MythicMobs] Error loading mob 'SkeletalKnight'. Enable debugging for a stack trace.
[11:55:18] [Server thread/INFO]: [MythicMobs] Loading Drop Tables...
[11:55:18] [Server thread/INFO]: [MythicMobs] Loading Random Spawns...
[11:55:18] [Server thread/INFO]: [MythicMobs] Loading Spawn Blocks...
[11:55:18] [Server thread/WARN]: [MythicMobs] ✗ Configuration Error in Mechanic summon
[11:55:18] [Server thread/WARN]: [MythicMobs] --| Skill: SummonPiglets | File: /workspaces/server/server/plugins/MythicMobs/skills/ExampleSkills.yml
[11:55:18] [Server thread/WARN]: [MythicMobs] --| Error Message: The 'type' attribute must be a valid MythicMob or MythicEntity type.
[11:55:18] [Server thread/WARN]: [MythicMobs] --| Mechanic Line: summon{m=BabyPiglet;a=3;y=0.5;spread=2}
[11:55:18] [Server thread/INFO]: [MythicMobs] ✓ Loaded 10 mobs.
[11:55:18] [Server thread/INFO]: [MythicMobs] ✓ Loaded 3 vanilla mob overrides.
[11:55:18] [Server thread/INFO]: [MythicMobs] ✓ Loaded 0 mob stacks.
[11:55:18] [Server thread/INFO]: [MythicMobs] ✓ Loaded 10 skills.
[11:55:18] [Server thread/INFO]: [MythicMobs] ✓ Loaded 0 random spawns.
[11:55:18] [Server thread/INFO]: [MythicMobs] ✓ Loaded 4 mythic items.
[11:55:18] [Server thread/INFO]: [MythicMobs] ✓ Loaded 4 drop tables.
[11:55:18] [Server thread/INFO]: [MythicMobs] ✓ Loaded 2 mob spawners.
[11:55:18] [Server thread/INFO]: [Mythic] Mythic has finished reloading!
[11:55:18] [Server thread/INFO]: [MythicMobs] Mythic has finished reloading!
[11:55:32] [Server thread/WARN]: [MythicMobs] The 'type' attribute must be a valid MythicMob or MythicEntity type. Spawned from a placeholder summon mechanic, no MLC available. Mob String: BabyPiglet
[11:55:32] [Server thread/WARN]: [MythicMobs] SummonMechanic: Mob Type BabyPiglet not found
[11:56:42] [Server thread/WARN]: [MythicMobs] The 'type' attribute must be a valid MythicMob or MythicEntity type. Spawned from a placeholder summon mechanic, no MLC available. Mob String: BabyPiglet
[11:56:42] [Server thread/WARN]: [MythicMobs] SummonMechanic: Mob Type BabyPiglet not found
[11:56:42] [Craft Scheduler Thread - 529 - AuraSkills/WARN]: [AuraSkills] Invalid player data file name: e9c246cc-bc31-3fef-9a9c-b34d773135e6.yml
[11:57:06] [Server thread/INFO]: [Mythic] Reloading plugin...
[11:57:06] [Server thread/INFO]: [MythicMobs] Saving plugin data...
[11:57:06] [Server thread/INFO]: [MythicMobs] ✓Saving Finished
[11:57:06] [Server thread/INFO]: [MythicMobs] Loading Packs...
[11:57:07] [Server thread/INFO]: [MythicMobs] Loading Items...
[11:57:07] [Server thread/INFO]: [MythicMobs] Loading Item Groups...
[11:57:07] [Server thread/INFO]: [MythicMobs] Loading Skills...
[11:57:07] [Server thread/WARN]: [MythicMobs] Error loading mob 'SkeletalKnight'. Enable debugging for a stack trace.
[11:57:07] [Server thread/INFO]: [MythicMobs] Loading Drop Tables...
[11:57:07] [Server thread/INFO]: [MythicMobs] Loading Random Spawns...
[11:57:07] [Server thread/INFO]: [MythicMobs] Loading Spawn Blocks...
[11:57:07] [Server thread/INFO]: [MythicMobs] ✓ Loaded 11 mobs.
[11:57:07] [Server thread/INFO]: [MythicMobs] ✓ Loaded 3 vanilla mob overrides.
[11:57:07] [Server thread/INFO]: [MythicMobs] ✓ Loaded 0 mob stacks.
[11:57:07] [Server thread/INFO]: [MythicMobs] ✓ Loaded 10 skills.
[11:57:07] [Server thread/INFO]: [MythicMobs] ✓ Loaded 0 random spawns.
[11:57:07] [Server thread/INFO]: [MythicMobs] ✓ Loaded 4 mythic items.
[11:57:07] [Server thread/INFO]: [MythicMobs] ✓ Loaded 4 drop tables.
[11:57:07] [Server thread/INFO]: [MythicMobs] ✓ Loaded 2 mob spawners.
[11:57:07] [Server thread/INFO]: [Mythic] Mythic has finished reloading!
[11:57:07] [Server thread/INFO]: [MythicMobs] Mythic has finished reloading!
[11:57:09] [Server thread/INFO]: BÁC AN DỌN RÁC • Dọn lag trong 15 giây
[11:57:24] [Server thread/INFO]: BÁC AN DỌN RÁC • Đã xóa 1 vật phẩm rơi
[11:57:25] [Server thread/INFO]: Anhahahaha issued server command: /gamemode survival
[11:57:41] [Server thread/INFO]: Anhahahaha burned to death
[11:57:48] [Server thread/INFO]: Anhahahaha issued server command: /tp -86 114 -807.256
[11:57:52] [Server thread/INFO]: Anhahahaha was slain by Kẻ Bảo Vệ Lãnh Địa
[11:58:20] [Server thread/INFO]: Anhahahaha issued server command: /gamemode creative
[11:58:23] [Server thread/INFO]: Anhahahaha issued server command: /tp -86 114 -807.256
[11:58:40] [Server thread/INFO]: Named entity Hoglin['Heo Địa Ngục'/43794, uuid='001c1f2f-e7b7-4ff5-8d09-a6602d8d6dff', l='ServerLevel[world]', x=-80.82, y=117.00, z=-807.50, cpos=[-6, -51], tl=160, v=true] died: Heo Địa Ngục was slain by Anhahahaha
[11:58:44] [Server thread/INFO]: Named entity Hoglin['Heo Địa Ngục'/43796, uuid='86e0ea48-fa36-4b2e-896a-b1e701a8a6dc', l='ServerLevel[world]', x=-85.32, y=115.00, z=-806.16, cpos=[-6, -51], tl=246, v=true] died: Heo Địa Ngục was slain by Anhahahaha
[11:58:46] [Server thread/INFO]: Named entity Hoglin['Heo Địa Ngục'/43795, uuid='71e06e3a-8474-4d10-b063-841672dfda06', l='ServerLevel[world]', x=-86.89, y=114.00, z=-806.15, cpos=[-6, -51], tl=276, v=true] died: Heo Địa Ngục was slain by Anhahahaha
[11:58:56] [Server thread/INFO]: Named entity Hoglin['Heo Địa Ngục'/43824, uuid='c3d2d334-4822-4fa1-87b1-c6d46c1a0439', l='ServerLevel[world]', x=-86.75, y=115.00, z=-805.80, cpos=[-6, -51], tl=75, v=true] died: Heo Địa Ngục was slain by Anhahahaha
[11:58:58] [Server thread/INFO]: Named entity Hoglin['Heo Địa Ngục'/43823, uuid='066e82fa-2a74-4f40-8a82-df98f2d72cdb', l='ServerLevel[world]', x=-85.46, y=115.23, z=-805.44, cpos=[-6, -51], tl=118, v=true] died: Heo Địa Ngục was slain by Anhahahaha
[11:59:00] [Server thread/INFO]: Named entity Hoglin['Heo Địa Ngục'/43822, uuid='af5c1a0e-56a6-45e7-9fd5-7846f3b0a7ef', l='ServerLevel[world]', x=-84.33, y=116.00, z=-803.33, cpos=[-6, -51], tl=161, v=true] died: Heo Địa Ngục suffocated in a wall
[11:59:35] [Server thread/INFO]: Named entity Hoglin['Heo Địa Ngục'/43907, uuid='5459c39c-cdca-4226-b15f-e50ba497cb26', l='ServerLevel[world]', x=-96.17, y=111.00, z=-807.83, cpos=[-7, -51], tl=63, v=true] died: Heo Địa Ngục was slain by Anhahahaha
[11:59:37] [Server thread/INFO]: Named entity Hoglin['Heo Địa Ngục'/43906, uuid='b89ce3af-7ce7-4d7a-a198-4962c3543784', l='ServerLevel[world]', x=-94.69, y=111.00, z=-809.31, cpos=[-6, -51], tl=106, v=true] died: Heo Địa Ngục was struck by lightning while fighting Anhahahaha
[11:59:40] [Server thread/INFO]: Named entity Hoglin['Heo Địa Ngục'/43905, uuid='19728992-e05d-4a55-872c-779f173edeef', l='ServerLevel[world]', x=-99.85, y=111.00, z=-806.11, cpos=[-7, -51], tl=161, v=true] died: Heo Địa Ngục was slain by Anhahahaha
[11:59:56] [Server thread/INFO]: Named entity Hoglin['Heo Địa Ngục'/43955, uuid='225acfec-3397-4f04-b248-8c72f153285b', l='ServerLevel[world]', x=-101.21, y=114.00, z=-798.64, cpos=[-7, -50], tl=74, v=true] died: Heo Địa Ngục was slain by Anhahahaha
[12:00:01] [Server thread/INFO]: Named entity Hoglin['Heo Địa Ngục'/43957, uuid='0b24dae9-f438-49c9-a392-31924da05c22', l='ServerLevel[world]', x=-98.15, y=114.00, z=-794.83, cpos=[-7, -50], tl=182, v=true] died: Heo Địa Ngục was slain by Anhahahaha
[12:00:09] [Server thread/INFO]: BÁC AN DỌN RÁC • Dọn lag trong 15 giây
[12:00:24] [Server thread/INFO]: BÁC AN DỌN RÁC • Đã xóa 1 vật phẩm rơi
[12:00:28] [Server thread/INFO]: Anhahahaha lost connection: Timed out
[12:00:28] [Server thread/INFO]: Anhahahaha left the game
[12:01:42] [Craft Scheduler Thread - 542 - AuraSkills/WARN]: [AuraSkills] Invalid player data file name: e9c246cc-bc31-3fef-9a9c-b34d773135e6.yml
[12:03:09] [Server thread/INFO]: BÁC AN DỌN RÁC • Dọn lag trong 15 giây
[12:03:24] [Server thread/INFO]: BÁC AN DỌN RÁC • Đã xóa 0 vật phẩm rơi
[12:06:09] [Server thread/INFO]: BÁC AN DỌN RÁC • Dọn lag trong 15 giây
[12:06:24] [Server thread/INFO]: BÁC AN DỌN RÁC • Đã xóa 0 vật phẩm rơi
[12:06:42] [Craft Scheduler Thread - 558 - AuraSkills/WARN]: [AuraSkills] Invalid player data file name: e9c246cc-bc31-3fef-9a9c-b34d773135e6.yml
[12:08:28] [User Authenticator #12/INFO]: UUID of player Anhahahaha is f91eca1e-d0e6-3f71-9a41-5e8a1af0a9d4
[12:08:32] [Server thread/INFO]: Anhahahaha joined the game
[12:08:32] [Server thread/INFO]: Anhahahaha[/[0:0:0:0:0:0:0:1%0]:58624] logged in with entity id 44042 at ([world]-99.6332358084061, 113.0, -797.9499398612163)
[12:08:57] [Server thread/INFO]: Named entity Hoglin['Heo Địa Ngục'/44276, uuid='26e0a39b-d93c-41f9-a376-94c03b84ff79', l='ServerLevel[world]', x=-90.87, y=113.00, z=-807.32, cpos=[-6, -51], tl=101, v=true] died: Heo Địa Ngục was struck by lightning while fighting Anhahahaha
[12:08:58] [Server thread/INFO]: Named entity Hoglin['Heo Địa Ngục'/44278, uuid='d1b78cd4-fe63-49c2-bdae-c5edfd6ddc9d', l='ServerLevel[world]', x=-95.32, y=112.00, z=-808.21, cpos=[-6, -51], tl=108, v=true] died: Heo Địa Ngục was struck by lightning while fighting Anhahahaha
[12:09:05] [Server thread/INFO]: Named entity Zombie['Kẻ Bảo Vệ Lãnh Địa'/44044, uuid='9e558b47-b5e0-4c39-81ad-76d80e7deb45', l='ServerLevel[world]', x=-87.26, y=116.00, z=-812.72, cpos=[-6, -51], tl=12115, v=true] died: Kẻ Bảo Vệ Lãnh Địa was slain by Anhahahaha
[12:09:09] [Server thread/INFO]: BÁC AN DỌN RÁC • Dọn lag trong 15 giây
[12:09:20] [Server thread/INFO]: Named entity Hoglin['Heo Địa Ngục'/44326, uuid='80a8b17e-b6a8-49e4-99d4-cfc52a5019e2', l='ServerLevel[world]', x=-79.67, y=114.00, z=-809.67, cpos=[-5, -51], tl=161, v=true] died: Heo Địa Ngục suffocated in a wall
[12:09:20] [Server thread/INFO]: Named entity Hoglin['Heo Địa Ngục'/44325, uuid='83ef8fb8-c188-42e1-b023-21badbfc85e7', l='ServerLevel[world]', x=-81.91, y=114.00, z=-811.19, cpos=[-6, -51], tl=163, v=true] died: Heo Địa Ngục was slain by Anhahahaha
[12:09:22] [Server thread/INFO]: Named entity Hoglin['Heo Địa Ngục'/44327, uuid='2aa31c15-29ab-4797-88ef-725c2bd2df05', l='ServerLevel[world]', x=-79.71, y=114.00, z=-811.18, cpos=[-5, -51], tl=205, v=true] died: Heo Địa Ngục was slain by Anhahahaha
[12:09:24] [Server thread/INFO]: BÁC AN DỌN RÁC • Đã xóa 4 vật phẩm rơi
[12:09:35] [Server thread/INFO]: Named entity Hoglin['Heo Địa Ngục'/44277, uuid='abe087e6-b132-4d9a-bc4a-b0aebc17a1d9', l='ServerLevel[world]', x=-89.45, y=114.02, z=-806.88, cpos=[-6, -51], tl=862, v=true] died: Heo Địa Ngục was slain by Anhahahaha
[12:09:43] [Server thread/INFO]: Named entity Hoglin['Heo Địa Ngục'/44370, uuid='328b00e4-01e7-4c09-8b89-8af2a20c5cec', l='ServerLevel[world]', x=-79.77, y=117.00, z=-806.39, cpos=[-5, -51], tl=226, v=true] died: Heo Địa Ngục suffocated in a wall
[12:10:07] [Server thread/INFO]: Named entity Hoglin['Heo Địa Ngục'/44371, uuid='158713a3-82a1-4cc3-817c-0b5ad41e5294', l='ServerLevel[world]', x=-86.19, y=116.00, z=-805.46, cpos=[-6, -51], tl=701, v=true] died: Heo Địa Ngục was struck by lightning
[12:10:17] [Server thread/INFO]: Named entity Hoglin['Heo Địa Ngục'/44369, uuid='ce4a1a8e-3128-4895-a975-e4938b88fe9e', l='ServerLevel[world]', x=-84.43, y=114.00, z=-808.62, cpos=[-6, -51], tl=901, v=true] died: Heo Địa Ngục was struck by lightning
[12:10:37] [Server thread/INFO]: Named entity Hoglin['Heo Địa Ngục'/44460, uuid='18e91573-ad8c-4a54-aff5-70e4ca233a3b', l='ServerLevel[world]', x=-86.79, y=114.00, z=-806.77, cpos=[-6, -51], tl=301, v=true] died: Heo Địa Ngục was struck by lightning
[12:10:38] [Server thread/INFO]: Named entity Hoglin['Heo Địa Ngục'/44459, uuid='74c80e7a-585a-40eb-887c-ff6e518ba913', l='ServerLevel[world]', x=-83.77, y=115.17, z=-809.27, cpos=[-6, -51], tl=316, v=true] died: Heo Địa Ngục was struck by lightning
[12:10:49] [Server thread/INFO]: [Mythic] Reloading plugin...
[12:10:49] [Server thread/INFO]: [MythicMobs] Saving plugin data...
[12:10:49] [Server thread/INFO]: [MythicMobs] ✓Saving Finished
[12:10:49] [Server thread/INFO]: [MythicMobs] Loading Packs...
[12:10:49] [Server thread/INFO]: [MythicMobs] Loading Items...
[12:10:49] [Server thread/INFO]: [MythicMobs] Loading Item Groups...
[12:10:49] [Server thread/INFO]: [MythicMobs] Loading Skills...
[12:10:49] [Server thread/WARN]: [MythicMobs] Error loading mob 'SkeletalKnight'. Enable debugging for a stack trace.
[12:10:49] [Server thread/INFO]: [MythicMobs] Loading Drop Tables...
[12:10:49] [Server thread/INFO]: [MythicMobs] Loading Random Spawns...
[12:10:49] [Server thread/INFO]: [MythicMobs] Loading Spawn Blocks...
[12:10:49] [Server thread/INFO]: [MythicMobs] ✓ Loaded 11 mobs.
[12:10:49] [Server thread/INFO]: [MythicMobs] ✓ Loaded 3 vanilla mob overrides.
[12:10:49] [Server thread/INFO]: [MythicMobs] ✓ Loaded 0 mob stacks.
[12:10:49] [Server thread/INFO]: [MythicMobs] ✓ Loaded 10 skills.
[12:10:49] [Server thread/INFO]: [MythicMobs] ✓ Loaded 0 random spawns.
[12:10:49] [Server thread/INFO]: [MythicMobs] ✓ Loaded 4 mythic items.
[12:10:49] [Server thread/INFO]: [MythicMobs] ✓ Loaded 4 drop tables.
[12:10:49] [Server thread/INFO]: [MythicMobs] ✓ Loaded 2 mob spawners.
[12:10:49] [Server thread/INFO]: [Mythic] Mythic has finished reloading!
[12:10:49] [Server thread/INFO]: [MythicMobs] Mythic has finished reloading!
[12:10:56] [Server thread/INFO]: Named entity Hoglin['Heo Địa Ngục'/44523, uuid='470b647a-fda8-497f-a6cb-d22c2f908cb4', l='ServerLevel[world]', x=-86.18, y=114.00, z=-807.90, cpos=[-6, -51], tl=68, v=true] died: Heo Địa Ngục was slain by Anhahahaha
[12:11:01] [Server thread/INFO]: Named entity Hoglin['Heo Địa Ngục'/44461, uuid='996e057b-8944-4372-a06c-c5db714c982d', l='ServerLevel[world]', x=-83.87, y=114.00, z=-807.77, cpos=[-6, -51], tl=776, v=true] died: Heo Địa Ngục was slain by Anhahahaha
[12:11:05] [Server thread/INFO]: Named entity Hoglin['Heo Địa Ngục'/44521, uuid='7a55cbfd-8438-420f-82bc-35922ec4287f', l='ServerLevel[world]', x=-81.02, y=114.00, z=-812.68, cpos=[-6, -51], tl=259, v=true] died: Heo Địa Ngục was slain by Anhahahaha
[12:11:09] [Server thread/INFO]: Named entity Hoglin['Heo Địa Ngục'/44522, uuid='558b8f9f-2810-418c-a407-34a0dc8cc820', l='ServerLevel[world]', x=-84.06, y=115.00, z=-805.64, cpos=[-6, -51], tl=337, v=true] died: Heo Địa Ngục was slain by Anhahahaha
[12:11:25] [Server thread/INFO]: Named entity Hoglin['Heo Địa Ngục'/44600, uuid='2ec73ecf-65c6-49a9-b9d4-bd4879ba63ac', l='ServerLevel[world]', x=-87.41, y=114.00, z=-806.78, cpos=[-6, -51], tl=62, v=true] died: Heo Địa Ngục was slain by Anhahahaha
[12:11:32] [Server thread/INFO]: Named entity Hoglin['Heo Địa Ngục'/44602, uuid='1e2edcd5-d6e9-4dc5-9cc1-ee8e42220420', l='ServerLevel[world]', x=-87.64, y=115.00, z=-803.65, cpos=[-6, -51], tl=202, v=true] died: Heo Địa Ngục was slain by Anhahahaha
[12:11:34] [Server thread/INFO]: Named entity Hoglin['Heo Địa Ngục'/44601, uuid='d0cf4a66-cc43-4f54-8c94-adc9e227ff21', l='ServerLevel[world]', x=-84.65, y=116.00, z=-803.65, cpos=[-6, -51], tl=241, v=true] died: Heo Địa Ngục suffocated in a wall
[12:11:42] [Craft Scheduler Thread - 573 - AuraSkills/WARN]: [AuraSkills] Invalid player data file name: e9c246cc-bc31-3fef-9a9c-b34d773135e6.yml
[12:12:09] [Server thread/INFO]: BÁC AN DỌN RÁC • Dọn lag trong 15 giây
[12:12:19] [Server thread/INFO]: Named entity Hoglin['Heo Địa Ngục'/44650, uuid='8c1cdcc0-e95d-4c07-ab0a-937388a9600f', l='ServerLevel[world]', x=-88.05, y=114.00, z=-809.04, cpos=[-6, -51], tl=729, v=true] died: Heo Địa Ngục burned to death
[12:12:22] [Server thread/INFO]: Named entity Hoglin['Heo Địa Ngục'/44651, uuid='e95b6bec-ee1a-40f5-a898-f42be86259c2', l='ServerLevel[world]', x=-87.92, y=114.00, z=-807.29, cpos=[-6, -51], tl=801, v=true] died: Heo Địa Ngục was struck by lightning
[12:12:24] [Server thread/INFO]: BÁC AN DỌN RÁC • Đã xóa 0 vật phẩm rơi
[12:12:24] [Server thread/INFO]: Named entity Hoglin['Heo Địa Ngục'/44652, uuid='c8ef51d4-2ebb-4b8d-b408-d496fc595087', l='ServerLevel[world]', x=-88.20, y=114.00, z=-805.06, cpos=[-6, -51], tl=845, v=true] died: Heo Địa Ngục burned to death
[12:13:24] [Server thread/INFO]: Named entity Hoglin['Heo Địa Ngục'/44729, uuid='8f581a84-1a6f-4300-b152-a2f7a860b2f3', l='ServerLevel[world]', x=-80.96, y=114.00, z=-814.19, cpos=[-6, -51], tl=1241, v=true] died: Heo Địa Ngục was slain by Anhahahaha
[12:13:28] [Server thread/INFO]: Named entity Hoglin['Heo Địa Ngục'/44727, uuid='6023acef-9d76-49ce-8a85-17b879e74548', l='ServerLevel[world]', x=-75.77, y=111.00, z=-819.62, cpos=[-5, -52], tl=1313, v=true] died: Heo Địa Ngục was slain by Anhahahaha
[12:13:34] [Server thread/INFO]: Named entity Hoglin['Heo Địa Ngục'/44797, uuid='ac5d2296-a884-4e84-939a-cd2136cba41a', l='ServerLevel[world]', x=-85.85, y=110.00, z=-823.30, cpos=[-6, -52], tl=635, v=true] died: Heo Địa Ngục was slain by Anhahahaha
[12:13:38] [Server thread/INFO]: Named entity Hoglin['Heo Địa Ngục'/44799, uuid='1174b808-5e9a-434e-9518-264dedabd6bb', l='ServerLevel[world]', x=-89.56, y=108.00, z=-821.05, cpos=[-6, -52], tl=714, v=true] died: Heo Địa Ngục was slain by Anhahahaha
[12:13:39] [Server thread/INFO]: Named entity Hoglin['Heo Địa Ngục'/44798, uuid='cbc1f221-2347-4f8b-8302-c531c9bcebea', l='ServerLevel[world]', x=-91.36, y=107.00, z=-823.79, cpos=[-6, -52], tl=736, v=true] died: Heo Địa Ngục was slain by Anhahahaha
[12:15:09] [Server thread/INFO]: BÁC AN DỌN RÁC • Dọn lag trong 15 giây
[12:15:24] [Server thread/INFO]: BÁC AN DỌN RÁC • Đã xóa 4 vật phẩm rơi
[12:15:34] [Server thread/INFO]: Named entity Hoglin['Heo Địa Ngục'/45100, uuid='87108b3d-04be-4ad4-ba00-67a96aca6e42', l='ServerLevel[world]', x=-79.64, y=117.00, z=-807.72, cpos=[-5, -51], tl=242, v=true] died: Heo Địa Ngục suffocated in a wall
[12:16:09] [Server thread/INFO]: Named entity Hoglin['Heo Địa Ngục'/44894, uuid='48856960-9812-40c2-8dcd-efce4dee784b', l='ServerLevel[world]', x=-82.68, y=115.00, z=-808.54, cpos=[-6, -51], tl=2937, v=true] died: Heo Địa Ngục burned to death
[12:16:12] [Server thread/INFO]: Named entity Hoglin['Heo Địa Ngục'/45172, uuid='a9bebba3-91c0-4635-808b-d20a04497ccc', l='ServerLevel[world]', x=-83.99, y=116.18, z=-806.76, cpos=[-6, -51], tl=201, v=true] died: Heo Địa Ngục was struck by lightning
[12:16:12] [Server thread/INFO]: Named entity Hoglin['Heo Địa Ngục'/45174, uuid='79b8e310-0245-4ad7-9ac9-c6d021a2e0ae', l='ServerLevel[world]', x=-82.25, y=116.00, z=-808.12, cpos=[-6, -51], tl=201, v=true] died: Heo Địa Ngục was struck by lightning
[12:16:39] [Server thread/INFO]: Named entity Hoglin['Heo Địa Ngục'/45173, uuid='1d17ac83-c0d1-49e4-8acd-f96283e5c645', l='ServerLevel[world]', x=-83.52, y=114.00, z=-811.88, cpos=[-6, -51], tl=735, v=true] died: Heo Địa Ngục burned to death
[12:16:42] [Craft Scheduler Thread - 590 - AuraSkills/WARN]: [AuraSkills] Invalid player data file name: e9c246cc-bc31-3fef-9a9c-b34d773135e6.yml
[12:16:57] [Server thread/INFO]: Named entity Hoglin['Heo Địa Ngục'/45251, uuid='9b5c7d1a-e9bd-48c0-a77a-afeefb1b8c86', l='ServerLevel[world]', x=-83.94, y=114.23, z=-808.04, cpos=[-6, -51], tl=301, v=true] died: Heo Địa Ngục was struck by lightning
[12:16:57] [Server thread/INFO]: Named entity Hoglin['Heo Địa Ngục'/45252, uuid='29e31170-e962-41d7-bedf-9b1261da4811', l='ServerLevel[world]', x=-85.24, y=114.00, z=-811.46, cpos=[-6, -51], tl=301, v=true] died: Heo Địa Ngục was struck by lightning
[12:17:02] [Server thread/INFO]: Named entity Hoglin['Heo Địa Ngục'/45250, uuid='a80120fd-6661-4989-86d2-9de417bbe338', l='ServerLevel[world]', x=-82.40, y=116.00, z=-808.50, cpos=[-6, -51], tl=401, v=true] died: Heo Địa Ngục was struck by lightning
[12:17:14] [Server thread/INFO]: Named entity Hoglin['Heo Địa Ngục'/45286, uuid='0efbd7e6-b524-4ed2-8106-787923252fb8', l='ServerLevel[world]', x=-80.66, y=117.00, z=-806.66, cpos=[-6, -51], tl=242, v=true] died: Heo Địa Ngục suffocated in a wall
[12:17:14] [Server thread/INFO]: Named entity Hoglin['Heo Địa Ngục'/45288, uuid='91de2133-6d0b-4687-a3ea-323df5852748', l='ServerLevel[world]', x=-80.66, y=117.00, z=-806.66, cpos=[-6, -51], tl=242, v=true] died: Heo Địa Ngục suffocated in a wall
[12:17:19] [Server thread/INFO]: Named entity Hoglin['Heo Địa Ngục'/45287, uuid='a3e59ea8-f59a-4515-93f1-3e644a9e217f', l='ServerLevel[world]', x=-86.37, y=114.00, z=-807.50, cpos=[-6, -51], tl=337, v=true] died: Heo Địa Ngục burned to death
[12:17:24] [Server thread/INFO]: Named entity Hoglin['Heo Địa Ngục'/45099, uuid='0f8133aa-2e91-4f04-9116-f4f9824be0c5', l='ServerLevel[world]', x=-82.91, y=115.00, z=-807.85, cpos=[-6, -51], tl=2445, v=true] died: Heo Địa Ngục burned to death
[12:18:09] [Server thread/INFO]: BÁC AN DỌN RÁC • Dọn lag trong 15 giây
[12:18:23] [Server thread/INFO]: [Mythic] Reloading plugin...
[12:18:23] [Server thread/INFO]: [MythicMobs] Saving plugin data...
[12:18:23] [Server thread/INFO]: [MythicMobs] ✓Saving Finished
[12:18:23] [Server thread/INFO]: [MythicMobs] Loading Packs...
[12:18:23] [Server thread/INFO]: [MythicMobs] Loading Items...
[12:18:23] [Server thread/INFO]: [MythicMobs] Loading Item Groups...
[12:18:23] [Server thread/INFO]: [MythicMobs] Loading Skills...
[12:18:23] [Server thread/WARN]: [MythicMobs] Error loading mob 'SkeletalKnight'. Enable debugging for a stack trace.
[12:18:23] [Server thread/INFO]: [MythicMobs] Loading Drop Tables...
[12:18:23] [Server thread/INFO]: [MythicMobs] Loading Random Spawns...
[12:18:23] [Server thread/INFO]: [MythicMobs] Loading Spawn Blocks...
[12:18:23] [Server thread/INFO]: [MythicMobs] ✓ Loaded 11 mobs.
[12:18:23] [Server thread/INFO]: [MythicMobs] ✓ Loaded 3 vanilla mob overrides.
[12:18:23] [Server thread/INFO]: [MythicMobs] ✓ Loaded 0 mob stacks.
[12:18:23] [Server thread/INFO]: [MythicMobs] ✓ Loaded 11 skills.
[12:18:23] [Server thread/INFO]: [MythicMobs] ✓ Loaded 0 random spawns.
[12:18:23] [Server thread/INFO]: [MythicMobs] ✓ Loaded 4 mythic items.
[12:18:23] [Server thread/INFO]: [MythicMobs] ✓ Loaded 4 drop tables.
[12:18:23] [Server thread/INFO]: [MythicMobs] ✓ Loaded 2 mob spawners.
[12:18:23] [Server thread/INFO]: [Mythic] Mythic has finished reloading!
[12:18:23] [Server thread/INFO]: [MythicMobs] Mythic has finished reloading!
[12:18:24] [Server thread/INFO]: BÁC AN DỌN RÁC • Đã xóa 3 vật phẩm rơi
[12:18:33] [Server thread/INFO]: Named entity Hoglin['Heo Địa Ngục'/45101, uuid='cf7f0bac-1adb-4df2-9bfd-4d3b92f13e47', l='ServerLevel[world]', x=-84.01, y=114.00, z=-808.85, cpos=[-6, -51], tl=3823, v=true] died: Heo Địa Ngục was slain by Anhahahaha
[12:18:34] [Server thread/INFO]: Named entity Hoglin['Heo Địa Ngục'/44995, uuid='82fac59f-1a70-4f5e-bd69-31dab08c91c3', l='ServerLevel[world]', x=-86.44, y=114.00, z=-807.85, cpos=[-6, -51], tl=4844, v=true] died: Heo Địa Ngục was slain by Anhahahaha
[12:18:42] [Server thread/INFO]: Named entity Hoglin['Heo Địa Ngục'/44728, uuid='129c6293-d2a6-41f7-8c2c-afa965cb74d8', l='ServerLevel[world]', x=-75.75, y=110.00, z=-825.38, cpos=[-5, -52], tl=7603, v=true] died: Heo Địa Ngục burned to death
[12:19:02] [Server thread/INFO]: Anhahahaha issued server command: /mm mobs killall
[12:19:14] [Server thread/INFO]: Named entity Hoglin['Heo Địa Ngục'/45552, uuid='89ba2c17-84a0-4493-9f78-21c9e2b76c1c', l='ServerLevel[world]', x=-84.72, y=115.00, z=-807.27, cpos=[-6, -51], tl=34, v=true] died: Heo Địa Ngục was slain by Anhahahaha
[12:19:17] [Server thread/INFO]: Named entity Hoglin['Heo Địa Ngục'/45553, uuid='19fe393d-f19d-4f49-a6c9-ad45500f74f6', l='ServerLevel[world]', x=-85.16, y=115.00, z=-805.36, cpos=[-6, -51], tl=101, v=true] died: Heo Địa Ngục was struck by lightning while fighting Anhahahaha
[12:19:49] [Server thread/INFO]: Named entity Hoglin['Heo Địa Ngục'/45603, uuid='53bd1b2e-8249-4415-a994-7951e61223c4', l='ServerLevel[world]', x=-84.72, y=116.00, z=-803.72, cpos=[-6, -51], tl=141, v=true] died: Heo Địa Ngục suffocated in a wall
[12:19:53] [Server thread/INFO]: Named entity Hoglin['Heo Địa Ngục'/45605, uuid='6ef54011-b8b4-445a-bd25-e800bb1424b4', l='ServerLevel[world]', x=-87.01, y=114.00, z=-808.92, cpos=[-6, -51], tl=215, v=true] died: Heo Địa Ngục went up in flames
[12:20:10] [Server thread/INFO]: Named entity Hoglin['Heo Địa Ngục'/45656, uuid='51e97103-6122-4766-9422-35da18cc2426', l='ServerLevel[world]', x=-87.07, y=114.00, z=-807.33, cpos=[-6, -51], tl=151, v=true] died: Heo Địa Ngục burned to death
[12:20:12] [Server thread/INFO]: Named entity Hoglin['Heo Địa Ngục'/45655, uuid='f96e75a0-5143-4b5a-9ee8-36e6186d0a5b', l='ServerLevel[world]', x=-85.51, y=115.00, z=-806.28, cpos=[-6, -51], tl=201, v=true] died: Heo Địa Ngục was struck by lightning
[12:20:14] [Server thread/INFO]: Named entity Hoglin['Heo Địa Ngục'/45654, uuid='ab835718-d01b-4e50-b0f9-643ecdac0f4a', l='ServerLevel[world]', x=-83.80, y=115.00, z=-804.80, cpos=[-6, -51], tl=242, v=true] died: Heo Địa Ngục suffocated in a wall
[12:20:20] [Server thread/INFO]: [Mythic] Reloading plugin...
[12:20:20] [Server thread/INFO]: [MythicMobs] Saving plugin data...
[12:20:20] [Server thread/INFO]: [MythicMobs] ✓Saving Finished
[12:20:20] [Server thread/INFO]: [MythicMobs] Loading Packs...
[12:20:21] [Server thread/INFO]: [MythicMobs] Loading Items...
[12:20:21] [Server thread/INFO]: [MythicMobs] Loading Item Groups...
[12:20:21] [Server thread/INFO]: [MythicMobs] Loading Skills...
[12:20:21] [Server thread/WARN]: [MythicMobs] Error loading mob 'SkeletalKnight'. Enable debugging for a stack trace.
[12:20:21] [Server thread/INFO]: [MythicMobs] Loading Drop Tables...
[12:20:21] [Server thread/INFO]: [MythicMobs] Loading Random Spawns...
[12:20:21] [Server thread/INFO]: [MythicMobs] Loading Spawn Blocks...
[12:20:21] [Server thread/INFO]: [MythicMobs] ✓ Loaded 11 mobs.
[12:20:21] [Server thread/INFO]: [MythicMobs] ✓ Loaded 3 vanilla mob overrides.
[12:20:21] [Server thread/INFO]: [MythicMobs] ✓ Loaded 0 mob stacks.
[12:20:21] [Server thread/INFO]: [MythicMobs] ✓ Loaded 11 skills.
[12:20:21] [Server thread/INFO]: [MythicMobs] ✓ Loaded 0 random spawns.
[12:20:21] [Server thread/INFO]: [MythicMobs] ✓ Loaded 4 mythic items.
[12:20:21] [Server thread/INFO]: [MythicMobs] ✓ Loaded 4 drop tables.
[12:20:21] [Server thread/INFO]: [MythicMobs] ✓ Loaded 2 mob spawners.
[12:20:21] [Server thread/INFO]: [Mythic] Mythic has finished reloading!
[12:20:21] [Server thread/INFO]: [MythicMobs] Mythic has finished reloading!
[12:20:24] [Server thread/INFO]: Named entity Hoglin['Heo Địa Ngục'/45604, uuid='29758c8e-0265-4299-972e-5378337ca67b', l='ServerLevel[world]', x=-87.06, y=114.00, z=-806.61, cpos=[-6, -51], tl=836, v=true] died: Heo Địa Ngục was slain by Anhahahaha
[12:20:31] [Server thread/INFO]: Named entity Hoglin['Heo Địa Ngục'/45697, uuid='dcd559a1-15cb-4e2f-964a-395f34af9da3', l='ServerLevel[world]', x=-86.88, y=115.00, z=-804.04, cpos=[-6, -51], tl=185, v=true] died: Heo Địa Ngục was slain by Anhahahaha
[12:20:32] [Server thread/INFO]: Named entity Hoglin['Heo Địa Ngục'/45696, uuid='29f83925-da9a-4507-9d28-f80106137fa1', l='ServerLevel[world]', x=-84.77, y=116.00, z=-803.77, cpos=[-6, -51], tl=201, v=true] died: Heo Địa Ngục was struck by lightning
[12:21:03] [Server thread/INFO]: Named entity Hoglin['Heo Địa Ngục'/45761, uuid='7246b62a-5f47-4925-8cee-341866dc638e', l='ServerLevel[world]', x=-82.34, y=114.00, z=-813.34, cpos=[-6, -51], tl=215, v=true] died: Heo Địa Ngục was struck by lightning
[12:21:08] [Server thread/INFO]: Named entity Hoglin['Heo Địa Ngục'/45762, uuid='01c7232e-71d7-4534-8914-603e9463393b', l='ServerLevel[world]', x=-79.14, y=112.00, z=-817.84, cpos=[-5, -52], tl=318, v=true] died: Heo Địa Ngục was slain by Anhahahaha
[12:21:09] [Server thread/INFO]: BÁC AN DỌN RÁC • Dọn lag trong 15 giây
[12:21:18] [Server thread/INFO]: Named entity Zombie['Kẻ Bảo Vệ Lãnh Địa'/45536, uuid='48e39f1f-c287-4500-856d-71fa1e4f8856', l='ServerLevel[world]', x=-85.66, y=111.00, z=-825.66, cpos=[-6, -52], tl=2704, v=true] died: Kẻ Bảo Vệ Lãnh Địa was slain by Anhahahaha
[12:21:24] [Server thread/INFO]: BÁC AN DỌN RÁC • Đã xóa 2 vật phẩm rơi
[12:21:30] [Server thread/INFO]: Named entity Hoglin['Heo Địa Ngục'/45830, uuid='298678ce-8705-4819-bb54-0b7fff90257c', l='ServerLevel[world]', x=-80.66, y=114.00, z=-811.41, cpos=[-6, -51], tl=164, v=true] died: Heo Địa Ngục was slain by Anhahahaha
[12:21:35] [Server thread/INFO]: Named entity Hoglin['Heo Địa Ngục'/45831, uuid='ec56aa1f-620c-4e91-81e7-dcdb545012a9', l='ServerLevel[world]', x=-79.80, y=112.00, z=-817.70, cpos=[-5, -52], tl=257, v=true] died: Heo Địa Ngục was slain by Anhahahaha
[12:21:42] [Craft Scheduler Thread - 603 - AuraSkills/WARN]: [AuraSkills] Invalid player data file name: e9c246cc-bc31-3fef-9a9c-b34d773135e6.yml
[12:23:02] [Server thread/INFO]: Named entity Hoglin['Heo Địa Ngục'/46011, uuid='de8aac63-d441-4e63-866d-f51129e0a076', l='ServerLevel[world]', x=-83.73, y=114.00, z=-810.12, cpos=[-6, -51], tl=201, v=true] died: Heo Địa Ngục was struck by lightning
[12:23:02] [Server thread/INFO]: Named entity Hoglin['Heo Địa Ngục'/46012, uuid='36958b00-7552-4d6f-afb6-d96d0ad25575', l='ServerLevel[world]', x=-82.74, y=114.00, z=-808.70, cpos=[-6, -51], tl=201, v=true] died: Heo Địa Ngục was struck by lightning
[12:23:23] [Server thread/INFO]: Named entity Hoglin['Heo Địa Ngục'/46053, uuid='e7af2662-39da-4a6c-bfc9-6b868e3ab501', l='ServerLevel[world]', x=-82.31, y=115.00, z=-808.75, cpos=[-6, -51], tl=216, v=true] died: Heo Địa Ngục was struck by lightning
[12:23:35] [Server thread/INFO]: [Mythic] Reloading plugin...
[12:23:35] [Server thread/INFO]: [MythicMobs] Saving plugin data...
[12:23:35] [Server thread/INFO]: [MythicMobs] ✓Saving Finished
[12:23:35] [Server thread/INFO]: [MythicMobs] Loading Packs...
[12:23:36] [Server thread/INFO]: [MythicMobs] Loading Items...
[12:23:36] [Server thread/INFO]: [MythicMobs] Loading Item Groups...
[12:23:36] [Server thread/INFO]: [MythicMobs] Loading Skills...
[12:23:36] [Server thread/WARN]: [MythicMobs] Error loading mob 'SkeletalKnight'. Enable debugging for a stack trace.
[12:23:36] [Server thread/INFO]: [MythicMobs] Loading Drop Tables...
[12:23:36] [Server thread/INFO]: [MythicMobs] Loading Random Spawns...
[12:23:36] [Server thread/INFO]: [MythicMobs] Loading Spawn Blocks...
[12:23:36] [Server thread/INFO]: [MythicMobs] ✓ Loaded 11 mobs.
[12:23:36] [Server thread/INFO]: [MythicMobs] ✓ Loaded 3 vanilla mob overrides.
[12:23:36] [Server thread/INFO]: [MythicMobs] ✓ Loaded 0 mob stacks.
[12:23:36] [Server thread/INFO]: [MythicMobs] ✓ Loaded 11 skills.
[12:23:36] [Server thread/INFO]: [MythicMobs] ✓ Loaded 0 random spawns.
[12:23:36] [Server thread/INFO]: [MythicMobs] ✓ Loaded 4 mythic items.
[12:23:36] [Server thread/INFO]: [MythicMobs] ✓ Loaded 4 drop tables.
[12:23:36] [Server thread/INFO]: [MythicMobs] ✓ Loaded 2 mob spawners.
[12:23:36] [Server thread/INFO]: [Mythic] Mythic has finished reloading!
[12:23:36] [Server thread/INFO]: [MythicMobs] Mythic has finished reloading!
[12:23:39] [Server thread/INFO]: Named entity Hoglin['Heo Địa Ngục'/46013, uuid='4acbd195-ebae-4c06-b04d-14cd72c153e4', l='ServerLevel[world]', x=-82.79, y=114.00, z=-810.81, cpos=[-6, -51], tl=933, v=true] died: Heo Địa Ngục was slain by Anhahahaha
[12:23:50] [Server thread/INFO]: Named entity Hoglin['Heo Địa Ngục'/46054, uuid='1cf20b94-f1df-4112-b7b7-5bb08868976d', l='ServerLevel[world]', x=-85.08, y=114.00, z=-807.91, cpos=[-6, -51], tl=767, v=true] died: Heo Địa Ngục burned to death
[12:23:52] [Server thread/INFO]: Named entity Hoglin['Heo Địa Ngục'/46052, uuid='a14dc8e5-fd8a-4809-8fa1-4b1e775018e3', l='ServerLevel[world]', x=-84.06, y=114.00, z=-808.00, cpos=[-6, -51], tl=801, v=true] died: Heo Địa Ngục was struck by lightning
[12:23:52] [Server thread/INFO]: Named entity Hoglin['Heo Địa Ngục'/45763, uuid='771d00ae-b489-4ba0-859c-4fd09784e802', l='ServerLevel[world]', x=-84.15, y=114.00, z=-812.80, cpos=[-6, -51], tl=3601, v=true] died: Heo Địa Ngục was struck by lightning
[12:24:05] [Server thread/INFO]: [Mythic] Reloading plugin...
[12:24:05] [Server thread/INFO]: [MythicMobs] Saving plugin data...
[12:24:05] [Server thread/INFO]: [MythicMobs] ✓Saving Finished
[12:24:05] [Server thread/INFO]: [MythicMobs] Loading Packs...
[12:24:06] [Server thread/INFO]: [MythicMobs] Loading Items...
[12:24:06] [Server thread/INFO]: [MythicMobs] Loading Item Groups...
[12:24:06] [Server thread/INFO]: [MythicMobs] Loading Skills...
[12:24:06] [Server thread/WARN]: [MythicMobs] Error loading mob 'SkeletalKnight'. Enable debugging for a stack trace.
[12:24:06] [Server thread/INFO]: [MythicMobs] Loading Drop Tables...
[12:24:06] [Server thread/INFO]: [MythicMobs] Loading Random Spawns...
[12:24:06] [Server thread/INFO]: [MythicMobs] Loading Spawn Blocks...
[12:24:06] [Server thread/INFO]: [MythicMobs] ✓ Loaded 11 mobs.
[12:24:06] [Server thread/INFO]: [MythicMobs] ✓ Loaded 3 vanilla mob overrides.
[12:24:06] [Server thread/INFO]: [MythicMobs] ✓ Loaded 0 mob stacks.
[12:24:06] [Server thread/INFO]: [MythicMobs] ✓ Loaded 11 skills.
[12:24:06] [Server thread/INFO]: [MythicMobs] ✓ Loaded 0 random spawns.
[12:24:06] [Server thread/INFO]: [MythicMobs] ✓ Loaded 4 mythic items.
[12:24:06] [Server thread/INFO]: [MythicMobs] ✓ Loaded 4 drop tables.
[12:24:06] [Server thread/INFO]: [MythicMobs] ✓ Loaded 2 mob spawners.
[12:24:06] [Server thread/INFO]: [Mythic] Mythic has finished reloading!
[12:24:06] [Server thread/INFO]: [MythicMobs] Mythic has finished reloading!
[12:24:09] [Server thread/INFO]: BÁC AN DỌN RÁC • Dọn lag trong 15 giây
[12:24:13] [Server thread/INFO]: [Mythic] Reloading plugin...
[12:24:13] [Server thread/INFO]: [MythicMobs] Saving plugin data...
[12:24:13] [Server thread/INFO]: [MythicMobs] ✓Saving Finished
[12:24:13] [Server thread/INFO]: [MythicMobs] Loading Packs...
[12:24:14] [Server thread/INFO]: [MythicMobs] Loading Items...
[12:24:14] [Server thread/INFO]: [MythicMobs] Loading Item Groups...
[12:24:14] [Server thread/INFO]: [MythicMobs] Loading Skills...
[12:24:14] [Server thread/WARN]: [MythicMobs] Error loading mob 'SkeletalKnight'. Enable debugging for a stack trace.
[12:24:14] [Server thread/INFO]: [MythicMobs] Loading Drop Tables...
[12:24:14] [Server thread/INFO]: [MythicMobs] Loading Random Spawns...
[12:24:14] [Server thread/INFO]: [MythicMobs] Loading Spawn Blocks...
[12:24:14] [Server thread/INFO]: [MythicMobs] ✓ Loaded 11 mobs.
[12:24:14] [Server thread/INFO]: [MythicMobs] ✓ Loaded 3 vanilla mob overrides.
[12:24:14] [Server thread/INFO]: [MythicMobs] ✓ Loaded 0 mob stacks.
[12:24:14] [Server thread/INFO]: [MythicMobs] ✓ Loaded 11 skills.
[12:24:14] [Server thread/INFO]: [MythicMobs] ✓ Loaded 0 random spawns.
[12:24:14] [Server thread/INFO]: [MythicMobs] ✓ Loaded 4 mythic items.
[12:24:14] [Server thread/INFO]: [MythicMobs] ✓ Loaded 4 drop tables.
[12:24:14] [Server thread/INFO]: [MythicMobs] ✓ Loaded 2 mob spawners.
[12:24:14] [Server thread/INFO]: [Mythic] Mythic has finished reloading!
[12:24:14] [Server thread/INFO]: [MythicMobs] Mythic has finished reloading!
[12:24:21] [Server thread/INFO]: Anhahahaha issued server command: /mm mobs killall
[12:24:24] [Server thread/INFO]: BÁC AN DỌN RÁC • Đã xóa 0 vật phẩm rơi
[12:24:44] [Server thread/INFO]: Named entity Hoglin['Heo Địa Ngục'/46233, uuid='16ab4bd4-b31d-4da6-b58e-180d5e21357a', l='ServerLevel[world]', x=-74.79, y=111.00, z=-815.78, cpos=[-5, -51], tl=192, v=true] died: Heo Địa Ngục was slain by Anhahahaha
[12:24:52] [Server thread/INFO]: Named entity Hoglin['Heo Địa Ngục'/46231, uuid='5371dfe1-9c7f-4e12-931c-cc989ff104df', l='ServerLevel[world]', x=-77.81, y=116.92, z=-812.14, cpos=[-5, -51], tl=356, v=true] died: Heo Địa Ngục was struck by lightning
[12:24:57] [Server thread/INFO]: Named entity Hoglin['Heo Địa Ngục'/46232, uuid='7230a7eb-f262-4cf7-9ff3-91c51bea7db2', l='ServerLevel[world]', x=-78.32, y=115.00, z=-812.54, cpos=[-5, -51], tl=451, v=true] died: Heo Địa Ngục was slain by Anhahahaha
[12:25:54] [Server thread/INFO]: Named entity Zombie['Kẻ Bảo Vệ Lãnh Địa'/46210, uuid='b82825cd-6115-4949-bff2-4165ef98fb1f', l='ServerLevel[world]', x=-68.34, y=109.00, z=-841.91, cpos=[-5, -53], tl=1770, v=true] died: Kẻ Bảo Vệ Lãnh Địa was slain by Anhahahaha
[12:26:35] [Server thread/INFO]: [Mythic] Reloading plugin...
[12:26:35] [Server thread/INFO]: [MythicMobs] Saving plugin data...
[12:26:35] [Server thread/INFO]: [MythicMobs] ✓Saving Finished
[12:26:35] [Server thread/INFO]: [MythicMobs] Loading Packs...
[12:26:35] [Server thread/INFO]: [MythicMobs] Loading Items...
[12:26:35] [Server thread/INFO]: [MythicMobs] Loading Item Groups...
[12:26:35] [Server thread/INFO]: [MythicMobs] Loading Skills...
[12:26:35] [Server thread/WARN]: [MythicMobs] Error loading mob 'SkeletalKnight'. Enable debugging for a stack trace.
[12:26:35] [Server thread/INFO]: [MythicMobs] Loading Drop Tables...
[12:26:35] [Server thread/INFO]: [MythicMobs] Loading Random Spawns...
[12:26:35] [Server thread/INFO]: [MythicMobs] Loading Spawn Blocks...
[12:26:35] [Server thread/INFO]: [MythicMobs] ✓ Loaded 11 mobs.
[12:26:35] [Server thread/INFO]: [MythicMobs] ✓ Loaded 3 vanilla mob overrides.
[12:26:35] [Server thread/INFO]: [MythicMobs] ✓ Loaded 0 mob stacks.
[12:26:35] [Server thread/INFO]: [MythicMobs] ✓ Loaded 11 skills.
[12:26:35] [Server thread/INFO]: [MythicMobs] ✓ Loaded 0 random spawns.
[12:26:35] [Server thread/INFO]: [MythicMobs] ✓ Loaded 4 mythic items.
[12:26:35] [Server thread/INFO]: [MythicMobs] ✓ Loaded 4 drop tables.
[12:26:35] [Server thread/INFO]: [MythicMobs] ✓ Loaded 2 mob spawners.
[12:26:35] [Server thread/INFO]: [Mythic] Mythic has finished reloading!
[12:26:35] [Server thread/INFO]: [MythicMobs] Mythic has finished reloading!
[12:26:42] [Craft Scheduler Thread - 616 - AuraSkills/WARN]: [AuraSkills] Invalid player data file name: e9c246cc-bc31-3fef-9a9c-b34d773135e6.yml
[12:27:09] [Server thread/INFO]: BÁC AN DỌN RÁC • Dọn lag trong 15 giây
[12:27:24] [Server thread/INFO]: BÁC AN DỌN RÁC • Đã xóa 4 vật phẩm rơi
[12:27:49] [Server thread/INFO]: [Mythic] Reloading plugin...
[12:27:49] [Server thread/INFO]: [MythicMobs] Saving plugin data...
[12:27:49] [Server thread/INFO]: [MythicMobs] ✓Saving Finished
[12:27:49] [Server thread/INFO]: [MythicMobs] Loading Packs...
[12:27:49] [Server thread/INFO]: [MythicMobs] Loading Items...
[12:27:49] [Server thread/INFO]: [MythicMobs] Loading Item Groups...
[12:27:49] [Server thread/INFO]: [MythicMobs] Loading Skills...
[12:27:49] [Server thread/WARN]: [MythicMobs] Error loading mob 'SkeletalKnight'. Enable debugging for a stack trace.
[12:27:49] [Server thread/INFO]: [MythicMobs] Loading Drop Tables...
[12:27:49] [Server thread/INFO]: [MythicMobs] Loading Random Spawns...
[12:27:49] [Server thread/INFO]: [MythicMobs] Loading Spawn Blocks...
[12:27:49] [Server thread/INFO]: [MythicMobs] ✓ Loaded 11 mobs.
[12:27:49] [Server thread/INFO]: [MythicMobs] ✓ Loaded 3 vanilla mob overrides.
[12:27:49] [Server thread/INFO]: [MythicMobs] ✓ Loaded 0 mob stacks.
[12:27:49] [Server thread/INFO]: [MythicMobs] ✓ Loaded 11 skills.
[12:27:49] [Server thread/INFO]: [MythicMobs] ✓ Loaded 0 random spawns.
[12:27:49] [Server thread/INFO]: [MythicMobs] ✓ Loaded 4 mythic items.
[12:27:49] [Server thread/INFO]: [MythicMobs] ✓ Loaded 4 drop tables.
[12:27:49] [Server thread/INFO]: [MythicMobs] ✓ Loaded 2 mob spawners.
[12:27:49] [Server thread/INFO]: [Mythic] Mythic has finished reloading!
[12:27:49] [Server thread/INFO]: [MythicMobs] Mythic has finished reloading!
[12:28:14] [Server thread/INFO]: Named entity Hoglin['Heo Địa Ngục'/46607, uuid='f379f584-10ca-4aff-9d89-5adb3c9828e5', l='ServerLevel[world]', x=-80.14, y=114.00, z=-815.32, cpos=[-6, -51], tl=267, v=true] died: Heo Địa Ngục burned to death
[12:28:30] [Server thread/INFO]: Anhahahaha issued server command: /mm mobs killall
[12:28:37] [Server thread/INFO]: Named entity Hoglin['Heo Địa Ngục'/46682, uuid='f7f5bd61-2434-4419-a1ef-ca8195ef2cfa', l='ServerLevel[world]', x=-81.22, y=114.00, z=-812.96, cpos=[-6, -51], tl=73, v=true] died: Heo Địa Ngục was slain by Anhahahaha
[12:28:41] [Server thread/INFO]: Named entity Hoglin['Heo Địa Ngục'/46683, uuid='0d990cce-d0e6-4eef-8143-981c8088c0e6', l='ServerLevel[world]', x=-78.80, y=115.00, z=-812.28, cpos=[-5, -51], tl=158, v=true] died: Heo Địa Ngục was slain by Anhahahaha
[12:28:43] [Server thread/INFO]: Named entity Hoglin['Heo Địa Ngục'/46684, uuid='8f990d3b-06c1-4e3c-89c9-1dce53b3f37d', l='ServerLevel[world]', x=-76.94, y=114.00, z=-813.81, cpos=[-5, -51], tl=202, v=true] died: Heo Địa Ngục was slain by Anhahahaha
[12:29:04] [Server thread/INFO]: Anhahahaha issued server command: /setwarp boss
[12:29:14] [Server thread/INFO]: Anhahahaha issued server command: /warp boss
[12:29:23] [Server thread/INFO]: Anhahahaha issued server command: /gamemode survival
[12:29:38] [Server thread/INFO]: Anhahahaha was struck by lightning
[12:29:49] [Server thread/INFO]: Anhahahaha issued server command: /warp boss
[12:30:09] [Server thread/INFO]: BÁC AN DỌN RÁC • Dọn lag trong 15 giây
[12:30:12] [Server thread/INFO]: Anhahahaha was struck by lightning
[12:30:18] [Server thread/INFO]: Anhahahaha lost connection: Disconnected
[12:30:18] [Server thread/INFO]: Anhahahaha left the game
[12:30:24] [Server thread/INFO]: BÁC AN DỌN RÁC • Đã xóa 0 vật phẩm rơi
[12:31:42] [Craft Scheduler Thread - 633 - AuraSkills/WARN]: [AuraSkills] Invalid player data file name: e9c246cc-bc31-3fef-9a9c-b34d773135e6.yml
[12:32:04] [Server thread/INFO]: Stopping server
[12:32:04] [Server thread/INFO]: [AuraSkills] Disabling AuraSkills v2.1.5
[12:32:04] [Server thread/WARN]: [AuraSkills] Error creating automatic backup
[12:32:04] [Server thread/WARN]: org.spongepowered.configurate.loader.ParsingException: []: Unknown error occurred while loading
[12:32:04] [Server thread/WARN]: 	at org.spongepowered.configurate.loader.AbstractConfigurationLoader.load(AbstractConfigurationLoader.java:165)
[12:32:04] [Server thread/WARN]: 	at org.spongepowered.configurate.loader.AbstractConfigurationLoader.load(AbstractConfigurationLoader.java:63)
[12:32:04] [Server thread/WARN]: 	at org.spongepowered.configurate.loader.ConfigurationLoader.load(ConfigurationLoader.java:56)
[12:32:04] [Server thread/WARN]: 	at AuraSkills-2.1.5.jar//dev.aurelium.auraskills.common.util.file.FileUtil.loadYamlFile(FileUtil.java:83)
[12:32:04] [Server thread/WARN]: 	at AuraSkills-2.1.5.jar//dev.aurelium.auraskills.bukkit.AuraSkills.backupAutomatically(AuraSkills.java:307)
[12:32:04] [Server thread/WARN]: 	at AuraSkills-2.1.5.jar//dev.aurelium.auraskills.bukkit.AuraSkills.onDisable(AuraSkills.java:289)
[12:32:04] [Server thread/WARN]: 	at org.bukkit.plugin.java.JavaPlugin.setEnabled(JavaPlugin.java:291)
[12:32:04] [Server thread/WARN]: 	at io.papermc.paper.plugin.manager.PaperPluginInstanceManager.disablePlugin(PaperPluginInstanceManager.java:237)
[12:32:04] [Server thread/WARN]: 	at io.papermc.paper.plugin.manager.PaperPluginInstanceManager.disablePlugins(PaperPluginInstanceManager.java:161)
[12:32:04] [Server thread/WARN]: 	at io.papermc.paper.plugin.manager.PaperPluginManagerImpl.disablePlugins(PaperPluginManagerImpl.java:97)
[12:32:04] [Server thread/WARN]: 	at org.bukkit.plugin.SimplePluginManager.disablePlugins(SimplePluginManager.java:541)
[12:32:04] [Server thread/WARN]: 	at org.bukkit.craftbukkit.CraftServer.disablePlugins(CraftServer.java:598)
[12:32:04] [Server thread/WARN]: 	at net.minecraft.server.MinecraftServer.stopServer(MinecraftServer.java:988)
[12:32:04] [Server thread/WARN]: 	at net.minecraft.server.dedicated.DedicatedServer.stopServer(DedicatedServer.java:845)
[12:32:04] [Server thread/WARN]: 	at net.minecraft.server.MinecraftServer.runServer(MinecraftServer.java:1295)
[12:32:04] [Server thread/WARN]: 	at net.minecraft.server.MinecraftServer.lambda$spin$0(MinecraftServer.java:329)
[12:32:04] [Server thread/WARN]: 	at java.base/java.lang.Thread.run(Thread.java:1583)
[12:32:04] [Server thread/WARN]: Caused by: mapping values are not allowed here
[12:32:04] [Server thread/WARN]:  in 'reader', line 2, column 22:
[12:32:04] [Server thread/WARN]:     last_automatic_backup: 1724846237918
[12:32:04] [Server thread/WARN]:                          ^
[12:32:04] [Server thread/WARN]: 
[12:32:04] [Server thread/WARN]: 	at org.spongepowered.configurate.yaml.internal.snakeyaml.scanner.ScannerImpl.fetchValue(ScannerImpl.java:905)
[12:32:04] [Server thread/WARN]: 	at org.spongepowered.configurate.yaml.internal.snakeyaml.scanner.ScannerImpl.fetchMoreTokens(ScannerImpl.java:394)
[12:32:04] [Server thread/WARN]: 	at org.spongepowered.configurate.yaml.internal.snakeyaml.scanner.ScannerImpl.peekToken(ScannerImpl.java:264)
[12:32:04] [Server thread/WARN]: 	at org.spongepowered.configurate.yaml.internal.snakeyaml.parser.ParserImpl$ParseDocumentEnd.produce(ParserImpl.java:279)
[12:32:04] [Server thread/WARN]: 	at org.spongepowered.configurate.yaml.internal.snakeyaml.parser.ParserImpl.peekEvent(ParserImpl.java:161)
[12:32:04] [Server thread/WARN]: 	at org.spongepowered.configurate.yaml.internal.snakeyaml.comments.CommentEventsCollector$1.peek(CommentEventsCollector.java:57)
[12:32:04] [Server thread/WARN]: 	at org.spongepowered.configurate.yaml.internal.snakeyaml.comments.CommentEventsCollector$1.peek(CommentEventsCollector.java:43)
[12:32:04] [Server thread/WARN]: 	at org.spongepowered.configurate.yaml.internal.snakeyaml.comments.CommentEventsCollector.collectEvents(CommentEventsCollector.java:136)
[12:32:04] [Server thread/WARN]: 	at org.spongepowered.configurate.yaml.internal.snakeyaml.comments.CommentEventsCollector.collectEvents(CommentEventsCollector.java:116)
[12:32:04] [Server thread/WARN]: 	at org.spongepowered.configurate.yaml.internal.snakeyaml.composer.Composer.composeScalarNode(Composer.java:241)
[12:32:04] [Server thread/WARN]: 	at org.spongepowered.configurate.yaml.internal.snakeyaml.composer.Composer.composeNode(Composer.java:205)
[12:32:04] [Server thread/WARN]: 	at org.spongepowered.configurate.yaml.internal.snakeyaml.composer.Composer.getNode(Composer.java:131)
[12:32:04] [Server thread/WARN]: 	at org.spongepowered.configurate.yaml.internal.snakeyaml.composer.Composer.getSingleNode(Composer.java:157)
[12:32:04] [Server thread/WARN]: 	at org.spongepowered.configurate.yaml.internal.snakeyaml.constructor.BaseConstructor.getSingleData(BaseConstructor.java:178)
[12:32:04] [Server thread/WARN]: 	at org.spongepowered.configurate.yaml.internal.snakeyaml.Yaml.loadFromReader(Yaml.java:493)
[12:32:04] [Server thread/WARN]: 	at org.spongepowered.configurate.yaml.internal.snakeyaml.Yaml.load(Yaml.java:446)
[12:32:04] [Server thread/WARN]: 	at org.spongepowered.configurate.yaml.YamlConfigurationLoader.loadInternal(YamlConfigurationLoader.java:183)
[12:32:04] [Server thread/WARN]: 	at org.spongepowered.configurate.yaml.YamlConfigurationLoader.loadInternal(YamlConfigurationLoader.java:47)
[12:32:04] [Server thread/WARN]: 	at org.spongepowered.configurate.loader.AbstractConfigurationLoader.load(AbstractConfigurationLoader.java:155)
[12:32:04] [Server thread/WARN]: 	... 16 more
[12:32:04] [Server thread/INFO]: [ChestSort] Disabling ChestSort v14.1.0
[12:32:04] [Server thread/INFO]: [CraftEnhance] Disabling CraftEnhance v2.5.6.1
[12:32:04] [Worker-Main-1/WARN]: Found loot table element validation problem in {minecraft:loot_table/nmr:automaticons/stone_tier}.pools[0].entries[4]: Unknown loot table called automaticons:stone/axe
[12:32:04] [Worker-Main-1/WARN]: Found loot table element validation problem in {minecraft:loot_table/nmr:astral_plane_growth}.pools[5].entries[0]->{nmr:automaticons/any_tier}.pools[0].entries[0]: Unknown loot table called automaticons:wood_tier
[12:32:04] [Worker-Main-1/WARN]: Found loot table element validation problem in {minecraft:loot_table/nmr:automaticons/stone_tier}.pools[0].entries[2]: Unknown loot table called automaticons:stone/pickaxe
[12:32:04] [Worker-Main-1/WARN]: Found loot table element validation problem in {minecraft:loot_table/nmr:automaticons/gold_tier}.pools[0].entries[3]: Unknown loot table called automaticons:gold/hoe
[12:32:04] [Worker-Main-1/WARN]: Found loot table element validation problem in {minecraft:loot_table/nmr:automaticons/stone_tier}.pools[0].entries[0]: Unknown loot table called automaticons:stone/sword
[12:32:04] [Worker-Main-1/WARN]: Found loot table element validation problem in {minecraft:loot_table/nmr:astral_plane_growth}.pools[5].entries[0]->{nmr:automaticons/any_tier}.pools[0].entries[4]: Unknown loot table called automaticons:diamond_tier
[12:32:04] [Worker-Main-1/WARN]: Found loot table element validation problem in {minecraft:loot_table/nmr:automaticons/any_tier}.pools[0].entries[4]: Unknown loot table called automaticons:diamond_tier
[12:32:04] [Worker-Main-1/WARN]: Found loot table element validation problem in {minecraft:loot_table/nmr:astral_plane_growth}.pools[5].entries[0]->{nmr:automaticons/any_tier}.pools[0].entries[2]: Unknown loot table called automaticons:gold_tier
[12:32:04] [Worker-Main-1/WARN]: Found loot table element validation problem in {minecraft:loot_table/nmr:automaticons/any_tier}.pools[0].entries[2]: Unknown loot table called automaticons:gold_tier
[12:32:04] [Worker-Main-1/WARN]: Found loot table element validation problem in {minecraft:loot_table/nmr:astral_plane_shrinkage}.pools[4].entries[0]->{nmr:automaticons/any_tier}.pools[0].entries[2]: Unknown loot table called automaticons:gold_tier
[12:32:04] [Worker-Main-1/WARN]: Found loot table element validation problem in {minecraft:loot_table/nmr:automaticons/netherite_tier}.pools[0].entries[4]: Unknown loot table called automaticons:netherite/axe
[12:32:04] [Worker-Main-1/WARN]: Found loot table element validation problem in {minecraft:loot_table/nmr:astral_plane_shrinkage}.pools[4].entries[0]->{nmr:automaticons/any_tier}.pools[0].entries[4]: Unknown loot table called automaticons:diamond_tier
[12:32:04] [Worker-Main-1/WARN]: Found loot table element validation problem in {minecraft:loot_table/nmr:automaticons/netherite_tier}.pools[0].entries[0]: Unknown loot table called automaticons:netherite/sword
[12:32:04] [Worker-Main-1/WARN]: Found loot table element validation problem in {minecraft:loot_table/nmr:automaticons/iron_tier}.pools[0].entries[1]: Unknown loot table called automaticons:iron/shovel
[12:32:04] [Worker-Main-1/WARN]: Found loot table element validation problem in {minecraft:loot_table/nmr:automaticons/diamond_tier}.pools[0].entries[2]: Unknown loot table called automaticons:diamond/pickaxe
[12:32:04] [Worker-Main-1/WARN]: Found loot table element validation problem in {minecraft:loot_table/nmr:automaticons/netherite_tier}.pools[0].entries[2]: Unknown loot table called automaticons:netherite/pickaxe
[12:32:04] [Worker-Main-1/WARN]: Found loot table element validation problem in {minecraft:loot_table/nmr:automaticons/gold_tier}.pools[0].entries[1]: Unknown loot table called automaticons:gold/shovel
[12:32:04] [Worker-Main-1/WARN]: Found loot table element validation problem in {minecraft:loot_table/nmr:automaticons/diamond_tier}.pools[0].entries[4]: Unknown loot table called automaticons:diamond/axe
[12:32:04] [Worker-Main-1/WARN]: Found loot table element validation problem in {minecraft:loot_table/nmr:automaticons/iron_tier}.pools[0].entries[3]: Unknown loot table called automaticons:iron/hoe
[12:32:04] [Worker-Main-1/WARN]: Found loot table element validation problem in {minecraft:loot_table/nmr:automaticons/diamond_tier}.pools[0].entries[0]: Unknown loot table called automaticons:diamond/sword
[12:32:04] [Worker-Main-1/WARN]: Found loot table element validation problem in {minecraft:loot_table/nmr:automaticons/wood_tier}.pools[0].entries[1]: Unknown loot table called automaticons:wood/shovel
[12:32:04] [Worker-Main-1/WARN]: Found loot table element validation problem in {minecraft:loot_table/nmr:astral_plane_shrinkage}.pools[4].entries[0]->{nmr:automaticons/any_tier}.pools[0].entries[0]: Unknown loot table called automaticons:wood_tier
[12:32:04] [Worker-Main-1/WARN]: Found loot table element validation problem in {minecraft:loot_table/nmr:automaticons/wood_tier}.pools[0].entries[3]: Unknown loot table called automaticons:wood/hoe
[12:32:04] [Worker-Main-1/WARN]: Found loot table element validation problem in {minecraft:loot_table/nmr:automaticons/stone_tier}.pools[0].entries[3]: Unknown loot table called automaticons:stone/hoe
[12:32:04] [Worker-Main-1/WARN]: Found loot table element validation problem in {minecraft:loot_table/nmr:automaticons/gold_tier}.pools[0].entries[4]: Unknown loot table called automaticons:gold/axe
[12:32:04] [Worker-Main-1/WARN]: Found loot table element validation problem in {minecraft:loot_table/nmr:automaticons/any_tier}.pools[0].entries[5]: Unknown loot table called automaticons:netherite_tier
[12:32:04] [Worker-Main-1/WARN]: Found loot table element validation problem in {minecraft:loot_table/nmr:astral_plane_growth}.pools[5].entries[0]->{nmr:automaticons/any_tier}.pools[0].entries[5]: Unknown loot table called automaticons:netherite_tier
[12:32:04] [Worker-Main-1/WARN]: Found loot table element validation problem in {minecraft:loot_table/nmr:automaticons/any_tier}.pools[0].entries[3]: Unknown loot table called automaticons:iron_tier
[12:32:04] [Worker-Main-1/WARN]: Found loot table element validation problem in {minecraft:loot_table/nmr:automaticons/stone_tier}.pools[0].entries[1]: Unknown loot table called automaticons:stone/shovel
[12:32:04] [Worker-Main-1/WARN]: Found loot table element validation problem in {minecraft:loot_table/nmr:astral_plane_growth}.pools[5].entries[0]->{nmr:automaticons/any_tier}.pools[0].entries[3]: Unknown loot table called automaticons:iron_tier
[12:32:04] [Worker-Main-1/WARN]: Found loot table element validation problem in {minecraft:loot_table/nmr:automaticons/any_tier}.pools[0].entries[1]: Unknown loot table called automaticons:stone_tier
[12:32:04] [Worker-Main-1/WARN]: Found loot table element validation problem in {minecraft:loot_table/nmr:astral_plane_growth}.pools[5].entries[0]->{nmr:automaticons/any_tier}.pools[0].entries[1]: Unknown loot table called automaticons:stone_tier
[12:32:04] [Worker-Main-1/WARN]: Found loot table element validation problem in {minecraft:loot_table/nmr:astral_plane_shrinkage}.pools[4].entries[0]->{nmr:automaticons/any_tier}.pools[0].entries[1]: Unknown loot table called automaticons:stone_tier
[12:32:04] [Worker-Main-1/WARN]: Found loot table element validation problem in {minecraft:loot_table/nmr:automaticons/any_tier}.pools[0].entries[0]: Unknown loot table called automaticons:wood_tier
[12:32:04] [Worker-Main-1/WARN]: Found loot table element validation problem in {minecraft:loot_table/nmr:automaticons/netherite_tier}.pools[0].entries[3]: Unknown loot table called automaticons:netherite/hoe
[12:32:04] [Worker-Main-1/WARN]: Found loot table element validation problem in {minecraft:loot_table/nmr:astral_plane_shrinkage}.pools[4].entries[0]->{nmr:automaticons/any_tier}.pools[0].entries[3]: Unknown loot table called automaticons:iron_tier
[12:32:04] [Worker-Main-1/WARN]: Found loot table element validation problem in {minecraft:loot_table/nmr:automaticons/iron_tier}.pools[0].entries[2]: Unknown loot table called automaticons:iron/pickaxe
[12:32:04] [Worker-Main-1/WARN]: Found loot table element validation problem in {minecraft:loot_table/nmr:automaticons/gold_tier}.pools[0].entries[0]: Unknown loot table called automaticons:gold/sword
[12:32:04] [Worker-Main-1/WARN]: Found loot table element validation problem in {minecraft:loot_table/nmr:automaticons/diamond_tier}.pools[0].entries[1]: Unknown loot table called automaticons:diamond/shovel
[12:32:04] [Worker-Main-1/WARN]: Found loot table element validation problem in {minecraft:loot_table/nmr:astral_plane_shrinkage}.pools[4].entries[0]->{nmr:automaticons/any_tier}.pools[0].entries[5]: Unknown loot table called automaticons:netherite_tier
[12:32:04] [Worker-Main-1/WARN]: Found loot table element validation problem in {minecraft:loot_table/nmr:automaticons/iron_tier}.pools[0].entries[0]: Unknown loot table called automaticons:iron/sword
[12:32:04] [Worker-Main-1/WARN]: Found loot table element validation problem in {minecraft:loot_table/nmr:automaticons/gold_tier}.pools[0].entries[2]: Unknown loot table called automaticons:gold/pickaxe
[12:32:04] [Worker-Main-1/WARN]: Found loot table element validation problem in {minecraft:loot_table/nmr:automaticons/diamond_tier}.pools[0].entries[3]: Unknown loot table called automaticons:diamond/hoe
[12:32:04] [Worker-Main-1/WARN]: Found loot table element validation problem in {minecraft:loot_table/nmr:automaticons/netherite_tier}.pools[0].entries[1]: Unknown loot table called automaticons:netherite/shovel
[12:32:04] [Worker-Main-1/WARN]: Found loot table element validation problem in {minecraft:loot_table/nmr:automaticons/wood_tier}.pools[0].entries[4]: Unknown loot table called automaticons:wood/axe
[12:32:04] [Worker-Main-1/WARN]: Found loot table element validation problem in {minecraft:loot_table/nmr:automaticons/iron_tier}.pools[0].entries[4]: Unknown loot table called automaticons:iron/axe
[12:32:04] [Worker-Main-1/WARN]: Found loot table element validation problem in {minecraft:loot_table/nmr:automaticons/wood_tier}.pools[0].entries[0]: Unknown loot table called automaticons:wood/sword
[12:32:04] [Worker-Main-1/WARN]: Found loot table element validation problem in {minecraft:loot_table/nmr:automaticons/wood_tier}.pools[0].entries[2]: Unknown loot table called automaticons:wood/pickaxe
[12:32:10] [Worker-Main-1/INFO]: Loaded 1386 recipes
[12:32:10] [Worker-Main-1/ERROR]: Failed to load function give:herobrine_boss/skull
java.util.concurrent.CompletionException: java.lang.IllegalArgumentException: Whilst parsing command on line 1: Malformed 'minecraft:attribute_modifiers' component: 'No key id in MapLike[{amount:1,name:"generic.knockback_resistance",operation:"add_value",slot:"head",type:"generic.knockback_resistance",uuid:[I;443693849,1380077211,-1837903087,-814153100]}]; No key id in MapLike[{amount:0.5d,name:"generic.movement_speed",operation:"add_multiplied_total",slot:"head",type:"generic.movement_speed",uuid:[I;1046326961,235294549,-2040065408,1340237547]}]; No key id in MapLike[{amount:1,name:"generic.armor",operation:"add_value",slot:"head",type:"generic.armor",uuid:[I;-1774144805,2047886850,-2115436711,1888549382]}]' at position 489: ...modifiers=<--[HERE]
	at java.base/java.util.concurrent.CompletableFuture.encodeThrowable(CompletableFuture.java:315) ~[?:?]
	at java.base/java.util.concurrent.CompletableFuture.completeThrowable(CompletableFuture.java:320) ~[?:?]
	at java.base/java.util.concurrent.CompletableFuture$AsyncSupply.run(CompletableFuture.java:1770) ~[?:?]
	at java.base/java.util.concurrent.ThreadPoolExecutor.runWorker(ThreadPoolExecutor.java:1144) ~[?:?]
	at java.base/java.util.concurrent.ThreadPoolExecutor$Worker.run(ThreadPoolExecutor.java:642) ~[?:?]
	at java.base/java.lang.Thread.run(Thread.java:1583) ~[?:?]
Caused by: java.lang.IllegalArgumentException: Whilst parsing command on line 1: Malformed 'minecraft:attribute_modifiers' component: 'No key id in MapLike[{amount:1,name:"generic.knockback_resistance",operation:"add_value",slot:"head",type:"generic.knockback_resistance",uuid:[I;443693849,1380077211,-1837903087,-814153100]}]; No key id in MapLike[{amount:0.5d,name:"generic.movement_speed",operation:"add_multiplied_total",slot:"head",type:"generic.movement_speed",uuid:[I;1046326961,235294549,-2040065408,1340237547]}]; No key id in MapLike[{amount:1,name:"generic.armor",operation:"add_value",slot:"head",type:"generic.armor",uuid:[I;-1774144805,2047886850,-2115436711,1888549382]}]' at position 489: ...modifiers=<--[HERE]
	at net.minecraft.commands.functions.CommandFunction.fromLines(CommandFunction.java:86) ~[paper-1.21.jar:1.21-27-76c2f16]
	at net.minecraft.server.ServerFunctionLibrary.lambda$reload$2(ServerFunctionLibrary.java:97) ~[paper-1.21.jar:1.21-27-76c2f16]
	at java.base/java.util.concurrent.CompletableFuture$AsyncSupply.run(CompletableFuture.java:1768) ~[?:?]
	... 3 more
[12:32:10] [Worker-Main-1/INFO]: Loaded 2569 advancements
[12:32:10] [Worker-Main-1/WARN]: Not all defined tags for registry ResourceKey[minecraft:root / minecraft:block] are present in data pack: thepa:tnt
[12:32:12] [Server thread/INFO]: [Shopkeepers] Disabling Shopkeepers v2.22.3
[12:32:12] [Server thread/INFO]: [Essentials] Disabling Essentials v2.21.2-dev+3-997f600
[12:32:12] [Server thread/INFO]: [MythicMobs] Disabling MythicMobs v5.9.0-${CI_COMMIT_SHORT_SHA}
[12:32:12] [Server thread/INFO]: [MythicMobs] ------------------------------------------------------------
[12:32:12] [Server thread/INFO]: [MythicMobs] - 
[12:32:12] [Server thread/INFO]: [MythicMobs] - Unloading Mythic...
[12:32:12] [Server thread/INFO]: [MythicMobs] - 
[12:32:12] [Server thread/INFO]: [MythicMobs] ------------------------------------------------------------
[12:32:12] [Server thread/INFO]: [MythicMobs] - Spawners saved and unloaded...
[12:32:12] [Server thread/INFO]: [MythicMobs] - Mobs saved and unloaded...
[12:32:12] [Server thread/INFO]: [MythicMobs] Saving plugin data...
[12:32:12] [Server thread/INFO]: [MythicMobs] ✓Saving Finished
[12:32:12] [Server thread/INFO]: [MythicMobs] - Variables saved...
[12:32:12] [Server thread/INFO]: [MythicMobs] - All active settings have been saved!
[12:32:12] [Server thread/INFO]: [MythicMobs] - Mythic has been unloaded!
[12:32:12] [Server thread/INFO]: [MythicMobs] ------------------------------------------------------------
[12:32:12] [Server thread/INFO]: [MythicMobs] Saving plugin data...
[12:32:12] [Server thread/INFO]: [MythicMobs] ✓Saving Finished
[12:32:12] [Server thread/INFO]: [LuckPerms] Disabling LuckPerms v5.4.131
[12:32:12] [Server thread/INFO]: [LuckPerms] Starting shutdown process...
[12:32:12] [Server thread/INFO]: [LuckPerms] Closing storage...
[12:32:12] [Server thread/INFO]: [LuckPerms] Goodbye!
[12:32:12] [Server thread/INFO]: [Skript] Disabling Skript v2.11.2
[12:32:12] [Server thread/INFO]: [WorldGuard] Disabling WorldGuard v7.0.12+829a4a4
[12:32:12] [Server thread/INFO]: [WorldGuard] Shutting down executor and cancelling any pending tasks...
[12:32:12] [Server thread/INFO]: [WorldEdit] Disabling WorldEdit v7.3.5+6880-8ba3d89
[12:32:12] [Server thread/INFO]: Unregistering com.sk89q.worldedit.bukkit.BukkitServerInterface from WorldEdit
[12:32:12] [Server thread/INFO]: Saving players
[12:32:13] [Server thread/INFO]: Saving worlds
[12:32:13] [Server thread/INFO]: Saving chunks for level 'ServerLevel[world]'/minecraft:overworld
[12:32:13] [Server thread/INFO]: [ChunkHolderManager] Waiting 60s for chunk system to halt for world 'world'
[12:32:13] [Server thread/INFO]: [ChunkHolderManager] Halted chunk system for world 'world'
[12:32:13] [Server thread/INFO]: [ChunkHolderManager] Saving all chunkholders for world 'world'
[12:32:13] [Server thread/INFO]: [ChunkHolderManager] Saved 0 block chunks, 119 entity chunks, 0 poi chunks in world 'world' in 0.19s
[12:32:13] [Server thread/INFO]: Saving chunks for level 'ServerLevel[world_nether]'/minecraft:the_nether
[12:32:13] [Server thread/INFO]: [ChunkHolderManager] Waiting 60s for chunk system to halt for world 'world_nether'
[12:32:13] [Server thread/INFO]: [ChunkHolderManager] Halted chunk system for world 'world_nether'
[12:32:13] [Server thread/INFO]: [ChunkHolderManager] Saving all chunkholders for world 'world_nether'
[12:32:13] [Server thread/INFO]: [ChunkHolderManager] Saved 0 block chunks, 16 entity chunks, 0 poi chunks in world 'world_nether' in 0.04s
[12:32:13] [Server thread/INFO]: Saving chunks for level 'ServerLevel[world_the_end]'/minecraft:the_end
[12:32:13] [Server thread/INFO]: [ChunkHolderManager] Waiting 60s for chunk system to halt for world 'world_the_end'
[12:32:13] [Server thread/INFO]: [ChunkHolderManager] Halted chunk system for world 'world_the_end'
[12:32:13] [Server thread/INFO]: [ChunkHolderManager] Saving all chunkholders for world 'world_the_end'
[12:32:13] [Server thread/INFO]: [ChunkHolderManager] Saved 0 block chunks, 0 entity chunks, 0 poi chunks in world 'world_the_end' in 0.02s
[12:32:13] [Server thread/INFO]: Saving chunks for level 'ServerLevel[world_nmr_astral_plane]'/nmr:astral_plane
[12:32:13] [Server thread/INFO]: [ChunkHolderManager] Waiting 60s for chunk system to halt for world 'world_nmr_astral_plane'
[12:32:13] [Server thread/INFO]: [ChunkHolderManager] Halted chunk system for world 'world_nmr_astral_plane'
[12:32:13] [Server thread/INFO]: [ChunkHolderManager] Saving all chunkholders for world 'world_nmr_astral_plane'
[12:32:13] [Server thread/INFO]: [ChunkHolderManager] Saved 0 block chunks, 0 entity chunks, 0 poi chunks in world 'world_nmr_astral_plane' in 0.01s
[12:32:14] [Server thread/INFO]: ThreadedAnvilChunkStorage (world): All chunks are saved
[12:32:14] [Server thread/INFO]: ThreadedAnvilChunkStorage (DIM-1): All chunks are saved
[12:32:14] [Server thread/INFO]: ThreadedAnvilChunkStorage (DIM1): All chunks are saved
[12:32:14] [Server thread/INFO]: ThreadedAnvilChunkStorage (astral_plane): All chunks are saved
[12:32:14] [Server thread/INFO]: ThreadedAnvilChunkStorage: All dimensions are saved
